Vehicle_ID,Engine_Temperature,Vibration,Battery_Voltage,Engine_Load,RPM,Oil_Quality_Index,Mileage_km,Vehicle_Age_Years,Failure_Status
V1000,88.97,0.723,13.3,23.4,2439.0,98.4,5587.0,13.35,0
V1001,96.14,3.648,10.71,36.4,1798.0,49.5,215671.0,5.87,1
V1002,90.18,1.686,13.14,12.9,2465.0,75.6,145051.0,2.03,0
V1003,97.18,3.597,12.62,76.9,2350.0,47.5,52891.0,2.29,0
V1004,83.13,4.337,14.41,33.3,1717.0,48.0,62924.0,0.63,0
V1005,83.13,0.963,14.1,21.2,2140.0,74.2,6813.0,1.45,0
V1006,107.33,5.165,10.08,72.9,1418.0,67.1,40700.0,2.36,1
V1007,91.14,4.219,12.31,85.9,2268.0,100.0,7548.0,1.21,0
V1008,81.24,7.629,13.28,11.8,2032.0,71.2,21395.0,9.9,0
V1009,89.34,2.316,12.36,31.0,3248.0,92.0,19064.0,0.1,0
V1010,81.29,2.412,13.11,95.1,2494.0,75.8,42832.0,3.54,0
V1011,89.35,7.239,11.2,44.7,1723.0,57.0,3737.0,5.91,1
V1012,86.94,1.547,12.98,94.5,1717.0,48.6,4915.0,5.27,0
V1013,69.69,2.186,13.61,34.7,2519.0,54.5,42365.0,4.13,0
V1014,71.2,0.239,14.08,29.6,2640.0,79.9,45492.0,2.11,0
V1015,80.5,1.221,13.24,29.3,3129.0,99.0,18690.0,10.03,0
V1016,76.9,2.884,12.27,17.7,2778.0,61.3,7148.0,1.6,0
V1017,87.51,0.913,13.09,90.7,2439.0,87.6,97752.0,5.55,0
V1018,94.98,7.038,10.91,98.2,2912.0,72.3,2448.0,10.45,1
V1019,73.7,0.356,14.2,95.9,2237.0,59.0,56864.0,0.55,0
V1020,96.73,3.559,13.42,86.7,2215.0,80.3,6789.0,11.76,0
V1021,83.19,3.552,13.24,86.2,1594.0,98.9,45647.0,5.99,0
V1022,99.72,8.701,12.14,69.5,2954.0,73.9,49033.0,3.83,1
V1023,73.6,1.498,12.98,84.4,2266.0,87.4,73393.0,1.87,0
V1024,80.64,2.003,13.75,28.8,2151.0,79.6,22616.0,9.38,0
V1025,99.96,8.485,10.65,44.9,1803.0,79.7,992.0,0.18,1
V1026,75.79,4.982,13.58,67.7,2813.0,63.0,74982.0,2.26,0
V1027,104.45,5.987,11.83,88.7,2693.0,82.4,26420.0,5.65,1
V1028,80.19,2.577,12.51,69.4,1749.0,53.1,84506.0,6.67,0
V1029,82.67,5.341,13.2,85.5,2455.0,80.4,67322.0,0.9,0
V1030,94.37,12.073,10.74,52.7,2598.0,95.6,31039.0,0.2,1
V1031,99.82,3.077,12.36,74.6,1577.0,100.0,300000.0,6.5,0
V1032,92.85,5.393,11.12,98.2,2521.0,59.4,27902.0,2.19,1
V1033,76.54,3.341,12.45,23.8,2420.0,81.6,53658.0,0.62,0
V1034,,5.36,11.1,93.4,2512.0,64.4,49863.0,0.36,1
V1035,92.01,3.082,12.03,57.0,3193.0,77.1,32848.0,4.09,1
V1036,86.67,3.667,12.78,67.9,3681.0,100.0,39614.0,3.5,0
V1037,69.32,1.324,14.16,89.0,2818.0,88.2,72113.0,7.7,0
V1038,74.37,3.033,13.62,46.9,2330.0,65.2,38148.0,0.13,0
V1039,86.57,0.455,13.27,47.7,2519.0,64.4,26915.0,8.11,0
V1040,100.74,9.267,11.41,57.4,2417.0,75.3,48823.0,8.73,1
V1041,156.36,4.266,11.56,11.7,3376.0,76.3,1627.0,2.36,1
V1042,84.07,0.562,13.66,54.7,2269.0,77.0,5203.0,0.32,0
V1043,82.59,4.868,13.55,36.2,1993.0,52.7,6031.0,11.73,0
V1044,86.66,8.91,11.46,93.5,2474.0,100.0,24962.0,0.3,1
V1045,79.24,2.538,12.82,17.9,3244.0,100.0,92429.0,3.57,0
V1046,94.37,5.517,11.05,51.3,1716.0,82.2,46388.0,2.72,1
V1047,108.11,4.507,10.31,95.3,1864.0,61.9,161905.0,7.21,1
V1048,100.0,3.077,12.08,91.1,1836.0,65.6,1834.0,2.79,1
V1049,70.9,1.938,12.09,73.1,1601.0,60.9,57607.0,2.53,0
V1050,105.58,5.362,10.64,63.0,1724.0,59.5,16973.0,8.5,1
V1051,,0.931,12.75,35.3,2670.0,65.5,1060.0,13.3,0
V1052,79.58,0.7,13.13,43.0,2310.0,81.3,78673.0,3.19,0
V1053,89.89,2.139,13.7,18.1,1553.0,76.9,7990.0,2.43,0
V1054,93.25,2.383,13.81,80.7,2543.0,97.9,10840.0,7.11,0
V1055,101.51,4.173,11.82,39.1,2373.0,52.2,18730.0,7.11,1
V1056,78.29,1.221,12.54,70.1,2676.0,61.8,69878.0,1.54,0
V1057,82.53,2.379,12.99,42.2,1898.0,45.0,44088.0,3.43,0
V1058,87.65,0.909,12.48,51.8,1586.0,77.2,13846.0,0.67,0
V1059,105.31,6.915,10.58,60.0,2540.0,99.0,8303.0,4.04,1
V1060,81.17,2.947,13.29,82.2,2613.0,67.9,5221.0,7.18,0
V1061,83.51,1.072,12.42,29.0,1648.0,95.5,7304.0,0.83,0
V1062,88.53,5.824,11.44,45.9,2319.0,85.4,91172.0,1.56,1
V1063,75.43,0.93,12.36,21.7,1892.0,88.0,115193.0,2.38,0
V1064,98.66,6.143,11.43,16.8,2686.0,83.8,154832.0,7.46,1
V1065,95.85,0.963,12.78,64.4,2531.0,100.0,81008.0,5.26,0
V1066,84.42,1.828,11.67,27.0,2809.0,72.0,98272.0,1.52,0
V1067,93.03,2.238,13.98,15.4,1779.0,85.3,76202.0,1.11,0
V1068,101.86,6.67,13.18,90.7,1855.0,100.0,142714.0,4.76,1
V1069,79.84,1.021,11.79,58.1,2015.0,59.7,84084.0,2.61,0
V1070,87.89,0.983,13.44,22.1,1935.0,71.8,27896.0,3.6,0
V1071,112.03,0.453,13.04,14.8,2384.0,83.6,17571.0,4.18,1
V1072,84.71,6.516,12.89,20.8,1661.0,62.1,39491.0,3.27,0
V1073,107.69,3.29,11.09,52.4,2961.0,61.5,42163.0,3.8,1
V1074,77.47,7.416,11.71,70.2,3072.0,100.0,38496.0,8.74,1
V1075,91.58,1.239,13.31,67.7,2755.0,62.8,55199.0,8.11,0
V1076,85.7,1.34,13.62,23.0,2450.0,69.5,54026.0,0.65,0
V1077,82.61,1.93,12.29,67.0,2138.0,78.2,4105.0,3.53,0
V1078,85.73,1.974,12.58,46.4,2294.0,81.4,15129.0,2.31,0
V1079,69.1,3.256,13.06,51.8,1822.0,66.8,99270.0,1.34,0
V1080,83.24,2.1,13.19,82.1,2279.0,71.9,40126.0,3.99,0
V1081,87.86,,13.24,39.9,2368.0,60.0,17923.0,2.86,0
V1082,108.21,9.576,10.97,23.2,1787.0,66.7,85508.0,5.96,1
V1083,80.85,0.92,12.47,88.6,3011.0,85.4,12888.0,0.39,0
V1084,78.53,1.026,13.59,29.1,2158.0,88.6,23682.0,1.44,0
V1085,80.99,0.932,12.27,36.5,1686.0,90.3,14549.0,0.1,0
V1086,106.51,6.95,11.06,73.6,2097.0,74.9,92280.0,5.48,1
V1087,97.47,4.512,11.41,71.5,1899.0,72.0,58636.0,9.74,1
V1088,80.76,1.764,13.29,82.0,1780.0,55.4,27747.0,3.54,0
V1089,89.11,0.888,12.82,26.5,2986.0,69.7,121171.0,3.84,0
V1090,85.78,2.231,13.45,41.7,2205.0,77.6,118053.0,0.19,0
V1091,92.75,3.677,13.75,21.3,2715.0,91.3,55942.0,2.8,0
V1092,100.8,8.259,10.49,58.7,2406.0,46.0,100150.0,2.99,1
V1093,82.38,1.194,13.23,36.3,2438.0,69.9,57186.0,0.16,0
V1094,94.24,,11.83,72.0,2193.0,,44524.0,6.1,1
V1095,73.29,2.759,12.8,10.0,1984.0,50.9,24574.0,1.3,0
V1096,93.78,3.572,9.9,15.4,2850.0,94.8,14376.0,5.14,1
V1097,87.09,0.573,13.21,48.9,2527.0,55.5,2797.0,2.06,0
V1098,85.04,1.766,13.28,96.2,2110.0,76.6,72621.0,20.0,0
V1099,83.12,0.65,13.65,90.2,2697.0,90.4,5863.0,0.95,0
V1100,95.22,5.634,11.28,99.5,2955.0,68.0,23770.0,0.24,1
V1101,81.63,1.563,12.6,47.5,2383.0,56.6,12033.0,15.63,0
V1102,82.26,1.907,12.45,14.2,2976.0,76.8,27283.0,1.12,0
V1103,78.58,1.05,11.2,37.5,1961.0,98.4,17024.0,4.04,0
V1104,100.85,5.911,10.38,70.8,1750.0,89.9,79657.0,1.88,1
V1105,88.23,4.707,14.66,22.2,2029.0,71.3,172119.0,4.08,0
V1106,115.93,6.538,12.17,37.0,2221.0,66.6,127785.0,3.63,1
V1107,103.39,3.467,10.23,15.1,2978.0,92.3,43823.0,4.91,1
V1108,87.06,0.1,12.69,52.7,2010.0,53.1,174442.0,0.1,0
V1109,84.4,1.777,12.69,28.8,2392.0,89.1,23041.0,7.24,0
V1110,69.65,1.572,13.84,18.2,2750.0,67.0,33262.0,2.61,0
V1111,94.7,5.662,13.73,47.0,2434.0,52.7,13359.0,2.93,1
V1112,85.48,1.261,13.05,41.6,1953.0,48.5,102718.0,2.12,0
V1113,115.25,3.208,12.65,58.4,1561.0,99.5,8914.0,18.18,1
V1114,96.59,12.302,11.66,77.4,2809.0,72.0,42429.0,6.47,1
V1115,100.12,8.323,10.87,20.1,1674.0,61.6,72302.0,1.49,1
V1116,,1.443,13.17,81.2,2011.0,74.3,40718.0,6.11,0
V1117,75.65,2.207,13.03,12.4,2217.0,66.4,3692.0,2.3,0
V1118,,3.944,13.29,49.9,2832.0,66.9,42540.0,8.16,0
V1119,91.02,2.201,11.8,62.9,2699.0,67.6,65568.0,0.13,0
V1120,91.33,1.349,12.71,96.1,2274.0,75.1,9362.0,1.76,0
V1121,77.72,0.583,12.29,61.7,2806.0,86.4,60094.0,2.25,0
V1122,111.94,2.745,11.65,24.3,2916.0,52.1,94882.0,5.45,1
V1123,73.79,0.66,12.53,56.6,1962.0,95.3,193590.0,0.81,0
V1124,89.69,4.493,12.06,45.6,2003.0,60.8,23748.0,1.35,0
V1125,102.52,1.95,11.93,53.1,2575.0,78.8,1147.0,5.15,0
V1126,77.08,2.92,13.27,27.7,3048.0,74.1,24441.0,0.32,0
V1127,96.25,4.483,11.38,55.1,1853.0,62.9,48577.0,0.9,1
V1128,85.8,3.58,12.92,23.5,1279.0,92.0,99889.0,5.6,0
V1129,80.97,1.172,13.95,77.0,2525.0,63.1,125205.0,8.33,0
V1130,72.59,2.486,13.23,63.5,2882.0,96.3,108146.0,5.22,0
V1131,85.55,1.488,12.69,17.1,2265.0,85.0,48277.0,3.0,0
V1132,76.5,1.676,12.29,90.1,3517.0,63.8,51631.0,0.42,0
V1133,88.79,3.909,13.26,65.5,1781.0,57.0,500.0,7.02,0
V1134,77.64,1.043,12.92,38.4,1829.0,91.0,20346.0,0.53,0
V1135,109.34,6.12,12.31,14.1,1822.0,57.9,106813.0,1.95,1
V1136,78.73,4.856,11.57,66.9,2244.0,73.0,52648.0,0.21,0
V1137,82.42,3.812,13.68,43.6,2255.0,85.5,28393.0,4.95,0
V1138,104.34,3.116,10.75,91.7,1815.0,82.0,4954.0,2.8,1
V1139,75.15,2.875,12.71,13.1,2762.0,72.0,12725.0,9.53,0
V1140,86.82,0.356,13.83,13.5,2334.0,64.1,36428.0,0.6,0
V1141,113.85,7.447,10.12,95.4,1683.0,85.8,102506.0,6.84,1
V1142,72.14,9.502,12.95,96.8,2507.0,46.8,4532.0,2.86,0
V1143,86.48,2.505,12.84,12.5,1990.0,78.9,7513.0,1.82,0
V1144,103.79,7.319,10.93,74.4,2251.0,55.5,47890.0,4.13,1
V1145,91.25,0.556,13.21,29.9,2644.0,61.8,15676.0,6.25,0
V1146,75.1,0.813,13.01,73.1,2700.0,80.5,8369.0,2.32,0
V1147,74.44,1.529,12.2,88.2,2658.0,63.8,8845.0,1.06,0
V1148,89.18,1.765,13.06,19.1,2225.0,92.4,30532.0,9.9,0
V1149,87.38,2.517,12.99,31.5,1713.0,85.6,39440.0,1.5,0
V1150,103.4,2.549,11.77,12.2,2041.0,64.5,105617.0,20.0,1
V1151,101.1,2.996,12.83,13.9,2212.0,71.6,33959.0,5.83,1
V1152,79.56,3.904,13.8,12.7,2973.0,58.4,52888.0,4.66,0
V1153,97.04,6.294,13.05,82.1,1937.0,82.1,8968.0,0.1,1
V1154,87.34,1.49,13.21,36.8,2301.0,98.5,56245.0,2.38,0
V1155,79.29,3.383,14.07,54.4,1584.0,57.1,47074.0,2.79,0
V1156,111.68,,10.5,80.9,2370.0,77.8,10961.0,1.89,1
V1157,88.79,2.134,12.78,54.5,2177.0,79.9,49805.0,0.65,0
V1158,75.47,3.767,12.65,48.6,2135.0,56.2,10693.0,1.83,0
V1159,98.81,3.789,10.96,11.0,2623.0,59.9,40516.0,0.31,1
V1160,77.2,0.651,13.02,61.1,1857.0,47.9,49733.0,1.38,0
V1161,91.3,2.089,13.12,21.2,2900.0,83.4,53192.0,0.35,0
V1162,94.27,3.79,13.26,78.8,1820.0,69.6,107992.0,5.58,0
V1163,78.43,4.03,14.05,33.2,2883.0,64.1,132902.0,4.45,0
V1164,106.17,0.654,9.86,70.7,1402.0,100.0,74780.0,11.25,1
V1165,105.73,5.2,11.51,68.2,2353.0,48.0,94945.0,1.91,1
V1166,91.58,1.649,11.53,65.5,2505.0,94.3,878.0,6.17,0
V1167,110.84,5.879,10.97,34.0,2020.0,42.7,20271.0,3.54,1
V1168,83.04,0.664,12.73,34.0,2339.0,67.2,1824.0,4.16,0
V1169,78.97,3.247,12.58,87.7,2018.0,49.5,11461.0,3.17,0
V1170,85.21,2.185,10.51,11.2,2424.0,62.7,21637.0,6.04,1
V1171,78.47,1.223,13.05,26.3,2325.0,66.9,90978.0,0.17,0
V1172,88.93,6.774,11.51,64.9,3308.0,64.4,32262.0,0.34,1
V1173,98.75,4.819,11.43,83.5,1511.0,78.8,47096.0,0.4,1
V1174,87.21,0.246,13.09,42.3,2300.0,88.2,20281.0,1.36,0
V1175,97.91,6.174,10.81,68.8,1990.0,73.3,41562.0,3.58,1
V1176,97.24,5.042,11.55,60.1,2262.0,79.9,76064.0,4.15,1
V1177,96.63,2.045,12.9,15.8,2132.0,98.4,16130.0,4.99,0
V1178,82.88,0.629,12.79,66.0,2026.0,64.5,121141.0,1.32,0
V1179,119.91,6.651,12.02,83.3,1938.0,88.6,10797.0,4.2,1
V1180,103.49,10.904,10.35,99.3,2557.0,100.0,113266.0,0.5,1
V1181,78.14,1.287,13.73,12.7,2013.0,100.0,1292.0,0.1,0
V1182,76.43,4.584,13.47,69.4,2189.0,99.4,35214.0,4.75,0
V1183,105.71,4.446,10.29,47.3,2293.0,85.9,189508.0,5.03,1
V1184,83.21,1.331,12.32,10.9,1838.0,92.3,42347.0,3.89,0
V1185,90.71,0.513,12.39,65.3,2505.0,67.7,36422.0,1.2,0
V1186,88.79,5.025,12.15,21.0,1721.0,73.8,51623.0,10.49,0
V1187,84.42,2.177,11.98,44.1,2447.0,72.0,15368.0,8.34,0
V1188,78.23,1.389,12.13,33.5,2401.0,65.0,2494.0,2.9,0
V1189,72.88,1.585,11.41,42.5,2133.0,77.2,13010.0,18.09,0
V1190,81.43,3.273,12.78,54.3,1653.0,67.1,8725.0,1.42,0
V1191,98.73,,12.37,42.3,2203.0,75.9,115712.0,2.7,1
V1192,86.71,0.881,13.77,59.7,1684.0,54.3,86054.0,10.52,0
V1193,75.03,1.829,13.59,31.5,2144.0,67.0,17204.0,2.48,0
V1194,98.72,4.202,10.58,67.2,2594.0,94.7,81374.0,2.55,1
V1195,88.08,1.755,12.85,86.8,2192.0,77.9,10707.0,0.33,0
V1196,77.93,1.402,13.66,30.2,2827.0,95.0,10018.0,0.95,0
V1197,97.36,6.979,11.22,55.7,2348.0,65.9,65656.0,0.69,1
V1198,,13.648,11.79,68.4,2587.0,71.3,17816.0,3.33,1
V1199,84.16,2.83,11.09,60.8,2558.0,78.2,3014.0,1.53,1
V1200,107.66,0.936,11.52,42.9,2904.0,72.1,57281.0,0.32,1
V1201,89.49,1.657,13.05,67.8,1547.0,54.1,205474.0,2.85,0
V1202,93.66,0.233,12.79,12.5,1939.0,83.5,37560.0,4.43,0
V1203,93.43,0.46,13.64,43.3,2214.0,60.2,13773.0,5.34,0
V1204,73.98,1.306,12.48,57.9,2600.0,74.8,21000.0,7.27,0
V1205,77.5,3.256,13.07,11.9,2284.0,43.0,47069.0,2.63,0
V1206,89.12,1.642,14.07,55.7,2197.0,65.3,54386.0,1.98,0
V1207,89.11,0.134,13.19,68.9,2715.0,73.1,97851.0,4.61,0
V1208,101.88,4.972,11.14,78.3,2031.0,83.4,107779.0,0.1,1
V1209,126.44,4.767,11.31,20.2,2008.0,56.5,88888.0,4.02,1
V1210,89.57,1.746,14.46,99.2,2460.0,61.6,47048.0,2.08,0
V1211,94.08,4.23,13.02,64.6,3397.0,100.0,26891.0,2.41,0
V1212,98.41,8.716,12.34,42.7,2190.0,100.0,51177.0,1.41,1
V1213,90.21,2.114,13.0,32.4,1877.0,82.7,49424.0,0.54,0
V1214,95.01,10.662,11.5,61.6,1917.0,94.2,11065.0,2.05,1
V1215,91.07,1.303,12.95,89.4,2017.0,,31877.0,1.47,0
V1216,78.82,1.81,12.39,56.9,2863.0,84.8,10506.0,12.89,0
V1217,83.11,1.962,13.22,69.5,2017.0,84.0,103224.0,11.5,0
V1218,81.12,0.507,12.27,42.2,2352.0,60.9,17570.0,4.13,0
V1219,85.65,1.994,12.81,44.9,2154.0,77.9,73662.0,9.36,0
V1220,103.52,0.41,14.15,35.8,1543.0,70.6,21311.0,5.57,0
V1221,70.06,1.137,12.96,73.5,2036.0,80.5,64926.0,1.7,0
V1222,90.49,2.187,12.45,42.3,963.0,67.0,11233.0,3.7,0
V1223,72.1,0.596,13.14,27.2,2288.0,53.2,64928.0,1.0,0
V1224,81.22,2.556,12.67,43.2,2445.0,75.3,8905.0,4.65,0
V1225,113.69,3.439,11.85,86.8,1777.0,87.5,30373.0,0.18,1
V1226,85.51,,12.29,76.4,1929.0,87.5,5428.0,7.12,0
V1227,91.72,7.33,11.91,40.1,1530.0,48.4,33775.0,3.5,1
V1228,79.28,1.875,13.07,91.6,1092.0,77.7,77345.0,0.24,0
V1229,102.68,3.97,11.59,16.7,1447.0,85.3,63393.0,8.22,1
V1230,79.16,2.761,13.22,14.5,2526.0,77.1,2342.0,8.41,0
V1231,86.73,1.852,14.16,21.5,2043.0,88.0,30493.0,7.66,0
V1232,97.35,3.939,11.0,20.5,2305.0,53.8,86043.0,5.95,1
V1233,79.79,1.121,13.45,17.9,3220.0,57.8,47255.0,4.53,0
V1234,107.6,5.979,11.55,69.5,2699.0,83.8,2746.0,2.02,1
V1235,90.07,1.666,13.24,64.1,2470.0,69.8,17729.0,0.59,0
V1236,68.8,4.773,13.54,68.3,1958.0,92.6,36596.0,1.36,0
V1237,86.49,2.221,12.83,72.0,2980.0,79.6,8529.0,1.71,0
V1238,79.71,1.263,13.09,78.1,2818.0,,51545.0,1.77,0
V1239,91.82,2.898,,28.6,2647.0,60.8,45335.0,3.33,0
V1240,78.66,4.913,12.49,66.0,2198.0,46.8,10179.0,0.93,0
V1241,84.08,1.361,13.28,62.2,1738.0,85.3,35973.0,0.84,0
V1242,89.04,1.176,12.78,94.9,2959.0,73.2,75142.0,5.05,0
V1243,91.93,0.1,14.1,30.9,2635.0,88.7,21138.0,0.1,0
V1244,75.4,2.217,12.7,15.3,2098.0,78.9,12765.0,0.65,0
V1245,82.32,1.536,12.21,68.8,2062.0,76.7,54362.0,2.28,0
V1246,81.2,2.889,13.67,76.6,1589.0,87.2,3305.0,0.65,0
V1247,79.77,2.934,12.55,35.5,2580.0,73.5,80451.0,12.86,0
V1248,99.12,0.531,12.27,61.4,2285.0,70.0,129275.0,4.44,0
V1249,88.24,3.747,13.23,15.4,2399.0,75.0,150585.0,2.27,0
V1250,74.91,1.033,13.8,96.4,2665.0,87.6,25496.0,0.48,0
V1251,100.23,4.08,12.08,19.9,2561.0,60.9,43922.0,1.95,1
V1252,109.2,3.785,10.31,16.1,1763.0,88.9,87636.0,4.21,1
V1253,93.26,0.735,13.08,14.0,2211.0,76.0,11379.0,13.87,0
V1254,83.59,4.684,11.6,48.5,2406.0,69.2,1264.0,2.56,1
V1255,81.13,0.671,14.0,18.7,2444.0,77.7,21844.0,4.72,0
V1256,112.27,5.775,10.75,77.0,1405.0,92.6,97082.0,0.87,1
V1257,79.34,1.466,13.06,90.9,1697.0,92.5,31650.0,3.91,0
V1258,88.55,0.608,13.1,33.4,2529.0,80.9,33997.0,1.09,0
V1259,91.2,0.652,12.3,66.6,2521.0,84.4,52918.0,0.88,0
V1260,77.58,3.534,12.88,13.8,3005.0,75.6,38454.0,2.85,0
V1261,87.49,2.45,11.29,44.8,1425.0,66.2,2521.0,0.95,1
V1262,65.74,1.749,12.21,36.4,2649.0,81.7,37032.0,5.11,1
V1263,76.8,2.059,13.12,30.6,2388.0,68.3,46980.0,11.08,0
V1264,82.98,1.551,12.77,68.0,1675.0,59.6,46174.0,2.0,0
V1265,75.02,0.294,12.91,21.7,1316.0,68.7,58645.0,1.56,0
V1266,98.06,3.114,12.96,87.5,2670.0,50.4,33021.0,0.77,0
V1267,73.56,1.645,12.98,69.8,1708.0,56.4,103643.0,1.98,0
V1268,94.59,5.584,12.24,74.0,1543.0,100.0,28085.0,3.28,1
V1269,86.05,3.278,13.59,94.2,2427.0,91.9,32859.0,1.87,0
V1270,114.59,1.096,10.15,94.8,2195.0,71.4,68198.0,3.9,1
V1271,,3.299,13.64,59.6,2487.0,82.8,80603.0,4.34,0
V1272,106.29,9.709,12.36,54.6,2415.0,60.7,47032.0,0.41,1
V1273,85.08,2.69,12.97,40.2,3873.0,84.9,6080.0,4.79,0
V1274,88.6,8.183,11.45,74.4,2562.0,78.9,18153.0,9.22,1
V1275,102.97,8.774,12.26,58.4,2530.0,64.4,916.0,0.11,1
V1276,86.59,3.214,12.79,94.0,1759.0,70.2,15759.0,3.21,0
V1277,80.2,3.977,13.33,31.5,2981.0,69.1,38004.0,3.7,0
V1278,85.56,4.447,13.39,37.9,1947.0,87.8,73617.0,4.95,0
V1279,94.1,108.49499999999999,12.48,38.4,1745.0,73.8,39647.0,1.95,1
V1280,97.44,5.366,11.19,82.5,2094.0,51.3,1832.0,6.83,1
V1281,90.3,4.146,14.28,18.9,2420.0,68.3,13495.0,3.11,0
V1282,97.69,1.626,13.54,51.0,1969.0,63.3,38830.0,2.1,0
V1283,86.35,6.123,11.9,48.5,1762.0,52.8,55557.0,5.08,1
V1284,102.06,2.862,14.15,16.6,1751.0,63.6,90599.0,10.49,0
V1285,,2.679,12.35,47.0,2303.0,42.6,154395.0,6.69,1
V1286,98.71,8.055,12.26,56.2,2480.0,61.0,100064.0,10.68,1
V1287,89.71,1.037,13.1,15.9,2521.0,77.9,28343.0,1.24,0
V1288,87.25,1.562,13.5,55.9,1422.0,81.8,61834.0,0.5,0
V1289,99.27,8.375,12.45,96.3,1785.0,82.6,12381.0,3.06,1
V1290,83.34,2.232,13.64,98.1,2666.0,89.4,2968.0,0.18,0
V1291,81.06,1.508,12.09,57.9,1988.0,92.8,2549.0,4.49,0
V1292,80.29,1.886,12.75,56.4,2301.0,59.6,12427.0,1.1,0
V1293,107.04,3.483,12.08,35.7,3513.0,54.4,1722.0,2.42,1
V1294,87.86,3.529,13.3,99.7,1073.0,75.6,85452.0,4.26,0
V1295,95.73,5.501,12.1,34.7,2135.0,83.2,30294.0,2.64,1
V1296,103.7,4.469,11.26,50.8,2554.0,62.5,74947.0,1.08,1
V1297,87.46,3.038,12.34,10.3,1709.0,79.0,126527.0,8.49,0
V1298,91.5,2.801,13.47,41.4,2133.0,100.0,229534.0,5.78,0
V1299,90.04,1.115,13.22,16.4,1600.0,55.0,124525.0,3.68,0
V1300,78.37,3.559,13.05,76.9,2489.0,75.1,56733.0,4.8,0
V1301,80.52,1.302,12.89,60.5,1864.0,90.6,26251.0,2.15,0
V1302,90.98,0.797,13.14,61.5,1985.0,72.0,41007.0,1.89,0
V1303,107.77,3.289,10.95,35.8,2648.0,81.2,76298.0,0.7,1
V1304,84.83,1.737,12.81,83.3,2478.0,88.7,102529.0,6.51,0
V1305,98.19,3.953,12.56,10.3,2687.0,70.5,141042.0,1.92,1
V1306,112.37,4.276,10.44,40.0,3079.0,59.1,59021.0,4.71,1
V1307,87.04,,10.22,69.4,2237.0,73.5,34939.0,1.43,1
V1308,99.93,5.979,11.95,91.7,3258.0,58.6,155417.0,6.36,1
V1309,99.42,1.995,11.01,31.1,2297.0,66.7,143328.0,0.44,1
V1310,83.26,0.519,11.8,58.7,2859.0,81.6,29215.0,3.92,0
V1311,93.79,1.837,13.61,58.4,2186.0,77.7,47070.0,6.59,0
V1312,91.6,,13.76,88.7,2620.0,90.0,74560.0,4.32,0
V1313,91.51,1.567,12.22,14.5,1987.0,78.5,25539.0,4.76,0
V1314,112.97,7.934,9.7,48.2,2870.0,63.3,79574.0,2.99,1
V1315,85.17,1.966,12.27,26.4,2776.0,60.0,5318.0,3.28,0
V1316,101.89,5.255,10.35,11.9,2093.0,84.4,29526.0,0.27,1
V1317,82.52,2.358,14.15,23.2,2278.0,78.6,29653.0,1.16,0
V1318,105.51,9.015,10.14,97.9,1728.0,,51934.0,5.12,1
V1319,83.96,7.496,13.5,29.3,2665.0,80.1,5569.0,11.63,0
V1320,96.77,4.305,12.52,94.2,2620.0,64.4,4902.0,3.12,1
V1321,89.76,2.256,13.79,28.5,1584.0,38.3,103885.0,5.17,0
V1322,78.45,4.379,12.62,93.8,3286.0,90.6,16292.0,4.6,0
V1323,114.57,2.941,11.46,68.9,2399.0,84.7,17815.0,20.0,1
V1324,76.95,0.31,12.87,20.2,2084.0,73.7,67498.0,6.34,0
V1325,75.29,1.586,13.32,62.4,2799.0,61.5,24119.0,3.95,0
V1326,94.26,2.404,13.73,38.7,1939.0,71.8,80519.0,0.49,0
V1327,91.33,5.626,14.31,44.5,2853.0,49.1,23097.0,1.8,0
V1328,89.99,2.165,12.77,49.6,1612.0,76.7,64333.0,1.15,0
V1329,90.03,0.923,13.08,48.0,2089.0,46.0,33529.0,7.69,0
V1330,84.9,2.447,13.52,69.8,2156.0,76.6,123579.0,2.36,0
V1331,90.96,7.724,11.72,79.2,1928.0,64.4,17846.0,3.07,1
V1332,85.61,1.183,14.03,39.6,1832.0,72.8,20273.0,13.39,0
V1333,90.53,3.714,10.56,93.2,1957.0,57.9,157775.0,7.25,1
V1334,92.8,1.198,12.76,94.5,1934.0,97.6,60192.0,6.24,0
V1335,83.82,0.594,13.83,13.7,1965.0,80.4,66641.0,0.61,0
V1336,78.4,2.092,13.18,11.3,2917.0,64.7,15792.0,0.1,0
V1337,93.64,3.44,11.83,48.3,2417.0,72.3,34172.0,0.54,1
V1338,100.7,3.555,11.63,63.2,2156.0,99.1,16929.0,5.39,1
V1339,80.49,0.99,13.56,35.0,2582.0,60.8,13542.0,2.12,0
V1340,78.42,2.305,12.48,33.3,2152.0,58.3,34481.0,0.5,0
V1341,100.89,4.889,10.82,71.1,1803.0,57.7,198139.0,5.37,1
V1342,,3.892,11.41,64.2,1397.0,64.8,10872.0,0.87,0
V1343,80.94,3.44,12.62,25.0,2694.0,97.4,12499.0,3.56,0
V1344,81.23,1.997,13.56,89.6,1087.0,66.6,12535.0,5.41,0
V1345,86.86,,13.03,71.2,1446.0,68.7,70595.0,3.75,0
V1346,83.71,4.292,9.71,42.6,2452.0,78.0,32145.0,20.0,1
V1347,73.74,0.115,13.86,71.5,2191.0,74.5,21859.0,2.28,0
V1348,79.25,2.314,13.08,20.1,2930.0,89.5,83545.0,1.49,0
V1349,83.29,,14.02,52.1,1878.0,87.3,15889.0,0.9,0
V1350,87.49,0.209,,25.2,2585.0,79.9,22407.0,2.8,0
V1351,96.8,2.636,13.11,13.7,2112.0,71.6,3441.0,7.66,0
V1352,91.86,5.208,14.1,40.4,2475.0,89.4,5697.0,11.74,0
V1353,83.72,0.422,12.78,23.6,2285.0,63.2,6616.0,14.31,0
V1354,84.85,2.795,12.34,67.0,2452.0,62.2,19176.0,3.03,0
V1355,76.98,1.45,,70.7,2307.0,68.9,33413.0,3.72,0
V1356,84.85,1.036,13.36,23.4,2347.0,92.4,500.0,3.48,0
V1357,82.69,1.038,13.84,12.2,1656.0,62.4,9479.0,2.51,0
V1358,100.66,4.603,12.18,81.4,2238.0,66.0,8692.0,0.66,1
V1359,78.38,1.446,13.99,10.2,2501.0,77.6,13147.0,0.27,0
V1360,89.15,1.936,12.69,41.0,2174.0,74.2,8173.0,2.3,0
V1361,110.48,4.015,10.86,54.5,2149.0,69.3,9768.0,0.82,1
V1362,84.13,1.132,12.88,83.7,1259.0,82.0,185747.0,8.71,0
V1363,88.21,2.985,12.89,85.5,2967.0,67.9,40644.0,5.74,0
V1364,90.52,0.872,12.06,75.2,1516.0,90.8,64728.0,3.85,0
V1365,81.79,2.426,13.1,32.2,1891.0,78.6,77002.0,0.19,0
V1366,86.79,1.512,13.47,74.8,1806.0,90.2,49575.0,3.89,0
V1367,85.1,1.269,12.59,32.2,2348.0,63.1,54795.0,3.88,0
V1368,85.78,6.341,12.45,29.3,2371.0,72.8,45020.0,2.31,0
V1369,93.16,4.902,11.32,59.2,2530.0,46.5,47162.0,4.29,1
V1370,92.3,6.276,12.17,71.1,2552.0,95.1,118681.0,7.81,1
V1371,98.77,,10.23,14.8,3062.0,100.0,9246.0,5.68,1
V1372,96.61,1.174,14.4,15.4,2047.0,70.7,14455.0,2.57,0
V1373,107.57,6.516,11.24,80.6,1784.0,80.6,4405.0,1.22,1
V1374,102.23,0.1,12.66,87.4,2083.0,76.7,81720.0,2.6,0
V1375,78.86,1.079,13.68,64.4,1647.0,55.6,26801.0,11.67,0
V1376,91.98,0.883,13.58,48.6,2027.0,93.7,106933.0,6.86,0
V1377,86.47,2.659,13.53,86.1,1424.0,70.9,23871.0,0.11,0
V1378,118.57,5.992,11.21,75.6,1782.0,44.3,26302.0,6.11,1
V1379,78.53,2.628,12.7,62.2,1356.0,64.3,26768.0,0.75,0
V1380,86.84,4.937,9.91,38.8,2804.0,54.1,42661.0,3.39,1
V1381,80.2,3.829,12.81,27.8,2256.0,76.8,65383.0,6.57,0
V1382,68.01,3.461,13.23,47.7,3140.0,76.7,19475.0,3.3,0
V1383,80.79,1.149,12.48,35.8,2755.0,92.8,44761.0,2.07,0
V1384,78.93,1.263,11.95,40.5,2805.0,100.0,10265.0,1.55,0
V1385,86.2,3.325,13.7,56.4,2130.0,100.0,36339.0,1.46,0
V1386,103.13,4.076,11.43,25.2,2445.0,59.6,35593.0,7.27,1
V1387,100.01,,13.45,82.6,1752.0,84.3,98805.0,6.97,0
V1388,102.91,5.62,10.66,23.1,1934.0,87.0,101784.0,6.93,1
V1389,101.09,2.077,11.09,53.3,2207.0,67.1,30055.0,1.33,1
V1390,77.81,1.105,14.4,77.1,1330.0,79.3,1121.0,6.42,0
V1391,109.09,6.1,10.47,53.7,1947.0,81.0,83785.0,0.15,1
V1392,74.44,1.097,12.53,42.5,2596.0,67.7,500.0,0.92,0
V1393,99.65,1.654,12.46,52.7,1955.0,94.2,29276.0,2.89,0
V1394,94.44,2.813,14.26,86.4,1832.0,78.5,899.0,2.09,0
V1395,81.25,3.976,12.99,99.1,2008.0,72.4,19565.0,0.47,0
V1396,84.37,7.113,12.74,66.8,2574.0,56.6,45572.0,0.17,1
V1397,109.36,8.791,9.8,81.4,2380.0,92.3,20877.0,3.78,1
V1398,84.08,1.781,13.22,11.3,2087.0,76.1,117711.0,1.5,0
V1399,103.82,2.871,11.47,89.2,2209.0,76.2,46070.0,0.1,1
V1400,72.24,0.685,13.83,95.9,2629.0,62.3,46787.0,2.25,0
V1401,80.2,5.228,13.4,61.8,2854.0,88.4,21110.0,1.47,0
V1402,99.64,4.767,10.83,77.8,1963.0,58.0,1769.0,3.44,1
V1403,97.47,8.15,12.59,56.1,2159.0,41.9,60304.0,10.63,1
V1404,91.21,5.264,11.82,35.8,2822.0,64.4,56684.0,1.47,1
V1405,107.76,8.089,12.74,86.7,2461.0,80.2,33988.0,20.0,1
V1406,93.19,4.35,11.11,63.7,1499.0,80.1,24224.0,0.36,1
V1407,83.86,3.016,12.83,62.1,1753.0,77.1,34779.0,0.37,0
V1408,103.2,8.978,11.95,69.3,1769.0,72.4,61814.0,4.99,1
V1409,89.12,1.322,12.75,87.0,1992.0,77.4,56139.0,5.52,0
V1410,105.39,6.528,11.91,75.9,2385.0,100.0,48297.0,2.2,1
V1411,76.0,0.779,12.64,29.0,3143.0,78.7,105349.0,1.35,0
V1412,90.12,9.426,12.12,52.0,2159.0,68.7,42360.0,6.32,1
V1413,95.22,2.237,14.29,98.2,2530.0,73.4,658.0,12.52,0
V1414,87.66,1.12,13.19,59.9,2767.0,71.9,43313.0,18.38,0
V1415,79.01,3.539,12.74,94.4,2943.0,76.0,42669.0,4.03,0
V1416,97.41,2.56,,83.2,2767.0,61.3,3248.0,5.39,0
V1417,85.93,0.348,12.94,69.9,1827.0,87.0,25116.0,6.91,0
V1418,94.43,1.451,13.45,41.4,1475.0,79.5,47383.0,6.42,0
V1419,85.54,0.815,13.08,37.4,1886.0,63.2,54859.0,20.0,0
V1420,101.49,0.885,12.97,67.9,2284.0,90.3,100593.0,6.65,0
V1421,99.04,,13.26,48.9,1828.0,46.5,82856.0,4.35,0
V1422,83.01,2.915,13.24,81.9,1387.0,100.0,5577.0,1.89,0
V1423,92.77,3.73,13.42,78.4,1592.0,100.0,42232.0,3.65,0
V1424,90.16,1.032,13.44,38.1,3703.0,100.0,40839.0,8.49,0
V1425,95.95,,12.95,73.2,2090.0,67.6,16292.0,1.46,0
V1426,77.28,7.205,12.92,54.5,3100.0,78.6,9156.0,0.12,0
V1427,90.49,2.255,13.0,39.1,2083.0,65.7,10014.0,1.59,0
V1428,101.24,6.164,12.04,47.2,2596.0,81.5,8796.0,12.9,1
V1429,70.93,1.712,13.67,90.6,2128.0,75.3,73857.0,6.32,0
V1430,75.53,0.184,12.8,42.4,2204.0,68.1,7228.0,0.83,0
V1431,68.69,2.712,12.9,35.9,2589.0,67.9,13818.0,0.1,0
V1432,82.84,5.802,12.51,41.7,1999.0,76.2,11053.0,4.42,0
V1433,90.74,1.175,12.1,29.3,1603.0,100.0,56150.0,3.46,0
V1434,97.02,0.156,12.26,59.0,1797.0,94.6,7760.0,0.35,0
V1435,85.59,0.681,12.4,23.3,1795.0,76.3,1096.0,13.53,0
V1436,,3.678,12.6,83.6,2242.0,72.3,21094.0,3.85,0
V1437,73.96,2.545,13.28,30.3,1252.0,84.3,16379.0,4.22,0
V1438,71.37,4.5,12.36,63.8,2353.0,65.8,22815.0,7.69,0
V1439,84.56,2.014,13.01,21.3,2833.0,71.6,63075.0,1.64,0
V1440,88.07,3.259,13.5,98.1,1946.0,45.7,560.0,3.27,0
V1441,84.74,1.416,12.5,50.9,1873.0,76.4,1730.0,3.43,0
V1442,68.46,0.735,12.7,84.0,3184.0,76.7,13286.0,13.69,0
V1443,88.09,5.317,10.08,79.2,2936.0,66.8,99005.0,0.56,1
V1444,74.56,3.72,12.43,74.2,2414.0,81.8,8335.0,5.69,0
V1445,90.36,1.199,13.82,84.5,1826.0,76.9,261984.0,3.42,0
V1446,87.93,5.458,13.3,19.0,2492.0,67.0,73724.0,7.47,0
V1447,77.48,5.559,14.29,71.1,1696.0,87.3,27408.0,7.13,0
V1448,80.89,0.861,12.56,33.9,1539.0,72.3,62000.0,0.1,0
V1449,76.53,0.898,13.91,80.7,2426.0,59.3,32918.0,1.19,0
V1450,93.89,4.637,11.53,96.1,1961.0,48.6,37561.0,0.8,1
V1451,96.72,6.263,11.56,91.1,1188.0,96.5,39120.0,2.48,1
V1452,77.11,1.473,14.63,20.3,2493.0,76.9,47078.0,9.43,0
V1453,104.89,,11.33,43.3,2930.0,76.3,2821.0,0.1,1
V1454,80.76,0.963,13.95,42.8,2530.0,74.3,43128.0,2.68,0
V1455,78.66,0.19,12.98,21.0,1951.0,93.3,56796.0,8.64,0
V1456,84.14,0.239,12.35,18.8,1130.0,77.1,16745.0,10.43,0
V1457,76.72,0.471,12.14,44.6,2273.0,98.2,172952.0,4.28,0
V1458,80.57,6.945,13.06,99.3,1872.0,77.2,7020.0,7.08,0
V1459,75.42,6.399,12.33,61.2,1749.0,34.9,108579.0,1.57,0
V1460,100.72,3.4,12.82,66.0,1227.0,94.0,50778.0,1.35,0
V1461,85.28,1.21,11.86,52.4,3139.0,79.7,49121.0,0.2,0
V1462,89.29,2.948,,69.6,1651.0,67.4,93945.0,2.8,1
V1463,86.71,1.981,12.07,96.1,1289.0,71.1,80198.0,2.43,0
V1464,84.1,2.766,12.96,63.0,3047.0,70.4,19070.0,1.86,0
V1465,83.23,1.048,12.17,15.9,2216.0,56.4,54992.0,0.48,0
V1466,89.91,2.66,13.74,54.4,2138.0,88.2,2337.0,1.05,0
V1467,100.58,4.204,10.81,99.3,2355.0,68.3,28064.0,0.91,1
V1468,80.76,1.231,12.83,44.9,2418.0,62.0,124967.0,11.53,0
V1469,80.39,1.626,13.34,63.4,2307.0,100.0,14415.0,13.58,0
V1470,82.8,6.525,13.22,19.6,1447.0,57.7,2307.0,0.1,0
V1471,66.58,0.95,12.25,22.7,1408.0,73.7,39354.0,0.75,0
V1472,82.03,6.218,10.28,88.7,1836.0,40.5,19740.0,8.79,1
V1473,95.93,0.822,13.47,37.0,1945.0,93.8,21489.0,0.16,0
V1474,98.16,0.718,12.93,37.5,2020.0,,39302.0,11.49,0
V1475,85.09,4.571,10.5,44.8,2314.0,87.3,43730.0,1.91,1
V1476,89.61,2.035,13.49,97.0,2060.0,60.9,25877.0,3.09,0
V1477,102.07,9.233,11.74,17.6,1860.0,50.8,31876.0,5.77,1
V1478,121.21,2.53,10.69,83.7,2397.0,63.8,224958.0,1.12,1
V1479,110.81,5.778,10.96,40.7,2557.0,95.2,141750.0,0.42,1
V1480,96.52,8.069,10.49,86.5,1796.0,83.7,55290.0,6.64,1
V1481,77.36,2.425,12.52,99.3,1516.0,50.8,7925.0,16.7,0
V1482,72.15,4.221,13.2,41.4,2290.0,38.7,20080.0,4.3,0
V1483,86.63,0.993,13.93,21.6,1990.0,70.2,96585.0,6.98,0
V1484,87.71,3.955,10.53,23.0,2618.0,91.4,24790.0,11.34,1
V1485,,3.221,12.8,78.3,1707.0,63.6,139918.0,1.04,0
V1486,79.83,0.555,12.9,23.0,1597.0,91.1,30151.0,1.73,0
V1487,76.35,0.906,13.28,33.4,1883.0,76.9,89047.0,0.99,0
V1488,98.5,1.569,13.59,28.4,2460.0,100.0,1621.0,0.26,0
V1489,100.95,2.594,11.57,42.0,2024.0,64.8,25625.0,5.27,1
V1490,84.94,1.721,12.62,16.7,2156.0,74.1,54218.0,0.63,0
V1491,107.34,3.327,12.06,87.1,1952.0,65.2,89636.0,0.39,1
V1492,95.23,8.285,10.13,87.4,2708.0,89.8,42330.0,1.77,1
V1493,92.68,7.344,9.88,47.2,2442.0,83.9,8562.0,0.25,1
V1494,109.38,16.248,13.75,65.1,1439.0,49.5,97639.0,0.79,1
V1495,89.31,0.625,12.52,67.8,2651.0,85.4,38485.0,0.29,0
V1496,76.7,2.781,12.75,77.4,2495.0,,5144.0,8.39,0
V1497,83.48,1.079,,56.9,2742.0,61.3,28050.0,6.05,0
V1498,89.91,3.963,11.4,55.9,1936.0,86.2,54021.0,7.85,1
V1499,89.94,7.455,11.54,66.8,1730.0,56.2,26986.0,8.11,1
V1500,92.41,2.086,13.56,73.3,2159.0,69.4,92084.0,11.57,0
V1501,100.28,1.483,12.13,41.2,2282.0,86.4,24800.0,0.83,0
V1502,73.81,2.479,13.76,39.7,2793.0,81.2,39409.0,9.21,0
V1503,89.5,0.942,13.31,34.3,2518.0,80.4,10674.0,2.98,0
V1504,79.79,0.913,13.23,59.4,2275.0,86.9,32348.0,0.73,0
V1505,81.1,1.114,13.25,42.4,2136.0,94.6,11346.0,4.27,0
V1506,80.26,4.398,,58.6,2208.0,56.4,11481.0,1.58,0
V1507,78.09,4.155,12.87,46.5,2003.0,80.0,14777.0,0.19,0
V1508,85.39,0.596,12.42,85.3,2539.0,89.5,2034.0,0.33,0
V1509,78.35,6.124,12.33,16.6,1474.0,86.5,8024.0,2.2,0
V1510,87.16,1.952,12.71,61.5,2204.0,72.6,24852.0,7.01,0
V1511,93.48,4.066,12.44,61.8,2722.0,71.7,6322.0,1.49,1
V1512,93.02,3.177,10.9,44.5,1632.0,87.4,6442.0,5.81,1
V1513,93.57,4.312,11.68,47.9,3172.0,78.2,154795.0,0.23,1
V1514,80.39,0.71,12.73,82.0,1661.0,91.4,25067.0,2.0,0
V1515,91.04,1.016,13.23,35.3,1948.0,76.6,23268.0,0.55,0
V1516,89.01,3.634,12.88,88.4,2713.0,69.4,14023.0,7.97,0
V1517,77.18,3.694,13.57,90.7,2926.0,48.5,32326.0,13.76,0
V1518,85.79,2.841,13.42,68.6,2379.0,71.5,40793.0,1.58,0
V1519,91.01,1.406,13.1,79.6,2366.0,56.5,24372.0,17.99,0
V1520,71.64,0.586,12.52,65.2,3094.0,47.6,22525.0,5.58,0
V1521,89.35,4.766,13.16,57.3,1516.0,62.0,54243.0,0.1,0
V1522,95.25,6.307,11.67,97.0,1338.0,85.5,134607.0,2.66,1
V1523,89.56,0.29,13.07,35.4,1238.0,71.4,94602.0,7.19,0
V1524,81.14,6.149,10.95,23.9,1774.0,77.7,5682.0,3.05,1
V1525,70.56,1.483,,35.9,1842.0,85.1,47540.0,3.19,0
V1526,71.98,3.298,13.19,65.3,2390.0,74.5,500.0,2.37,0
V1527,85.38,0.481,12.49,26.7,2704.0,64.7,45119.0,2.01,0
V1528,87.08,1.133,12.85,91.8,2654.0,68.3,28093.0,0.11,0
V1529,77.77,2.15,13.35,47.0,2640.0,86.6,30399.0,3.89,0
V1530,97.02,10.029,11.27,86.5,1721.0,74.6,39906.0,5.82,1
V1531,84.29,4.171,11.4,32.4,2392.0,36.8,61080.0,6.25,1
V1532,84.47,4.277,13.18,38.2,1833.0,69.7,58830.0,3.92,0
V1533,75.31,2.382,14.22,15.3,2500.0,83.0,2047.0,1.67,0
V1534,79.79,2.318,13.41,33.2,2221.0,77.7,60016.0,0.1,0
V1535,94.72,4.739,10.21,54.1,2642.0,59.7,79689.0,9.04,1
V1536,87.75,4.546,11.9,95.2,3388.0,63.8,3177.0,2.24,1
V1537,89.46,8.149,13.24,45.0,2184.0,45.8,17550.0,3.68,1
V1538,93.05,0.761,13.52,67.6,1648.0,83.2,70674.0,0.87,0
V1539,80.38,1.921,11.96,48.5,1384.0,84.3,30575.0,0.61,0
V1540,91.69,6.665,13.37,14.2,1752.0,73.0,53419.0,0.36,0
V1541,75.96,4.4,13.81,55.3,2733.0,69.7,31401.0,6.41,0
V1542,89.24,2.54,11.76,15.9,2442.0,58.8,172209.0,4.16,0
V1543,96.53,3.989,13.56,89.5,2315.0,80.0,123835.0,3.88,0
V1544,65.23,5.522,12.88,77.8,2391.0,50.4,14854.0,10.07,0
V1545,78.62,0.244,13.79,44.1,2560.0,86.7,21941.0,0.69,0
V1546,89.62,1.601,12.96,67.6,1421.0,83.7,25402.0,0.75,0
V1547,83.38,1.129,13.21,20.1,2693.0,92.5,4952.0,0.84,0
V1548,87.97,0.519,13.22,73.2,2395.0,75.8,23294.0,2.2,0
V1549,80.17,7.303,13.43,84.0,1480.0,67.2,67094.0,8.29,0
V1550,85.69,3.056,13.27,84.0,2368.0,81.5,84449.0,8.53,0
V1551,83.75,3.892,12.46,35.6,1549.0,86.7,97772.0,3.57,0
V1552,94.34,1.173,12.84,33.7,2455.0,57.6,660.0,4.29,0
V1553,100.66,2.46,11.39,56.9,2260.0,74.0,69974.0,9.12,1
V1554,87.7,1.992,13.74,97.1,1695.0,79.0,31429.0,3.91,0
V1555,88.83,6.768,11.52,92.8,2407.0,82.2,10389.0,1.04,1
V1556,81.1,3.48,12.61,42.4,2605.0,69.7,31079.0,4.88,0
V1557,96.03,4.573,11.4,80.2,1913.0,84.5,83681.0,5.88,1
V1558,102.1,4.875,12.68,92.9,2591.0,,25632.0,4.04,1
V1559,81.63,5.668,12.72,33.5,2061.0,,209357.0,1.28,0
V1560,87.32,4.915,13.45,84.7,2637.0,65.6,43150.0,2.04,0
V1561,176.45999999999998,4.959,,34.1,2152.0,81.1,30280.0,2.54,1
V1562,91.97,2.05,13.88,40.9,2787.0,66.7,15723.0,0.63,0
V1563,82.39,1.558,12.56,27.9,1743.0,76.5,500.0,2.41,0
V1564,,4.351,12.54,55.6,1758.0,58.8,42436.0,0.7,1
V1565,96.03,6.728,11.94,85.9,1806.0,91.1,38770.0,2.77,1
V1566,68.7,2.087,12.74,57.5,2263.0,62.7,32731.0,0.21,0
V1567,76.94,1.256,12.47,21.1,2124.0,76.2,34720.0,11.87,0
V1568,70.03,2.051,14.16,32.7,2343.0,74.0,83468.0,1.13,0
V1569,94.33,4.801,10.8,60.7,1618.0,64.5,17148.0,2.52,1
V1570,85.15,0.713,13.18,62.5,1841.0,36.8,35958.0,0.13,0
V1571,98.41,0.544,13.21,61.9,2835.0,90.9,51267.0,0.86,0
V1572,,1.284,13.01,16.9,2386.0,77.2,10597.0,4.73,0
V1573,83.25,5.66,13.47,77.8,2512.0,48.9,116454.0,0.47,0
V1574,91.64,4.558,12.44,91.8,2072.0,46.3,60123.0,3.96,0
V1575,67.31,0.42,14.16,55.9,2347.0,70.2,2465.0,0.1,0
V1576,86.88,0.875,12.51,74.7,1963.0,73.8,90147.0,2.5,0
V1577,91.17,3.438,12.91,92.3,1275.0,71.8,119583.0,5.11,0
V1578,73.17,1.425,12.14,67.8,2718.0,96.7,71023.0,10.43,0
V1579,,2.802,13.63,70.7,2291.0,50.0,24998.0,2.72,0
V1580,87.71,0.447,14.13,74.9,1834.0,78.2,233139.0,7.34,0
V1581,81.68,2.019,14.2,33.4,2201.0,84.7,5980.0,6.49,0
V1582,90.06,1.86,13.68,62.4,1967.0,84.4,34613.0,1.4,0
V1583,113.93,6.171,12.25,85.8,2949.0,88.4,8406.0,8.31,1
V1584,,2.684,13.0,36.7,2536.0,76.8,26040.0,4.09,0
V1585,86.99,2.23,12.81,90.7,1626.0,78.7,118041.0,0.44,0
V1586,94.62,1.374,10.51,65.8,1558.0,70.1,71152.0,11.19,1
V1587,86.17,8.645,10.98,48.1,2325.0,52.4,68564.0,0.78,1
V1588,105.4,4.922,12.3,66.1,2267.0,79.9,19653.0,2.54,1
V1589,78.15,1.088,12.48,46.2,2459.0,69.0,122499.0,2.51,0
V1590,85.57,2.187,11.63,85.4,2128.0,63.8,20668.0,3.93,0
V1591,81.18,1.462,12.25,53.4,1876.0,80.6,1836.0,4.37,0
V1592,88.83,1.698,13.49,91.1,2455.0,81.9,45700.0,1.06,0
V1593,87.67,4.51,11.97,55.9,2497.0,64.4,20269.0,1.74,0
V1594,93.3,0.871,12.72,69.4,2829.0,78.8,7511.0,0.62,0
V1595,99.88,4.892,10.66,99.8,2567.0,73.8,122765.0,0.54,1
V1596,82.84,4.641,13.15,23.2,1782.0,77.8,45631.0,6.97,0
V1597,77.17,2.996,13.14,76.3,2328.0,93.8,127003.0,5.56,0
V1598,81.45,1.767,13.24,22.5,2057.0,81.6,39358.0,2.34,0
V1599,88.02,1.019,12.91,85.5,1727.0,,2970.0,0.4,0
V1600,105.37,1.721,10.5,63.7,1306.0,61.7,1368.0,2.39,1
V1601,151.93,3.074,12.98,94.4,3324.0,63.8,103870.0,1.4,1
V1602,91.96,2.083,11.94,87.9,1921.0,82.2,1777.0,6.02,0
V1603,103.7,5.444,11.78,16.7,2137.0,51.2,42974.0,0.41,1
V1604,106.96,4.19,13.02,22.4,2310.0,69.7,15920.0,2.4,1
V1605,111.51,5.021,12.74,64.1,2256.0,63.6,52365.0,3.58,1
V1606,88.73,12.232,11.64,56.6,939.0,72.9,15079.0,17.0,1
V1607,75.04,1.903,12.66,25.2,2117.0,71.8,1707.0,0.38,0
V1608,70.77,1.678,13.03,21.6,3086.0,77.0,59060.0,0.48,0
V1609,96.97,1.809,12.99,60.8,2094.0,82.0,16757.0,17.71,0
V1610,100.29,2.461,12.5,14.4,3018.0,89.5,36013.0,2.08,1
V1611,84.56,1.573,13.31,88.6,2216.0,90.6,66898.0,5.45,0
V1612,87.24,0.251,12.79,82.6,2024.0,71.4,54604.0,6.12,0
V1613,76.0,1.777,12.94,80.7,2272.0,66.1,19286.0,1.51,0
V1614,104.57,2.264,13.56,11.4,2219.0,63.2,61994.0,0.96,0
V1615,86.03,4.805,12.24,14.3,2208.0,70.2,116972.0,1.29,0
V1616,85.88,0.861,12.86,59.5,1909.0,60.2,42369.0,5.78,0
V1617,105.35,7.89,11.96,99.5,1518.0,82.0,54708.0,7.34,1
V1618,88.85,1.486,12.36,40.8,2481.0,90.4,90415.0,4.81,0
V1619,86.79,0.96,10.88,41.0,2247.0,52.1,83502.0,2.33,0
V1620,78.68,3.265,13.87,22.1,3032.0,75.1,19496.0,1.22,0
V1621,88.77,1.347,12.99,70.7,2183.0,98.3,215621.0,2.22,0
V1622,112.71,3.394,11.05,68.2,1443.0,52.8,1304.0,9.84,1
V1623,95.76,2.036,13.55,19.1,2361.0,97.2,194425.0,7.96,0
V1624,97.75,3.133,12.88,52.1,2238.0,62.1,12706.0,1.56,0
V1625,92.21,5.868,11.42,70.0,1985.0,65.9,26127.0,1.59,1
V1626,137.07999999999998,1.728,13.22,54.4,2509.0,84.3,96817.0,6.06,0
V1627,83.99,1.454,13.03,70.7,2449.0,82.6,12607.0,2.22,0
V1628,99.58,6.204,11.18,83.5,1602.0,73.4,11457.0,3.4,1
V1629,93.75,1.288,12.54,71.7,1966.0,63.5,46365.0,2.19,0
V1630,82.37,5.597,11.34,65.5,2747.0,56.3,55004.0,1.11,1
V1631,97.24,2.054,13.44,86.8,1710.0,73.9,500.0,0.84,0
V1632,83.74,0.363,12.25,91.1,2114.0,71.8,26939.0,0.6,0
V1633,81.58,2.519,12.52,45.0,2314.0,63.1,30222.0,0.1,0
V1634,82.37,7.092,11.34,25.6,1623.0,71.2,14275.0,1.32,1
V1635,71.76,4.951,13.88,83.6,2151.0,78.8,35545.0,0.75,0
V1636,91.59,1.061,13.08,29.2,2134.0,91.0,7556.0,1.19,0
V1637,104.47,2.821,11.85,93.6,2038.0,77.9,17594.0,0.32,1
V1638,74.68,3.208,13.06,12.1,1435.0,72.4,56210.0,1.67,0
V1639,74.64,4.409,13.54,92.9,2200.0,62.6,93140.0,2.94,0
V1640,82.31,1.024,14.16,63.0,1891.0,63.8,40054.0,11.57,0
V1641,98.35,2.452,12.74,79.7,2733.0,78.2,3501.0,1.71,0
V1642,82.92,1.913,13.01,45.9,2408.0,79.1,51099.0,0.13,0
V1643,72.97,1.056,13.1,99.3,1811.0,71.7,102548.0,1.8,0
V1644,83.03,1.826,13.32,30.5,2002.0,88.6,31582.0,6.8,0
V1645,82.82,4.196,13.08,33.8,2263.0,75.9,30627.0,1.66,0
V1646,,2.06,12.67,14.6,2001.0,67.7,214091.0,1.38,0
V1647,98.09,6.724,11.12,94.6,1442.0,65.2,45514.0,10.05,1
V1648,83.15,3.088,14.46,51.0,2346.0,64.2,73802.0,1.41,0
V1649,90.57,4.46,13.19,70.7,2463.0,82.2,46793.0,14.06,0
V1650,109.58,4.632,9.57,71.9,2570.0,65.7,11234.0,7.15,1
V1651,107.98,5.501,,88.7,2669.0,76.6,15038.0,4.61,1
V1652,82.85,1.494,13.01,69.8,1786.0,62.3,49308.0,3.65,0
V1653,89.89,4.92,10.78,60.6,2592.0,72.5,27402.0,1.02,1
V1654,105.59,3.264,12.96,73.9,1629.0,74.2,23314.0,5.24,0
V1655,85.47,1.593,13.17,77.6,2379.0,100.0,1022.0,1.71,0
V1656,85.11,1.876,13.31,26.7,1846.0,55.4,97081.0,2.66,0
V1657,98.33,7.018,11.75,19.9,2409.0,87.1,97131.0,0.44,1
V1658,99.75,6.779,11.93,16.7,1446.0,63.5,27809.0,1.4,1
V1659,94.23,3.256,10.49,43.7,2471.0,95.2,54290.0,3.01,1
V1660,80.41,2.224,12.85,54.8,1807.0,64.5,8811.0,2.52,0
V1661,80.63,2.102,13.26,65.4,2441.0,90.5,31536.0,1.68,0
V1662,84.74,0.332,,96.2,2386.0,78.3,26001.0,2.55,0
V1663,80.65,2.253,,39.8,2393.0,55.0,48100.0,5.46,0
V1664,79.3,0.607,12.68,78.5,2224.0,78.0,28539.0,2.46,0
V1665,85.85,4.375,12.49,57.8,1616.0,82.7,31051.0,2.82,0
V1666,82.96,0.593,13.59,29.8,2945.0,83.8,15776.0,4.83,0
V1667,108.62,4.65,8.59,65.4,2135.0,71.4,2234.0,7.37,1
V1668,63.79,1.217,12.23,97.0,2134.0,100.0,112015.0,2.99,0
V1669,103.92,8.859,12.11,21.2,2892.0,100.0,554.0,11.84,1
V1670,105.53,6.851,11.06,55.7,1756.0,80.1,14866.0,1.74,1
V1671,68.41,0.141,12.05,14.6,2176.0,55.3,26708.0,1.16,0
V1672,82.26,1.981,13.38,38.9,2285.0,60.0,17295.0,4.72,0
V1673,82.03,0.718,13.11,65.9,2084.0,71.0,36125.0,0.77,0
V1674,73.74,2.259,13.31,85.7,2337.0,73.6,27863.0,9.21,0
V1675,78.78,3.211,13.04,75.7,1909.0,62.6,13275.0,1.95,0
V1676,76.12,2.404,13.26,51.7,2166.0,66.8,4146.0,4.79,0
V1677,107.92,7.155,11.91,91.8,2266.0,45.2,6658.0,3.38,1
V1678,92.49,1.628,13.28,37.2,2884.0,42.6,29977.0,0.22,0
V1679,102.47,3.693,11.29,77.9,3028.0,75.2,84170.0,4.94,1
V1680,90.77,3.267,12.95,52.7,2285.0,98.9,4773.0,6.24,0
V1681,75.97,1.388,12.95,90.9,2800.0,51.7,50883.0,16.18,0
V1682,80.8,0.947,13.14,81.8,1837.0,71.8,70679.0,2.15,0
V1683,98.05,3.521,11.97,91.1,3326.0,74.7,14581.0,2.8,1
V1684,85.88,1.946,12.69,29.3,2078.0,80.6,49650.0,8.31,1
V1685,90.7,2.023,13.32,70.1,2184.0,67.3,52221.0,1.25,0
V1686,83.08,2.568,13.23,76.5,2466.0,58.5,55363.0,0.84,0
V1687,82.0,1.062,13.73,76.8,2626.0,,99660.0,0.57,0
V1688,104.11,5.643,11.27,55.4,2114.0,45.7,22877.0,15.31,1
V1689,88.55,6.351,12.36,11.0,1196.0,80.7,12569.0,1.26,0
V1690,82.11,1.224,12.56,33.5,2528.0,62.9,35322.0,5.67,0
V1691,94.27,,14.1,39.1,1745.0,78.7,2907.0,2.39,0
V1692,87.26,10.424,10.51,86.7,2587.0,92.4,18286.0,1.1,1
V1693,89.93,2.018,13.34,85.7,2576.0,64.7,96638.0,9.78,0
V1694,89.74,1.781,12.41,19.4,2296.0,69.5,34173.0,2.49,0
V1695,95.83,3.96,11.59,95.5,2652.0,68.7,25825.0,3.34,1
V1696,102.43,4.364,10.32,26.4,1955.0,100.0,13897.0,1.01,1
V1697,74.99,2.124,13.05,47.3,2887.0,73.1,12968.0,1.57,0
V1698,92.39,2.297,12.86,29.4,2281.0,72.4,12149.0,5.51,0
V1699,92.49,2.654,12.17,87.4,2107.0,73.7,79536.0,1.68,1
V1700,80.82,3.755,13.1,77.4,2771.0,95.3,189048.0,2.82,0
V1701,93.39,1.67,13.55,41.8,1867.0,65.4,34438.0,0.49,0
V1702,89.08,3.599,12.64,71.4,1148.0,86.9,3744.0,7.59,1
V1703,88.72,3.29,,26.6,1576.0,63.6,62571.0,5.35,1
V1704,72.55,1.024,13.39,44.4,2918.0,62.6,94321.0,5.72,0
V1705,89.85,4.956,13.42,43.9,2325.0,80.6,120463.0,0.78,0
V1706,74.76,6.857,12.76,31.4,2285.0,93.2,44593.0,2.73,0
V1707,100.94,5.216,11.17,88.9,2655.0,69.3,31815.0,0.11,1
V1708,68.34,4.171,13.93,71.1,2348.0,69.1,43604.0,1.51,0
V1709,98.57,,13.42,35.2,2062.0,84.5,587.0,1.71,0
V1710,86.69,0.1,13.24,31.8,1981.0,74.8,47944.0,9.8,0
V1711,84.23,1.161,12.52,11.6,1612.0,85.2,55650.0,19.73,0
V1712,80.64,2.195,11.93,41.2,1667.0,50.6,57611.0,3.85,0
V1713,98.54,1.524,11.4,57.4,2287.0,59.4,37259.0,2.91,1
V1714,84.7,1.084,12.73,35.0,2122.0,,54185.0,2.32,0
V1715,93.83,4.289,12.81,73.0,2444.0,81.8,45829.0,0.1,0
V1716,98.03,2.043,11.89,47.1,2157.0,,5524.0,6.44,1
V1717,94.69,4.916,12.39,38.5,1668.0,76.2,102887.0,4.46,1
V1718,82.09,4.037,13.67,94.5,2323.0,84.1,43865.0,4.19,0
V1719,87.99,6.958,11.18,33.7,2293.0,56.3,58554.0,6.62,1
V1720,102.17,3.376,11.64,45.8,2209.0,84.1,18896.0,10.53,1
V1721,71.32,0.84,12.71,44.4,2279.0,90.8,113232.0,1.97,0
V1722,74.21,2.367,11.9,31.7,3183.0,69.9,31428.0,2.22,0
V1723,108.37,3.94,12.05,29.6,1604.0,62.1,51135.0,14.78,1
V1724,86.37,0.879,13.76,37.2,1721.0,88.3,136816.0,4.37,0
V1725,83.53,4.611,12.8,87.8,1349.0,,111507.0,7.62,0
V1726,97.93,6.059,11.79,79.0,2246.0,77.2,46578.0,1.0,1
V1727,87.78,1.823,12.6,71.3,1232.0,61.8,8155.0,1.53,0
V1728,80.68,2.829,13.41,51.1,2312.0,74.9,135322.0,1.99,0
V1729,78.77,3.309,12.85,55.7,2172.0,62.5,186466.0,1.52,0
V1730,86.57,0.536,13.91,34.0,1913.0,85.7,4911.0,8.63,0
V1731,77.17,1.352,12.81,16.7,2436.0,74.2,26927.0,2.87,0
V1732,94.12,7.892,11.65,39.8,2348.0,61.1,35759.0,12.29,1
V1733,71.38,2.398,13.88,54.6,3003.0,78.0,4347.0,1.55,0
V1734,93.23,2.504,12.65,15.2,2507.0,65.2,9465.0,0.15,0
V1735,88.78,1.944,13.13,17.9,2168.0,55.3,34720.0,0.59,0
V1736,87.05,0.335,12.66,33.7,1059.0,86.4,148467.0,0.98,0
V1737,112.23,4.731,11.95,43.0,2665.0,79.5,1269.0,4.09,1
V1738,98.32,2.708,13.78,45.4,2669.0,68.0,109596.0,0.8,0
V1739,93.11,1.379,12.6,20.6,2862.0,94.1,102994.0,1.92,0
V1740,70.27,0.801,13.33,30.3,1056.0,63.8,87577.0,6.35,0
V1741,74.76,0.904,13.38,33.5,2303.0,68.5,21334.0,0.53,0
V1742,80.0,5.103,13.08,16.1,2529.0,80.6,30373.0,0.34,0
V1743,97.82,3.236,12.33,39.3,2801.0,88.1,23258.0,3.11,1
V1744,89.14,4.439,13.91,16.5,2501.0,80.9,132686.0,4.79,0
V1745,79.19,2.513,12.49,73.3,2230.0,66.5,33155.0,9.67,0
V1746,86.49,1.663,13.73,44.7,1691.0,71.4,3782.0,4.34,0
V1747,84.1,4.096,10.79,39.4,2141.0,65.3,14413.0,11.69,1
V1748,89.5,5.718,11.09,21.4,2394.0,70.0,27898.0,1.12,1
V1749,73.75,4.078,12.86,30.4,2591.0,71.2,138128.0,1.67,0
V1750,77.61,3.433,12.11,30.9,1407.0,81.2,37869.0,7.31,0
V1751,74.19,0.596,13.17,98.7,2348.0,64.6,53593.0,6.67,0
V1752,77.19,1.315,13.18,85.2,1464.0,89.3,4171.0,4.37,0
V1753,93.43,1.45,14.2,11.4,2333.0,74.6,94419.0,2.82,0
V1754,88.52,3.8,11.87,65.5,1626.0,62.2,34848.0,0.1,1
V1755,106.06,2.809,12.04,33.0,1478.0,80.8,114354.0,1.32,0
V1756,88.95,3.1,12.29,19.4,3105.0,73.2,26534.0,0.69,0
V1757,,3.024,13.95,73.5,1509.0,68.1,51710.0,0.21,0
V1758,86.31,4.788,11.05,21.8,1882.0,96.2,28641.0,5.99,1
V1759,90.6,1.554,13.82,49.9,2190.0,70.3,6921.0,0.56,0
V1760,80.39,1.003,13.0,66.9,1159.0,,14289.0,1.77,0
V1761,85.98,1.549,12.42,59.9,2593.0,89.4,3133.0,15.17,0
V1762,105.48,2.528,14.2,98.0,1850.0,82.6,26113.0,2.1,0
V1763,99.38,7.839,,80.7,1690.0,86.3,47157.0,0.61,1
V1764,99.76,6.386,11.09,79.7,2662.0,66.6,12570.0,4.68,1
V1765,79.37,2.069,13.6,42.0,1532.0,78.3,30335.0,6.64,0
V1766,84.72,0.291,13.07,10.8,2424.0,,27643.0,1.31,0
V1767,108.11,3.91,11.49,76.1,2212.0,46.2,34305.0,6.63,1
V1768,79.98,4.949,14.06,100.0,2229.0,66.1,9183.0,1.27,0
V1769,99.5,1.835,12.09,46.5,2172.0,75.7,34359.0,4.73,0
V1770,106.4,33.24,11.63,98.7,2264.0,100.0,20380.0,0.53,1
V1771,80.5,1.473,13.02,22.8,1061.0,93.7,15162.0,2.23,0
V1772,90.06,,,36.7,1763.0,58.6,39683.0,2.94,0
V1773,92.78,0.275,12.25,25.4,1743.0,88.1,7210.0,5.17,0
V1774,89.97,4.442,13.55,52.8,2754.0,54.8,103914.0,4.2,0
V1775,83.29,4.059,11.68,81.7,2279.0,98.0,122900.0,7.68,1
V1776,79.18,2.686,12.25,40.7,2206.0,67.4,48627.0,0.81,0
V1777,83.02,3.473,12.85,91.6,3128.0,66.4,16254.0,4.33,0
V1778,84.4,0.894,14.14,59.0,1188.0,90.3,44258.0,0.55,0
V1779,89.97,1.969,14.52,51.9,2907.0,66.6,41405.0,2.6,0
V1780,86.42,1.64,13.29,80.8,2206.0,100.0,22336.0,2.97,0
V1781,74.32,0.707,12.86,19.1,1822.0,66.4,15238.0,0.11,0
V1782,88.04,4.056,13.09,79.6,1933.0,88.3,8301.0,0.29,0
V1783,89.88,1.536,13.2,31.9,1951.0,76.7,11030.0,7.31,0
V1784,89.48,0.679,13.88,35.3,2950.0,85.2,47633.0,1.35,0
V1785,104.39,3.725,10.7,64.0,2320.0,59.9,97678.0,1.7,1
V1786,91.67,0.506,13.72,91.2,2543.0,47.5,21873.0,4.09,0
V1787,88.67,1.38,12.14,62.1,1829.0,60.9,5850.0,1.0,0
V1788,99.81,5.948,,68.4,2256.0,68.9,580.0,0.86,1
V1789,71.71,0.452,,79.9,2655.0,72.0,23432.0,2.19,0
V1790,88.44,3.145,13.25,33.3,2763.0,67.7,11912.0,0.24,0
V1791,99.05,3.902,11.3,84.5,1530.0,43.0,17524.0,9.95,1
V1792,87.17,3.486,13.11,47.6,2604.0,65.4,12449.0,11.26,0
V1793,74.79,3.46,13.02,25.8,2127.0,75.6,49099.0,2.38,0
V1794,86.01,1.103,10.29,41.5,2383.0,71.3,45789.0,0.94,1
V1795,93.43,1.371,13.35,32.2,1936.0,69.4,109525.0,2.54,0
V1796,84.68,2.83,13.49,30.6,2963.0,68.1,54141.0,0.42,0
V1797,90.45,0.77,13.81,35.4,2330.0,75.8,8111.0,2.03,0
V1798,85.23,0.774,14.11,26.3,1906.0,59.3,62671.0,0.31,0
V1799,91.48,5.595,12.01,70.1,1956.0,71.3,9000.0,4.9,1
V1800,92.51,0.554,13.85,62.2,2630.0,68.9,36801.0,1.29,0
V1801,80.87,0.672,13.01,68.4,2561.0,56.3,3609.0,2.94,0
V1802,85.77,0.694,,40.9,2240.0,72.3,2182.0,0.1,0
V1803,81.3,1.54,13.58,79.3,2007.0,45.2,28082.0,2.97,0
V1804,81.52,1.483,13.44,21.7,2678.0,64.8,4991.0,0.1,0
V1805,82.53,3.858,13.0,61.4,1937.0,80.1,16481.0,10.37,0
V1806,86.78,1.562,12.96,34.8,1912.0,81.2,18619.0,2.78,0
V1807,96.54,4.553,,57.5,3463.0,75.2,66023.0,0.42,1
V1808,108.17,9.428,11.28,39.1,2389.0,78.4,18202.0,1.67,1
V1809,77.84,,13.27,81.1,2159.0,84.3,30682.0,0.19,0
V1810,90.6,5.473,9.82,90.2,1978.0,76.6,66644.0,3.03,1
V1811,81.48,1.671,12.51,76.8,2095.0,92.6,10318.0,0.52,0
V1812,101.19,4.897,11.16,25.8,2824.0,43.2,73540.0,2.56,1
V1813,86.57,1.253,14.35,34.7,2614.0,87.4,80216.0,1.46,0
V1814,93.25,1.554,13.04,92.7,1876.0,42.4,202321.0,5.73,0
V1815,,4.572,13.72,49.3,2035.0,65.6,26418.0,2.63,0
V1816,87.14,2.803,12.34,94.7,1542.0,86.0,20838.0,7.54,0
V1817,92.12,1.618,12.89,45.3,2332.0,84.3,54481.0,11.34,0
V1818,85.66,1.024,13.33,95.7,600.0,60.5,2696.0,13.96,0
V1819,93.52,,13.88,93.3,1429.0,74.3,1825.0,1.21,0
V1820,80.86,1.321,12.64,69.4,2246.0,66.1,18358.0,5.84,0
V1821,96.27,1.734,12.76,10.8,888.0,87.7,58839.0,2.31,0
V1822,110.26,9.063,11.99,46.0,3342.0,73.8,5572.0,2.22,1
V1823,82.1,2.195,12.93,92.0,1757.0,65.3,45421.0,8.11,0
V1824,81.44,1.134,12.39,89.7,2442.0,80.7,14131.0,0.63,0
V1825,107.83,3.899,10.92,26.9,2834.0,83.7,47458.0,2.6,1
V1826,97.64,0.999,13.16,45.9,2334.0,72.1,27477.0,3.59,0
V1827,80.82,1.322,13.4,85.2,2197.0,84.8,5505.0,0.27,0
V1828,81.64,2.356,12.32,62.0,1916.0,98.4,12783.0,8.0,0
V1829,82.75,1.363,12.6,86.3,1541.0,43.8,11164.0,1.51,0
V1830,83.45,9.189,10.97,84.4,1962.0,93.1,8092.0,4.28,1
V1831,86.08,2.711,12.76,91.7,2252.0,96.5,28429.0,10.53,1
V1832,80.07,7.539,9.07,20.5,2187.0,81.7,139216.0,5.09,1
V1833,86.86,2.56,12.43,23.1,1723.0,70.3,48294.0,8.69,1
V1834,84.72,1.889,13.41,17.5,2732.0,51.6,81356.0,0.29,0
V1835,86.87,1.008,12.57,94.2,1485.0,75.6,178540.0,2.71,0
V1836,97.4,4.023,12.79,52.8,2497.0,69.0,35005.0,3.33,0
V1837,77.01,1.438,13.2,15.8,2625.0,54.1,12236.0,4.67,0
V1838,108.67,5.728,11.34,38.9,2319.0,65.1,118281.0,0.5,1
V1839,89.74,5.207,12.83,41.6,3032.0,,54027.0,4.28,1
V1840,84.6,1.287,13.06,82.9,2403.0,79.0,143674.0,0.63,0
V1841,90.4,0.754,13.52,76.2,2889.0,59.6,47375.0,0.28,0
V1842,76.02,1.063,13.27,72.0,867.0,39.3,67153.0,2.53,0
V1843,88.06,1.556,13.42,12.0,2669.0,71.2,99588.0,3.67,0
V1844,86.33,3.101,12.53,92.0,2493.0,61.2,64080.0,12.69,0
V1845,88.94,1.939,13.12,29.4,2467.0,68.5,37216.0,4.8,0
V1846,98.88,6.814,10.78,66.6,2509.0,44.3,28733.0,3.58,1
V1847,104.64,4.903,12.57,15.6,1959.0,70.2,78018.0,0.97,0
V1848,79.9,2.018,13.56,17.3,2579.0,80.6,66526.0,0.66,0
V1849,80.75,0.833,11.79,10.9,3091.0,68.3,20537.0,3.74,0
V1850,96.29,6.248,12.02,60.9,1261.0,76.5,31042.0,1.01,1
V1851,80.56,6.683,11.67,66.6,2795.0,70.6,45352.0,4.9,0
V1852,79.9,3.639,12.91,14.5,2136.0,45.4,1295.0,0.49,0
V1853,108.31,4.487,11.77,36.1,1870.0,76.2,12800.0,1.66,1
V1854,112.31,2.89,11.16,86.6,1595.0,63.2,12959.0,5.93,1
V1855,96.42,3.445,11.67,19.1,2390.0,55.1,96640.0,7.11,1
V1856,85.47,4.356,11.93,29.5,2991.0,85.2,18122.0,1.69,1
V1857,88.77,0.712,13.2,48.2,2006.0,79.0,35450.0,0.93,0
V1858,80.58,2.617,12.79,85.8,2533.0,65.8,80160.0,12.7,0
V1859,103.12,2.533,11.66,32.9,2195.0,72.7,13531.0,5.73,1
V1860,100.99,4.218,11.46,99.7,1378.0,77.4,5945.0,6.58,1
V1861,79.35,4.654,11.77,42.0,2110.0,49.5,133355.0,1.01,1
V1862,111.98,2.962,11.77,44.8,1868.0,57.9,54887.0,2.21,1
V1863,99.37,2.047,12.73,21.0,1693.0,58.6,8769.0,0.28,0
V1864,80.1,1.064,12.76,71.2,1985.0,82.5,77094.0,0.46,0
V1865,81.9,0.521,13.95,31.9,2041.0,98.5,69618.0,1.0,0
V1866,101.18,3.814,11.98,66.6,2703.0,83.9,81780.0,1.45,1
V1867,164.95,2.356,12.21,30.1,2212.0,76.8,14547.0,20.0,1
V1868,90.27,4.466,13.32,44.9,1498.0,59.6,26787.0,2.19,0
V1869,112.51,6.296,11.26,87.1,2803.0,86.1,53240.0,4.79,1
V1870,90.42,5.277,12.9,76.5,2393.0,69.6,22293.0,9.39,1
V1871,78.61,0.977,13.59,23.9,2340.0,59.8,3264.0,1.13,0
V1872,73.97,2.679,13.54,64.7,2637.0,85.8,6602.0,0.63,0
V1873,79.15,2.275,13.61,66.6,2189.0,94.9,40910.0,1.11,0
V1874,84.73,1.043,11.75,18.2,1932.0,86.1,21162.0,8.56,0
V1875,108.31,3.725,11.13,51.9,2373.0,100.0,500.0,4.38,1
V1876,91.26,,11.47,33.5,2511.0,63.6,65524.0,2.4,1
V1877,103.26,2.482,10.71,52.0,2391.0,68.0,24258.0,6.87,1
V1878,104.94,4.814,10.52,79.9,2606.0,61.8,16944.0,1.08,1
V1879,94.51,1.31,13.53,24.2,2250.0,61.7,56254.0,1.09,0
V1880,118.27,3.837,10.98,21.1,1702.0,96.0,27323.0,3.35,1
V1881,95.69,3.319,12.26,34.2,1885.0,58.4,53410.0,6.24,1
V1882,81.08,1.473,12.86,95.7,2886.0,66.8,598.0,1.2,0
V1883,97.26,3.274,10.96,77.3,2216.0,93.9,500.0,0.94,1
V1884,90.46,0.992,12.85,11.8,1636.0,80.8,36934.0,2.57,0
V1885,110.64,5.536,13.04,46.1,1589.0,59.8,181315.0,0.58,1
V1886,89.67,2.263,11.94,33.2,1531.0,73.8,14308.0,5.51,0
V1887,82.13,5.325,,67.4,2612.0,49.5,51683.0,3.44,0
V1888,104.64,2.816,12.13,51.3,2355.0,72.0,8507.0,2.87,1
V1889,93.87,1.316,13.76,96.8,3122.0,76.2,16799.0,8.23,0
V1890,107.21,4.799,10.82,29.7,2488.0,77.1,3658.0,5.28,1
V1891,89.06,4.238,12.71,62.9,2518.0,,95710.0,0.65,0
V1892,93.53,2.863,13.62,73.0,3195.0,86.1,16726.0,2.18,0
V1893,94.35,4.165,12.85,84.3,1716.0,57.4,11789.0,1.55,0
V1894,96.06,0.948,12.7,46.6,1450.0,76.6,59021.0,6.48,0
V1895,90.19,3.899,12.94,71.8,2476.0,74.0,10010.0,5.08,0
V1896,83.66,3.302,12.33,37.3,2078.0,,12366.0,2.55,0
V1897,86.17,0.736,12.92,49.2,2349.0,68.4,4922.0,6.94,0
V1898,94.65,1.49,12.28,90.6,2812.0,77.0,148202.0,2.11,0
V1899,78.46,0.202,13.43,95.5,2581.0,79.0,12804.0,6.51,0
V1900,101.95,5.561,11.61,74.7,2958.0,59.0,244829.0,0.13,1
V1901,81.85,3.851,13.03,43.7,1746.0,52.1,8719.0,0.58,0
V1902,85.23,1.26,12.73,83.8,2649.0,71.6,939.0,5.64,0
V1903,95.23,0.819,13.23,12.3,1814.0,85.0,101719.0,0.49,0
V1904,86.53,0.767,13.49,19.2,3034.0,55.3,39039.0,4.61,0
V1905,85.37,1.903,13.17,69.5,2424.0,73.5,19483.0,5.14,0
V1906,74.12,2.845,12.58,36.2,2453.0,65.0,32408.0,4.34,0
V1907,101.44,7.819,10.97,95.6,1909.0,46.0,13594.0,6.82,1
V1908,90.16,0.18,14.42,49.2,1934.0,78.5,45324.0,2.87,0
V1909,113.58,6.372,12.04,48.6,2403.0,81.1,43125.0,9.09,1
V1910,82.54,2.228,12.88,71.0,3074.0,85.1,3762.0,3.37,0
V1911,93.24,5.814,10.7,79.1,2991.0,86.7,108703.0,2.84,1
V1912,87.0,3.168,12.14,52.8,2379.0,73.5,27772.0,2.85,0
V1913,97.62,1.994,13.68,29.3,1989.0,81.0,9770.0,9.73,0
V1914,94.73,4.34,10.53,79.6,2486.0,77.8,16528.0,1.12,1
V1915,87.23,2.564,13.63,38.8,2827.0,36.4,90521.0,4.75,0
V1916,96.75,4.045,11.4,25.8,2306.0,52.5,21743.0,1.11,1
V1917,86.49,1.686,13.81,66.8,2006.0,63.9,37145.0,0.39,0
V1918,81.43,2.944,13.46,18.1,2540.0,75.8,132775.0,12.29,0
V1919,99.09,2.07,11.22,97.4,2080.0,79.0,47463.0,0.56,1
V1920,93.59,,13.01,66.9,2022.0,84.8,50676.0,4.64,0
V1921,76.79,3.749,13.01,98.7,2172.0,85.1,12860.0,2.21,0
V1922,86.06,1.321,,40.5,2533.0,77.8,49658.0,7.26,0
V1923,79.4,2.965,12.03,97.4,2089.0,,22525.0,5.93,0
V1924,,2.704,11.71,23.1,2181.0,98.0,108882.0,0.62,0
V1925,72.81,1.21,13.46,13.7,2272.0,81.2,6243.0,2.52,0
V1926,80.53,3.119,12.89,13.0,2009.0,74.5,15137.0,0.11,0
V1927,,5.927,11.89,51.8,2975.0,81.9,3073.0,2.25,1
V1928,97.52,4.062,12.77,17.5,3121.0,87.2,21577.0,4.82,0
V1929,84.47,0.515,13.0,56.1,2049.0,98.2,7227.0,1.06,0
V1930,80.56,2.771,13.56,39.5,1801.0,58.6,83937.0,6.64,0
V1931,100.05,3.629,13.93,40.2,1968.0,50.4,116588.0,0.22,0
V1932,73.42,1.145,12.81,67.2,2423.0,78.1,49812.0,0.14,0
V1933,67.41,3.97,12.4,24.7,2157.0,53.3,4908.0,0.11,0
V1934,88.52,1.037,,79.0,1561.0,71.3,18810.0,1.31,0
V1935,80.98,1.571,12.83,62.4,2122.0,100.0,150210.0,2.52,0
V1936,76.83,1.072,12.71,92.3,2404.0,75.1,6594.0,0.45,0
V1937,90.67,0.925,12.76,42.8,2692.0,75.2,36587.0,20.0,0
V1938,86.95,2.561,12.57,98.4,3078.0,69.0,19588.0,20.0,0
V1939,80.49,0.564,13.46,61.8,1976.0,,300000.0,2.93,0
V1940,74.76,1.641,12.2,97.6,1888.0,81.3,15121.0,3.36,0
V1941,,2.562,13.06,12.4,2075.0,68.0,2203.0,10.46,0
V1942,90.2,1.085,13.15,75.5,1727.0,97.2,54507.0,5.88,0
V1943,84.21,4.437,,83.5,1850.0,77.8,17803.0,0.74,0
V1944,99.77,1.745,13.95,14.8,1853.0,68.8,48227.0,6.29,0
V1945,76.44,5.76,13.54,62.1,2363.0,43.7,4974.0,1.05,0
V1946,72.8,0.501,12.73,82.2,1784.0,,33317.0,2.25,0
V1947,79.46,2.635,12.94,60.5,2612.0,68.2,21167.0,3.04,0
V1948,101.09,4.149,12.17,15.7,2775.0,70.3,34629.0,5.05,1
V1949,101.49,4.128,12.89,72.4,1637.0,69.4,86424.0,0.65,1
V1950,83.07,2.003,13.84,15.5,1548.0,47.5,162117.0,0.32,0
V1951,87.82,2.918,13.34,83.6,1932.0,100.0,62951.0,8.04,0
V1952,74.99,3.313,13.15,13.9,1999.0,64.6,65525.0,7.01,0
V1953,96.55,1.79,13.15,22.4,2833.0,85.0,33874.0,2.96,0
V1954,93.29,6.362,13.68,34.8,2175.0,71.7,4611.0,4.34,1
V1955,110.48,4.023,10.65,67.0,2410.0,33.9,49491.0,5.08,1
V1956,87.74,3.357,12.34,97.9,2409.0,72.8,7196.0,2.59,0
V1957,88.65,75.36,12.86,20.6,1760.0,76.8,12686.0,1.19,0
V1958,89.56,3.536,13.84,22.8,2075.0,66.8,55331.0,2.63,0
V1959,148.57999999999998,1.074,11.52,43.2,2194.0,96.8,48150.0,12.05,0
V1960,90.14,0.854,11.86,85.3,2389.0,100.0,16981.0,7.28,0
V1961,108.91,8.009,11.42,52.1,1483.0,79.3,66537.0,2.51,1
V1962,86.57,,14.27,38.9,1903.0,81.3,126093.0,1.02,0
V1963,95.8,5.227,12.52,60.5,2206.0,57.7,35461.0,8.82,1
V1964,97.07,7.377,9.64,33.4,1980.0,57.7,50950.0,4.07,1
V1965,96.52,1.953,13.49,46.1,1499.0,65.2,14272.0,2.08,0
V1966,79.59,3.279,14.0,39.9,1839.0,,159022.0,0.47,0
V1967,108.7,5.71,11.52,82.4,1504.0,66.8,14391.0,5.57,1
V1968,94.57,4.187,10.62,93.2,2890.0,94.8,98280.0,1.52,1
V1969,80.21,6.566,11.51,78.4,2040.0,64.2,118317.0,3.73,1
V1970,86.02,4.083,13.34,49.5,2167.0,60.6,57224.0,3.37,0
V1971,79.55,0.8,12.72,55.4,1711.0,67.5,75110.0,4.81,0
V1972,91.73,1.459,13.38,21.3,2315.0,67.1,27550.0,3.09,0
V1973,89.2,7.329,12.03,77.2,2548.0,64.1,113404.0,3.98,1
V1974,81.43,2.315,13.43,63.7,1742.0,98.4,61079.0,0.34,0
V1975,69.88,2.094,12.03,91.2,1753.0,74.2,17803.0,4.38,0
V1976,81.38,1.912,12.14,28.1,1952.0,72.0,1601.0,0.86,0
V1977,65.61,4.305,12.59,78.4,1500.0,75.4,35020.0,1.99,0
V1978,72.33,0.882,13.16,71.6,2390.0,88.7,82649.0,2.87,0
V1979,101.68,4.421,11.91,33.9,2579.0,75.4,88690.0,4.64,1
V1980,91.29,0.559,12.37,70.1,1484.0,79.6,81114.0,5.43,0
V1981,88.4,1.544,13.19,93.2,2640.0,90.3,10879.0,4.88,0
V1982,77.26,2.232,13.57,92.7,2641.0,59.0,24992.0,0.4,0
V1983,84.62,0.292,13.4,74.8,780.0,62.4,42816.0,1.96,0
V1984,84.97,1.003,12.72,14.3,1648.0,76.6,49558.0,1.32,0
V1985,75.73,2.312,12.78,88.5,1897.0,64.4,18330.0,2.03,0
V1986,97.03,2.739,12.22,69.2,2484.0,71.5,53088.0,4.16,0
V1987,92.02,6.033,14.04,37.9,2419.0,58.5,40220.0,0.86,0
V1988,83.23,3.034,13.28,26.9,1738.0,62.1,37642.0,2.79,0
V1989,85.22,,12.03,20.5,3012.0,91.7,48949.0,8.65,0
V1990,86.67,2.188,13.74,14.5,1850.0,69.5,41614.0,5.25,0
V1991,68.67,2.244,13.4,77.9,1782.0,68.1,8216.0,5.17,0
V1992,83.02,1.382,13.72,31.2,1620.0,62.6,93365.0,7.55,0
V1993,91.82,6.634,9.79,12.2,2111.0,61.7,12383.0,2.04,1
V1994,76.99,1.328,12.75,45.8,2652.0,59.4,61402.0,5.7,0
V1995,82.75,2.473,12.51,53.4,1749.0,55.6,8736.0,0.24,0
V1996,99.38,1.91,14.27,25.2,2304.0,64.4,48675.0,0.23,0
V1997,90.13,1.677,12.7,14.0,2302.0,73.3,101715.0,1.61,0
V1998,80.43,1.715,12.43,27.0,2184.0,84.6,500.0,0.88,0
V1999,107.08,4.821,11.14,71.1,2361.0,73.7,175322.0,2.92,1
V2000,105.66,6.903,11.2,17.4,2653.0,59.9,1356.0,0.81,1
V2001,100.65,3.568,12.23,60.0,2336.0,66.9,514.0,14.85,1
V2002,99.27,6.908,12.12,23.2,2723.0,66.0,87698.0,7.62,1
V2003,79.82,1.882,13.74,27.6,1650.0,65.1,55504.0,16.19,0
V2004,100.87,4.276,12.38,45.4,1979.0,69.3,5033.0,6.6,1
V2005,97.73,3.882,11.6,19.1,1651.0,88.3,124705.0,12.07,1
V2006,104.76,8.87,10.67,25.6,2474.0,85.1,50154.0,1.84,1
V2007,90.08,5.237,13.96,41.4,2811.0,99.0,5297.0,2.76,0
V2008,93.4,1.152,13.59,39.7,2045.0,61.6,88653.0,1.1,0
V2009,80.72,1.535,13.65,77.4,2341.0,58.2,29505.0,4.04,0
V2010,103.87,3.898,12.11,16.7,1453.0,69.5,14666.0,6.21,1
V2011,99.58,5.785,11.64,87.4,2211.0,92.5,78444.0,2.76,1
V2012,121.02,3.733,12.25,83.5,1363.0,43.4,60350.0,1.41,1
V2013,79.49,0.946,13.65,78.9,2230.0,76.7,43903.0,2.83,0
V2014,98.89,2.968,13.57,37.8,1238.0,69.9,102952.0,0.26,0
V2015,86.58,0.51,13.09,84.1,3047.0,84.4,88888.0,5.11,0
V2016,79.79,1.16,14.18,26.5,2175.0,81.3,11574.0,2.4,0
V2017,81.13,3.65,13.32,21.2,2155.0,84.3,94922.0,9.14,0
V2018,82.44,3.536,13.79,14.0,3154.0,82.4,21081.0,10.27,0
V2019,88.39,5.42,13.12,94.5,2233.0,100.0,25436.0,0.54,0
V2020,105.93,9.461,11.76,37.7,1395.0,100.0,161437.0,20.0,1
V2021,94.09,9.807,,92.6,1985.0,87.4,64197.0,14.0,1
V2022,84.81,1.5,13.44,34.5,3173.0,67.7,17453.0,3.95,0
V2023,116.12,4.761,12.06,91.7,1752.0,69.4,46976.0,6.98,1
V2024,98.82,2.684,12.49,91.4,1980.0,92.2,34878.0,0.1,0
V2025,88.49,0.573,13.61,93.1,2973.0,92.8,5579.0,14.08,0
V2026,96.05,5.265,11.29,54.7,1814.0,62.2,98417.0,2.44,1
V2027,96.39,5.821,11.62,87.9,2152.0,,77639.0,9.62,1
V2028,103.11,3.838,11.19,95.6,2875.0,47.5,67670.0,1.95,1
V2029,90.9,5.16,10.64,39.2,1913.0,92.6,36858.0,6.21,1
V2030,82.94,1.613,13.18,47.7,1801.0,95.4,11229.0,2.16,0
V2031,71.65,0.662,13.35,74.7,1278.0,75.3,96897.0,1.8,0
V2032,88.19,0.806,13.13,37.0,1649.0,79.9,19591.0,11.73,0
V2033,90.18,0.25,12.68,77.8,1758.0,100.0,915.0,4.8,0
V2034,81.13,1.264,13.67,16.7,2018.0,100.0,180221.0,7.33,0
V2035,97.59,0.559,13.08,57.1,2379.0,85.2,88849.0,3.14,0
V2036,75.19,1.338,13.12,21.0,2178.0,74.7,43860.0,10.02,0
V2037,73.29,2.665,12.91,36.4,1584.0,68.5,562.0,5.39,0
V2038,86.8,0.677,12.57,33.3,2880.0,70.8,11628.0,0.3,0
V2039,93.38,2.136,13.68,85.5,1649.0,63.4,27071.0,5.82,0
V2040,98.47,1.599,12.61,27.4,3102.0,84.8,44509.0,0.1,0
V2041,81.33,2.565,14.02,82.8,2276.0,73.0,55419.0,7.07,0
V2042,93.63,3.009,12.51,81.5,2723.0,62.7,69861.0,1.61,0
V2043,84.69,1.521,13.19,54.9,2465.0,91.9,36503.0,3.65,0
V2044,83.62,2.003,13.04,31.0,2953.0,83.3,48044.0,5.54,0
V2045,92.07,1.604,12.93,30.4,2178.0,78.9,75028.0,4.05,0
V2046,90.22,1.372,13.41,51.8,2067.0,72.6,57258.0,4.46,0
V2047,72.39,1.111,13.47,10.8,2352.0,81.9,139362.0,8.93,0
V2048,96.81,2.816,13.32,57.8,2062.0,69.8,93448.0,1.87,0
V2049,110.62,7.878,10.95,95.8,2427.0,100.0,8350.0,3.17,1
V2050,80.0,4.418,12.3,23.9,2975.0,100.0,132543.0,0.77,0
V2051,88.17,0.617,,61.6,1355.0,62.7,10277.0,2.52,0
V2052,88.95,4.736,12.85,96.6,2162.0,71.1,213313.0,0.65,0
V2053,87.09,,14.27,87.4,3300.0,61.5,54379.0,4.02,0
V2054,91.3,2.847,11.2,86.5,2005.0,46.9,44442.0,1.57,1
V2055,79.63,2.526,14.26,84.0,2707.0,100.0,17642.0,7.84,0
V2056,84.8,0.469,12.98,37.8,2635.0,72.8,6428.0,1.68,0
V2057,102.26,3.971,11.42,90.2,1481.0,58.6,6069.0,1.35,1
V2058,89.35,4.934,13.36,94.7,2348.0,49.0,90640.0,2.7,0
V2059,82.04,,12.83,54.6,2310.0,78.3,25489.0,0.77,0
V2060,91.17,8.575,13.14,41.9,3791.0,80.4,36929.0,0.91,0
V2061,62.21,0.236,11.98,47.3,887.0,81.2,120863.0,6.11,0
V2062,111.49,3.285,11.15,40.1,1390.0,91.1,13268.0,2.75,1
V2063,71.08,0.493,11.99,29.1,2086.0,88.4,64965.0,0.92,0
V2064,82.1,2.771,13.44,65.7,2021.0,,28609.0,0.13,0
V2065,76.04,4.288,12.18,60.6,1758.0,58.7,10765.0,2.51,0
V2066,74.64,3.526,13.85,51.6,1790.0,89.6,86271.0,5.43,0
V2067,94.29,3.93,13.21,18.6,2542.0,65.7,51267.0,1.73,0
V2068,81.26,1.61,13.58,81.7,1780.0,53.0,4488.0,1.14,0
V2069,87.77,4.911,12.61,25.7,1929.0,54.4,35116.0,2.02,0
V2070,94.95,8.488,10.09,20.3,2699.0,89.1,85903.0,12.79,1
V2071,88.82,2.145,12.79,66.1,2622.0,88.8,3118.0,2.2,0
V2072,85.61,1.467,13.64,45.9,1961.0,76.9,24225.0,1.2,0
V2073,74.74,1.019,14.27,15.4,1467.0,60.9,73614.0,3.37,0
V2074,92.97,3.369,13.31,42.0,2640.0,74.1,87950.0,6.66,0
V2075,81.05,4.058,12.21,79.5,1730.0,72.6,67197.0,0.1,0
V2076,72.55,1.467,12.42,65.4,2846.0,68.4,16419.0,3.27,0
V2077,99.22,7.476,11.0,42.7,2410.0,85.3,31820.0,7.24,1
V2078,97.01,3.174,12.92,27.3,2103.0,67.8,60840.0,0.97,0
V2079,91.8,2.126,12.83,66.9,2419.0,83.1,7451.0,10.19,0
V2080,82.21,2.54,12.92,89.9,1224.0,80.0,40674.0,3.45,0
V2081,82.21,0.827,12.36,68.2,2940.0,53.4,57344.0,2.91,0
V2082,95.64,4.896,10.68,83.2,2095.0,100.0,85368.0,13.26,1
V2083,101.61,0.878,13.06,56.9,2283.0,83.7,5329.0,0.56,0
V2084,95.52,3.361,10.79,74.6,1912.0,51.1,18000.0,5.39,1
V2085,95.08,5.345,10.78,90.7,2115.0,53.4,35106.0,6.83,1
V2086,93.24,6.587,13.28,79.6,2999.0,98.8,54338.0,2.68,0
V2087,86.91,2.392,13.57,91.9,2065.0,77.7,58926.0,0.1,0
V2088,98.18,4.428,10.75,48.8,1991.0,83.4,13142.0,2.97,1
V2089,83.43,2.546,13.95,91.4,2542.0,80.8,629.0,0.67,0
V2090,84.43,3.041,13.42,65.9,2355.0,91.3,53261.0,3.31,0
V2091,94.01,,11.62,88.3,2977.0,92.0,107923.0,5.37,1
V2092,90.82,1.963,12.39,13.5,1192.0,61.8,71869.0,3.03,0
V2093,85.42,1.092,13.47,69.2,1970.0,82.5,43834.0,3.99,0
V2094,,11.45,11.14,86.3,1488.0,53.9,170882.0,0.44,1
V2095,84.35,2.551,12.61,25.7,2816.0,58.7,25542.0,0.41,0
V2096,85.63,0.965,13.47,69.6,1554.0,70.4,33505.0,7.61,0
V2097,69.01,1.949,12.92,84.2,2365.0,49.5,556.0,0.2,0
V2098,92.33,1.317,12.63,35.9,1547.0,63.3,131304.0,1.34,0
V2099,107.07,6.891,12.36,46.5,1950.0,42.4,39398.0,11.1,1
V2100,98.62,3.879,12.03,61.3,1702.0,,22302.0,2.46,1
V2101,61.83,1.553,12.82,56.7,2197.0,99.6,2051.0,4.49,0
V2102,113.74,6.788,11.5,13.5,3214.0,75.5,20253.0,1.0,1
V2103,83.88,1.829,13.24,18.9,1487.0,75.5,500.0,1.26,0
V2104,93.87,1.915,13.34,19.0,1631.0,69.6,17643.0,2.85,0
V2105,76.68,1.066,13.09,33.6,2498.0,89.7,136137.0,4.07,0
V2106,97.77,3.818,10.35,32.1,2124.0,74.2,7540.0,12.92,1
V2107,88.33,9.531,11.78,76.8,1564.0,58.5,35476.0,3.42,1
V2108,80.01,3.93,12.49,61.5,1964.0,77.5,9295.0,0.4,0
V2109,100.31,0.301,14.04,78.8,1443.0,98.3,68832.0,1.83,0
V2110,83.47,0.859,13.07,16.3,1955.0,53.6,37190.0,1.12,0
V2111,86.74,10.514999999999999,12.83,53.7,1714.0,60.9,10167.0,1.17,0
V2112,91.96,2.094,12.66,39.1,2355.0,73.4,90527.0,2.82,0
V2113,96.31,3.406,11.56,86.5,2522.0,69.7,68966.0,1.52,1
V2114,100.0,6.475,11.61,73.7,873.0,81.3,135995.0,1.37,1
V2115,87.92,1.535,11.9,88.2,2254.0,60.3,500.0,13.77,0
V2116,121.9,9.052,11.94,14.2,1048.0,67.1,27489.0,3.51,1
V2117,102.45,4.487,10.92,74.9,2203.0,75.8,300000.0,1.21,1
V2118,95.14,,11.34,58.6,2996.0,76.3,75015.0,1.29,1
V2119,93.41,1.703,13.48,84.3,2026.0,100.0,80080.0,6.66,0
V2120,105.26,4.565,10.93,55.6,2328.0,86.7,43676.0,8.7,1
V2121,108.14,6.788,10.91,58.6,2569.0,51.9,56157.0,4.55,1
V2122,102.17,5.766,11.39,14.7,2587.0,59.8,73639.0,2.26,1
V2123,75.86,0.591,13.77,70.2,2617.0,54.6,4357.0,5.79,0
V2124,98.07,2.133,13.5,34.6,2418.0,99.2,53079.0,11.08,0
V2125,75.83,1.413,12.77,11.8,1823.0,59.0,76032.0,0.73,0
V2126,101.7,5.95,11.0,16.0,2522.0,,1878.0,7.91,1
V2127,78.97,2.125,12.66,96.2,2945.0,82.3,15861.0,7.56,0
V2128,84.49,1.586,12.22,41.1,2442.0,53.0,17621.0,1.83,0
V2129,,4.875,11.49,88.1,2295.0,68.7,86767.0,1.38,1
V2130,87.57,0.824,13.58,96.4,1363.0,71.0,68208.0,3.33,0
V2131,88.38,0.458,12.77,94.9,1668.0,51.3,48075.0,1.27,0
V2132,112.32,3.36,10.88,89.4,1841.0,100.0,73500.0,0.63,1
V2133,88.63,4.401,12.58,90.5,1651.0,77.6,27184.0,12.24,0
V2134,100.78,6.091,12.23,36.0,2118.0,98.9,93532.0,2.7,1
V2135,92.71,2.054,12.56,23.6,1736.0,100.0,12008.0,2.56,0
V2136,94.52,1.489,12.91,67.5,2633.0,77.4,54871.0,0.54,0
V2137,75.18,1.187,,53.9,2001.0,80.6,12453.0,2.81,0
V2138,104.52,2.972,11.05,18.9,1642.0,63.2,1831.0,5.43,1
V2139,90.61,1.875,12.5,71.0,1739.0,95.0,15043.0,1.14,0
V2140,82.62,4.327,13.09,60.7,2234.0,74.3,30558.0,1.84,0
V2141,96.01,1.102,13.39,87.7,2059.0,68.6,83443.0,0.79,0
V2142,83.8,4.332,12.44,64.8,2221.0,63.5,31996.0,1.75,0
V2143,86.0,0.484,13.08,61.7,2077.0,76.1,8884.0,7.9,0
V2144,83.62,2.387,13.73,49.7,3059.0,84.3,221803.0,1.08,0
V2145,85.12,2.763,12.85,51.7,2628.0,78.1,14166.0,0.12,0
V2146,76.23,1.297,11.79,95.9,1770.0,81.9,189880.0,3.07,0
V2147,81.4,3.735,10.62,22.5,1227.0,71.8,123935.0,3.47,1
V2148,97.76,3.618,13.19,50.2,2020.0,82.6,35183.0,1.6,0
V2149,78.22,2.066,13.06,69.0,1631.0,82.1,4341.0,4.1,0
V2150,87.78,11.847,11.76,49.0,1336.0,93.2,53496.0,0.15,1
V2151,67.77,4.372,13.29,35.5,2519.0,87.1,84104.0,1.67,0
V2152,79.89,4.396,12.11,35.9,2195.0,77.3,26520.0,0.62,0
V2153,74.42,0.111,12.52,31.0,2761.0,81.2,12293.0,1.04,0
V2154,111.7,5.3,11.41,41.0,2163.0,57.7,73065.0,1.93,1
V2155,93.08,0.689,13.44,88.5,2091.0,94.2,35443.0,2.72,0
V2156,79.49,0.233,12.85,55.5,1563.0,71.3,9908.0,0.39,0
V2157,118.47,3.97,11.68,31.6,1887.0,73.1,134395.0,0.43,1
V2158,92.85,3.555,13.2,44.6,1303.0,67.8,133128.0,4.48,0
V2159,82.4,0.848,13.03,19.5,2719.0,61.7,20581.0,2.07,0
V2160,65.0,0.252,12.37,91.4,1542.0,62.7,2976.0,0.78,0
V2161,113.96,3.208,10.71,46.7,2310.0,58.8,44837.0,1.07,1
V2162,88.44,4.764,11.89,98.2,2077.0,71.4,17172.0,5.09,1
V2163,71.84,1.661,12.63,41.3,2394.0,87.5,3090.0,0.21,0
V2164,93.18,2.016,13.11,85.3,2217.0,74.7,100072.0,2.84,0
V2165,104.52,2.721,13.09,33.1,1539.0,85.0,282354.0,1.79,0
V2166,96.07,1.978,12.31,16.9,2034.0,82.2,19413.0,6.67,0
V2167,100.85,6.864,10.8,12.9,2833.0,68.3,61447.0,6.24,1
V2168,97.87,4.68,10.88,64.6,1788.0,93.6,3062.0,4.67,1
V2169,91.83,1.606,12.1,38.0,2779.0,90.0,20771.0,1.94,0
V2170,91.07,3.05,12.03,49.9,2531.0,87.3,5181.0,3.99,0
V2171,99.8,4.034,11.31,83.7,2270.0,81.2,2562.0,4.08,1
V2172,85.83,,13.96,32.3,1830.0,69.9,39989.0,1.62,0
V2173,84.5,0.897,13.02,37.8,2336.0,69.9,72884.0,8.48,0
V2174,97.85,8.259,13.15,86.1,1945.0,74.6,27146.0,16.76,1
V2175,82.75,1.174,13.87,54.3,2752.0,95.7,33422.0,1.51,0
V2176,71.46,1.065,13.31,84.5,1556.0,91.8,14207.0,6.46,0
V2177,98.86,8.63,11.41,43.7,2354.0,,59997.0,2.78,1
V2178,77.09,1.961,13.88,45.9,2214.0,78.9,20158.0,2.49,0
V2179,89.68,4.591,12.87,25.0,2364.0,37.7,3145.0,1.95,1
V2180,,1.253,11.87,92.5,2559.0,68.4,8142.0,1.38,0
V2181,103.32,4.798,10.64,90.7,1756.0,64.8,6188.0,10.08,1
V2182,92.35,0.449,12.58,98.6,1755.0,83.3,25762.0,5.4,0
V2183,87.12,4.547,12.53,46.2,2308.0,58.7,3035.0,2.32,1
V2184,91.16,5.208,11.14,83.7,2682.0,52.1,73908.0,5.57,1
V2185,92.53,1.788,14.05,47.3,2075.0,67.5,107371.0,5.07,0
V2186,84.04,4.861,11.42,50.9,2919.0,74.9,12849.0,1.24,1
V2187,83.2,,12.98,84.7,2050.0,48.9,29906.0,0.77,0
V2188,100.77,13.38,11.23,26.0,1844.0,92.1,32941.0,7.24,1
V2189,77.25,1.045,,29.8,2427.0,72.0,188990.0,6.67,0
V2190,85.84,1.829,13.16,38.3,1927.0,75.4,3054.0,20.0,0
V2191,74.33,2.435,12.96,80.9,1933.0,91.5,49602.0,0.1,0
V2192,80.19,1.015,12.72,43.5,2330.0,64.0,19093.0,3.11,0
V2193,94.27,3.919,11.77,42.2,2666.0,97.2,31354.0,4.83,1
V2194,72.26,4.288,14.09,99.9,2351.0,75.1,11010.0,3.49,0
V2195,88.52,3.417,14.2,44.5,2254.0,86.9,7859.0,4.96,0
V2196,84.84,1.634,12.72,32.3,3162.0,81.7,12561.0,0.59,0
V2197,89.42,1.997,13.51,66.1,2548.0,85.3,3327.0,0.1,0
V2198,86.79,2.225,12.5,82.2,2031.0,76.1,14663.0,0.39,0
V2199,95.91,2.994,12.8,16.3,2751.0,68.0,52754.0,1.91,0
V2200,91.09,4.352,10.84,65.7,2080.0,100.0,47433.0,1.6,1
V2201,81.56,3.089,13.61,13.2,2502.0,74.7,36385.0,8.29,0
V2202,145.98000000000002,1.43,,57.4,2470.0,58.5,500.0,0.35,0
V2203,102.37,3.412,11.55,33.1,2201.0,97.0,6049.0,2.34,1
V2204,85.39,,13.53,37.6,1838.0,70.3,83281.0,12.66,0
V2205,102.25,9.185,10.55,52.0,2186.0,49.2,14269.0,2.8,1
V2206,79.38,2.126,12.81,93.4,1963.0,62.6,109471.0,0.57,0
V2207,79.7,1.274,13.27,74.0,2332.0,45.6,93412.0,1.38,0
V2208,73.78,0.998,12.79,94.3,2411.0,63.3,7575.0,3.94,0
V2209,104.99,4.479,11.31,69.4,1215.0,100.0,102792.0,0.1,1
V2210,75.05,0.426,12.52,10.6,2369.0,81.9,44479.0,13.78,0
V2211,89.35,6.88,11.63,33.9,3663.0,74.9,44776.0,3.35,1
V2212,79.25,3.168,13.56,91.5,2042.0,66.3,86182.0,4.87,0
V2213,99.23,4.728,12.64,67.9,2694.0,72.9,23368.0,2.76,1
V2214,82.64,2.395,13.4,98.3,2571.0,91.7,59806.0,12.67,0
V2215,94.98,1.677,12.34,24.0,1379.0,47.6,49586.0,3.56,0
V2216,79.61,0.564,12.71,36.7,2449.0,100.0,66433.0,4.34,0
V2217,87.23,2.968,12.58,42.6,1780.0,61.8,48571.0,7.89,0
V2218,78.32,2.78,12.85,39.4,2101.0,71.3,3755.0,7.91,0
V2219,102.16,1.402,,32.7,1470.0,72.6,15584.0,0.11,0
V2220,90.94,9.833,10.25,49.9,2421.0,72.2,126544.0,1.33,1
V2221,87.48,2.01,12.65,67.8,2029.0,64.9,11379.0,1.13,0
V2222,90.07,0.286,12.76,38.0,2873.0,88.1,28762.0,0.1,0
V2223,100.73,5.286,11.16,17.2,1520.0,92.1,19867.0,8.38,1
V2224,95.91,4.075,11.34,73.8,2654.0,89.3,4061.0,1.53,1
V2225,83.96,3.777,12.79,51.3,2411.0,76.3,8996.0,1.7,0
V2226,101.95,2.398,11.38,60.1,1771.0,66.2,15201.0,0.42,1
V2227,83.82,2.348,12.83,51.0,1427.0,72.2,28006.0,18.31,0
V2228,105.82,5.862,11.48,90.1,2055.0,73.7,93404.0,7.0,1
V2229,102.68,1.743,13.07,60.3,2318.0,60.3,32620.0,3.39,0
V2230,93.52,7.638,,93.1,1667.0,77.7,47488.0,5.91,1
V2231,74.04,2.031,12.14,56.0,1725.0,100.0,24977.0,6.0,0
V2232,84.29,1.442,13.23,36.3,2695.0,72.5,91832.0,4.28,0
V2233,115.83,5.26,11.22,42.0,1809.0,82.5,48895.0,0.76,1
V2234,101.53,2.814,12.1,57.0,2490.0,65.1,4275.0,5.1,1
V2235,98.11,2.183,13.8,57.7,2809.0,88.3,29211.0,3.37,0
V2236,118.22,7.161,12.27,71.9,1798.0,65.1,79012.0,5.15,1
V2237,80.57,1.54,13.94,30.2,1575.0,68.8,59533.0,3.14,0
V2238,102.03,5.779,10.06,69.3,2636.0,82.8,106072.0,12.53,1
V2239,98.03,1.721,14.04,80.1,2051.0,,11625.0,3.94,0
V2240,81.97,1.869,12.64,70.9,1981.0,81.5,170090.0,3.41,0
V2241,95.45,5.756,11.11,53.4,2914.0,90.8,15101.0,7.4,1
V2242,80.35,0.76,13.71,99.3,2066.0,77.4,2317.0,1.91,0
V2243,76.88,0.474,,46.4,2339.0,88.0,30804.0,1.52,0
V2244,79.81,4.127,12.85,19.6,1394.0,55.6,5261.0,2.8,0
V2245,75.21,1.284,13.61,83.9,2162.0,81.7,51459.0,3.51,0
V2246,85.27,1.456,12.63,29.1,1759.0,68.2,103867.0,1.0,0
V2247,97.79,10.954,11.66,74.2,1947.0,80.8,114420.0,4.59,1
V2248,86.87,3.471,13.41,26.1,1917.0,98.7,42032.0,6.49,0
V2249,87.57,4.264,11.49,11.5,2851.0,30.2,34483.0,3.44,1
V2250,107.73,6.221,11.59,24.4,1868.0,65.7,230156.0,2.96,1
V2251,91.67,3.528,13.78,43.9,1933.0,40.6,38976.0,1.4,0
V2252,82.17,2.5,12.15,19.6,2967.0,56.5,118062.0,9.61,1
V2253,87.99,2.244,13.56,27.8,2022.0,67.9,111782.0,5.62,0
V2254,94.82,0.796,12.47,78.8,1890.0,87.9,15381.0,2.62,0
V2255,86.05,5.781,12.62,79.3,2750.0,87.1,623.0,4.3,1
V2256,106.59,12.565,11.68,83.6,2208.0,86.7,26025.0,1.64,1
V2257,94.17,5.762,12.68,85.7,2244.0,83.4,88918.0,0.25,1
V2258,79.36,4.051,12.31,47.8,2349.0,54.9,81392.0,0.91,0
V2259,84.55,1.724,13.64,88.1,2870.0,87.0,41648.0,0.33,0
V2260,89.47,4.064,12.47,57.3,1683.0,64.8,7667.0,2.84,0
V2261,85.61,1.077,14.4,52.4,2772.0,81.7,5122.0,3.89,0
V2262,97.75,3.452,10.66,74.7,1453.0,61.2,139232.0,1.92,1
V2263,77.63,3.585,12.3,29.2,1792.0,72.3,24621.0,3.02,0
V2264,86.35,3.509,12.83,81.1,1752.0,74.0,47006.0,0.36,0
V2265,73.69,0.506,13.63,48.7,2129.0,80.2,106336.0,5.88,0
V2266,93.6,8.461,11.98,21.5,1825.0,62.4,91773.0,0.13,1
V2267,77.77,0.902,14.01,20.7,2835.0,84.9,37656.0,4.03,0
V2268,79.12,9.769,12.82,24.8,2460.0,55.3,30116.0,2.27,0
V2269,94.89,3.659,12.71,90.2,2193.0,100.0,59805.0,0.81,0
V2270,93.73,3.444,12.56,99.2,1761.0,63.7,19361.0,2.96,0
V2271,89.87,0.975,12.68,42.1,2901.0,45.6,44184.0,6.07,0
V2272,76.26,1.329,12.16,36.3,2249.0,73.9,1054.0,2.13,0
V2273,82.47,6.311,12.61,29.7,2075.0,68.8,78257.0,1.83,0
V2274,102.88,6.589,11.41,84.1,2132.0,61.2,280389.0,0.61,1
V2275,86.13,1.762,13.43,28.8,2089.0,95.2,139257.0,3.61,0
V2276,103.55,1.646,13.89,93.2,2623.0,86.3,20076.0,7.04,0
V2277,88.15,1.685,13.13,70.1,2765.0,81.9,34082.0,3.3,0
V2278,86.54,4.346,12.6,90.7,1737.0,60.7,12126.0,0.72,0
V2279,82.53,4.061,13.45,59.9,1874.0,67.1,16243.0,4.33,0
V2280,86.07,2.664,12.98,72.2,1899.0,65.8,27508.0,0.12,0
V2281,83.78,2.239,13.61,65.8,2360.0,47.6,61861.0,7.28,0
V2282,90.66,1.746,12.43,84.8,2699.0,79.1,812.0,10.18,0
V2283,102.69,10.083,10.17,85.2,1513.0,80.2,22523.0,3.64,1
V2284,78.71,0.566,13.44,63.1,1677.0,76.8,36587.0,8.54,0
V2285,83.81,5.263,,66.9,2028.0,78.4,10904.0,0.35,1
V2286,70.31,2.531,13.56,93.0,2467.0,58.0,3678.0,1.04,0
V2287,89.06,0.456,12.48,93.7,1730.0,61.6,34902.0,1.53,0
V2288,76.17,1.256,13.26,69.8,2007.0,70.3,45701.0,5.93,0
V2289,79.78,10.413,11.88,10.7,1839.0,95.8,46100.0,2.65,1
V2290,88.11,3.876,12.08,19.4,2579.0,92.4,19843.0,1.71,0
V2291,104.94,1.247,13.0,87.2,2145.0,82.8,12194.0,0.69,0
V2292,84.95,1.215,11.79,17.6,1836.0,100.0,11203.0,6.66,0
V2293,91.71,0.57,13.88,29.2,1612.0,82.6,1862.0,0.1,0
V2294,85.65,1.398,12.21,30.7,2002.0,84.5,9188.0,1.65,0
V2295,97.51,5.232,11.78,64.0,2068.0,97.2,76819.0,1.11,1
V2296,92.35,2.654,13.0,61.9,2624.0,85.4,500.0,0.55,0
V2297,82.68,1.46,12.42,36.0,2709.0,99.7,2020.0,0.76,0
V2298,87.14,0.89,14.11,28.7,1608.0,75.4,6113.0,2.72,0
V2299,105.45,5.375,10.86,78.8,2692.0,65.4,24531.0,2.22,1
V2300,79.66,1.698,12.84,94.2,2556.0,73.6,18273.0,2.92,0
V2301,109.7,6.712,11.49,14.8,1934.0,78.6,8812.0,5.2,1
V2302,83.6,2.379,12.58,22.0,2579.0,61.4,5292.0,8.91,0
V2303,78.95,2.147,12.93,67.8,1804.0,64.3,125758.0,0.5,0
V2304,104.96,8.653,12.3,82.4,2403.0,68.7,108987.0,0.35,1
V2305,77.81,5.737,13.1,81.2,3413.0,58.5,66508.0,1.54,0
V2306,85.23,2.63,12.54,74.8,2315.0,66.2,13067.0,3.16,0
V2307,84.93,2.678,13.0,89.9,2029.0,86.0,17600.0,0.42,0
V2308,105.89,4.86,10.63,29.6,1543.0,86.9,49327.0,5.03,1
V2309,96.27,4.258,12.11,19.7,2241.0,54.0,15520.0,3.25,1
V2310,84.8,3.733,12.7,65.4,2699.0,79.6,34036.0,5.52,0
V2311,91.54,3.241,12.73,84.0,1845.0,74.0,47407.0,1.77,0
V2312,109.62,4.47,11.3,62.4,2470.0,90.8,32953.0,2.05,1
V2313,89.46,2.385,12.7,96.7,2068.0,71.0,23995.0,6.59,0
V2314,85.08,4.402,14.01,81.6,2001.0,56.4,19240.0,1.24,0
V2315,84.4,6.534,11.57,73.1,2445.0,67.7,67678.0,1.92,1
V2316,76.48,0.118,,15.4,1253.0,57.0,60445.0,0.1,0
V2317,82.56,1.177,13.07,19.7,2104.0,41.2,53617.0,3.24,0
V2318,80.12,1.937,11.43,80.6,2694.0,74.2,21127.0,7.63,0
V2319,83.5,0.768,13.04,27.8,2108.0,82.8,67272.0,0.11,0
V2320,85.45,2.432,13.12,12.6,2204.0,77.8,142337.0,3.81,0
V2321,89.24,1.231,13.54,92.0,2134.0,55.7,52555.0,7.47,0
V2322,84.44,2.493,12.98,90.2,3156.0,54.7,23584.0,2.72,0
V2323,88.89,1.263,12.54,29.7,2392.0,78.3,71640.0,1.5,0
V2324,85.52,1.309,12.94,80.2,1562.0,100.0,42292.0,20.0,0
V2325,69.2,2.479,12.79,14.3,1767.0,94.4,94549.0,0.27,0
V2326,77.49,3.847,13.31,35.7,2247.0,70.6,56201.0,0.95,0
V2327,97.1,5.624,11.67,66.1,2829.0,78.2,66120.0,8.66,1
V2328,75.32,1.95,12.41,78.7,2531.0,,49542.0,1.41,0
V2329,89.8,0.316,,10.9,2696.0,72.8,4344.0,6.86,0
V2330,97.25,,12.56,39.4,1635.0,54.8,29872.0,1.62,0
V2331,94.75,1.167,12.81,29.3,2515.0,32.7,2617.0,6.68,0
V2332,91.37,5.349,11.14,99.9,1831.0,77.7,26703.0,4.63,1
V2333,96.93,2.254,,70.4,2140.0,72.0,56713.0,2.53,0
V2334,86.19,2.317,12.18,46.5,2625.0,49.4,24610.0,2.96,0
V2335,82.3,1.003,13.02,16.8,1916.0,53.6,500.0,0.78,0
V2336,80.09,5.046,13.65,63.9,1480.0,71.1,20741.0,0.49,0
V2337,91.84,5.918,11.43,67.8,2016.0,66.8,3157.0,5.05,1
V2338,81.89,0.95,12.6,83.5,2261.0,96.5,68258.0,7.55,0
V2339,86.36,1.012,12.78,36.0,2541.0,96.3,68910.0,5.12,0
V2340,86.28,2.56,13.18,98.3,1755.0,62.3,73883.0,9.76,0
V2341,85.02,0.918,13.34,49.6,1923.0,97.6,1386.0,8.83,0
V2342,88.5,1.18,13.9,36.6,2308.0,99.3,1476.0,6.02,0
V2343,105.46,2.745,10.17,41.4,2473.0,79.4,105196.0,9.14,1
V2344,92.6,3.362,13.16,56.8,2301.0,61.0,5941.0,0.73,0
V2345,82.35,2.933,11.72,94.3,2127.0,76.8,49902.0,5.26,1
V2346,75.3,7.013,11.91,76.2,1830.0,43.1,71413.0,5.6,1
V2347,97.04,5.103,12.19,61.9,2644.0,66.2,26728.0,0.67,1
V2348,74.06,0.73,12.86,24.7,2807.0,79.0,35581.0,9.61,0
V2349,83.2,3.089,12.4,23.4,1908.0,80.8,11609.0,0.1,0
V2350,85.33,8.216,11.13,55.2,1963.0,68.3,115730.0,2.28,1
V2351,70.58,1.885,13.39,75.6,2542.0,76.1,16166.0,0.1,0
V2352,102.32,8.202,11.16,77.6,2284.0,59.7,11055.0,2.96,1
V2353,,5.153,12.19,30.3,2491.0,96.1,33538.0,2.13,1
V2354,95.28,5.511,10.96,19.0,2336.0,96.7,9511.0,3.9,1
V2355,64.27,7.766,13.28,44.6,2390.0,,52226.0,5.82,0
V2356,80.63,0.554,12.05,92.6,1996.0,71.0,32573.0,5.85,0
V2357,88.13,1.542,14.35,59.1,1201.0,,7197.0,5.12,0
V2358,73.17,1.95,12.86,38.8,2297.0,87.7,3133.0,0.43,0
V2359,97.23,9.461,11.13,39.1,2545.0,77.8,6628.0,2.16,1
V2360,84.88,3.417,12.84,21.9,2343.0,60.0,6611.0,6.77,0
V2361,108.78,4.364,10.1,52.6,1827.0,90.9,16884.0,4.25,1
V2362,99.31,2.739,10.35,81.2,1911.0,68.3,80612.0,4.57,1
V2363,77.22,1.83,13.02,97.2,3429.0,62.0,2655.0,1.03,0
V2364,94.57,1.257,13.07,55.1,2376.0,89.2,6168.0,1.57,0
V2365,97.31,5.176,11.22,25.0,1026.0,63.2,16237.0,12.48,1
V2366,97.29,8.098,12.28,71.5,1913.0,76.9,36267.0,7.51,1
V2367,77.53,8.934,12.95,78.1,2091.0,94.2,64764.0,0.72,0
V2368,81.45,1.379,12.28,16.5,1581.0,92.7,114333.0,3.15,0
V2369,77.92,0.538,12.71,86.5,2135.0,80.1,23903.0,2.7,0
V2370,83.62,1.563,13.1,84.6,1954.0,57.4,5034.0,2.35,0
V2371,98.69,4.103,12.68,52.5,2298.0,67.5,10808.0,2.54,0
V2372,74.02,0.962,13.18,60.4,2058.0,100.0,15238.0,4.12,0
V2373,72.09,2.005,12.92,74.2,1850.0,89.2,69401.0,13.66,0
V2374,96.77,3.049,12.91,70.9,2031.0,71.5,52219.0,8.33,0
V2375,83.33,1.402,13.12,11.5,2624.0,56.1,10551.0,8.32,0
V2376,79.65,2.381,13.29,21.0,2232.0,46.5,82115.0,4.86,0
V2377,93.32,0.88,13.42,24.6,2092.0,93.2,88205.0,0.1,0
V2378,80.16,4.734,14.19,78.0,2376.0,93.5,96336.0,2.32,0
V2379,99.61,1.659,13.52,49.6,2199.0,74.4,14472.0,2.86,0
V2380,90.42,2.33,12.11,59.1,1647.0,68.8,6460.0,7.39,0
V2381,94.35,1.908,11.15,79.5,2543.0,92.0,4940.0,10.25,1
V2382,102.26,0.77,12.84,40.7,1888.0,52.8,22994.0,2.4,0
V2383,80.15,4.009,12.54,77.4,2029.0,100.0,25242.0,1.43,0
V2384,90.94,1.386,13.23,49.8,1443.0,86.1,91195.0,1.65,0
V2385,87.39,0.921,13.3,43.9,2611.0,56.2,14024.0,3.46,0
V2386,106.01,3.457,11.03,40.0,2262.0,86.8,44365.0,1.29,1
V2387,97.49,4.673,13.71,96.8,2342.0,64.7,69848.0,9.66,0
V2388,85.26,3.314,13.87,79.5,2607.0,55.0,14110.0,2.17,0
V2389,88.94,5.602,10.46,11.8,2611.0,86.7,13986.0,18.45,1
V2390,88.68,5.951,12.14,96.2,1848.0,58.4,49775.0,0.46,0
V2391,90.64,4.425,12.22,79.8,2206.0,55.0,58281.0,0.83,1
V2392,101.11,0.545,13.52,23.4,2157.0,82.3,144583.0,2.87,0
V2393,86.09,2.096,13.3,16.9,2110.0,73.4,85353.0,8.11,0
V2394,82.08,6.714,13.01,37.7,1798.0,90.2,77682.0,1.75,0
V2395,86.48,2.129,12.94,66.2,2913.0,70.5,53040.0,7.27,0
V2396,74.22,4.439,13.32,65.5,2707.0,69.1,5675.0,2.22,0
V2397,93.54,2.928,11.1,34.8,2422.0,44.4,74554.0,7.67,1
V2398,109.15,4.023,12.35,50.1,2878.0,82.5,123225.0,1.3,1
V2399,88.53,6.941,10.34,29.1,2437.0,,22296.0,2.55,1
V2400,76.62,2.294,13.01,14.6,2048.0,92.8,16937.0,1.31,0
V2401,93.26,4.11,11.49,56.5,1989.0,86.4,33262.0,0.97,1
V2402,102.97,7.218,11.75,41.2,2393.0,80.0,141029.0,2.19,1
V2403,90.75,3.81,13.4,58.9,1511.0,64.0,2348.0,1.63,0
V2404,107.96,68.73,11.87,95.2,2633.0,68.8,55531.0,6.19,1
V2405,78.95,0.121,12.75,22.9,1386.0,,75852.0,5.51,0
V2406,73.63,2.028,12.39,10.2,2751.0,74.2,69962.0,1.78,0
V2407,103.32,5.828,11.24,16.9,2448.0,96.3,37642.0,19.45,1
V2408,82.42,0.342,12.35,51.6,3175.0,94.7,113976.0,14.57,0
V2409,82.99,2.706,11.89,73.6,2290.0,71.2,6501.0,10.0,0
V2410,95.63,4.534,13.66,62.3,2528.0,76.4,12656.0,3.53,0
V2411,89.45,2.025,11.87,54.5,2548.0,63.1,16500.0,2.13,0
V2412,88.65,0.828,14.12,41.9,1757.0,73.5,500.0,1.5,0
V2413,102.32,0.146,12.68,37.9,1666.0,89.2,20839.0,0.1,0
V2414,79.85,2.745,12.83,43.9,1733.0,66.8,7881.0,4.0,0
V2415,92.42,0.394,12.09,65.0,2184.0,69.5,58033.0,3.22,0
V2416,99.87,4.73,11.83,25.1,2196.0,57.5,24123.0,3.98,1
V2417,98.51,8.931,10.89,79.4,2217.0,66.5,54853.0,3.43,1
V2418,97.23,1.1,13.04,61.8,2447.0,84.2,15644.0,0.59,0
V2419,89.06,1.693,12.53,34.2,1829.0,71.4,6366.0,4.75,0
V2420,89.31,6.748,13.29,55.1,2619.0,57.7,6370.0,1.79,0
V2421,93.58,2.218,,96.7,2415.0,78.2,10225.0,2.91,0
V2422,82.08,1.397,13.05,11.8,2990.0,74.2,5509.0,1.82,0
V2423,78.29,4.103,13.28,28.0,2415.0,91.8,11212.0,0.1,0
V2424,76.64,1.462,13.87,50.4,2165.0,73.0,38934.0,8.37,0
V2425,69.27,1.036,13.48,67.5,3274.0,60.1,13327.0,0.64,0
V2426,101.45,3.108,13.05,29.1,2158.0,89.4,18900.0,3.49,0
V2427,76.17,4.331,13.0,93.8,2345.0,60.5,2438.0,8.59,0
V2428,83.23,1.03,13.19,67.8,2417.0,55.5,100240.0,1.0,0
V2429,82.79,2.358,13.46,89.0,2666.0,59.4,6691.0,2.12,0
V2430,96.19,4.199,11.57,39.6,2243.0,65.8,19293.0,1.9,1
V2431,97.96,5.73,12.26,84.6,3584.0,46.6,21474.0,0.37,1
V2432,91.88,0.835,12.44,44.0,1913.0,49.1,66553.0,2.2,0
V2433,80.34,3.279,13.27,32.7,2945.0,86.7,29734.0,2.61,0
V2434,83.66,5.596,13.32,92.0,1469.0,72.4,21727.0,0.11,0
V2435,98.79,3.757,11.41,18.3,1708.0,72.5,53564.0,2.68,1
V2436,91.76,,11.34,94.9,1422.0,74.2,40898.0,0.39,1
V2437,97.86,4.038,12.84,51.3,1737.0,83.5,3661.0,8.92,0
V2438,88.93,2.345,11.42,99.3,1382.0,62.7,16874.0,4.2,0
V2439,102.77,4.968,11.08,58.6,2254.0,83.4,173013.0,0.23,1
V2440,90.3,1.116,12.25,78.2,1754.0,76.7,29716.0,7.02,0
V2441,94.39,5.386,14.87,10.6,2957.0,60.6,24839.0,1.8,0
V2442,86.45,4.354,13.64,54.7,2451.0,84.1,7309.0,1.02,0
V2443,86.04,8.408,12.57,76.4,2233.0,75.9,82205.0,1.17,1
V2444,88.2,0.706,13.8,80.5,2333.0,,6438.0,3.64,0
V2445,79.79,2.897,13.42,24.2,2523.0,60.4,4996.0,0.34,0
V2446,80.77,1.189,,47.7,2796.0,82.2,26012.0,0.24,0
V2447,,9.829,10.58,47.7,1951.0,90.2,25823.0,3.95,1
V2448,94.91,1.028,13.62,19.3,1859.0,79.2,179474.0,16.05,0
V2449,85.17,2.417,12.42,49.9,2407.0,88.3,6139.0,2.64,0
V2450,87.47,0.237,13.24,82.6,2984.0,93.5,29759.0,2.13,0
V2451,98.62,2.407,13.4,37.0,1519.0,71.6,10112.0,11.76,0
V2452,86.93,0.714,12.84,48.9,2400.0,77.5,54444.0,1.1,0
V2453,118.5,5.484,11.79,96.5,2845.0,85.0,22368.0,1.1,1
V2454,89.52,1.794,13.5,12.9,2508.0,57.8,47045.0,9.42,0
V2455,70.91,1.498,13.47,63.2,2366.0,90.5,18590.0,4.16,0
V2456,105.76,7.735,11.42,76.9,2470.0,95.5,37411.0,0.22,1
V2457,88.05,8.121,12.99,78.5,3102.0,63.9,28496.0,4.48,0
V2458,95.32,0.521,13.35,74.4,2597.0,100.0,21104.0,6.86,0
V2459,103.63,4.038,10.62,75.4,1424.0,86.9,34702.0,1.28,1
V2460,94.09,5.982,12.78,15.3,2158.0,72.7,21788.0,1.93,1
V2461,75.21,2.658,12.92,58.1,2244.0,43.8,73800.0,0.88,0
V2462,91.93,7.169,11.62,80.5,2713.0,73.6,30765.0,4.01,1
V2463,78.2,1.897,13.36,18.5,2242.0,81.3,105046.0,4.36,0
V2464,80.36,4.478,13.34,11.1,2208.0,79.6,11343.0,0.28,0
V2465,89.71,2.339,12.41,83.3,2221.0,55.3,5352.0,4.53,0
V2466,114.31,4.999,11.24,74.1,2320.0,65.1,21582.0,4.3,1
V2467,88.16,0.715,13.02,47.1,2153.0,85.2,9132.0,0.14,0
V2468,75.43,2.163,12.98,94.6,1990.0,83.9,22474.0,3.24,0
V2469,101.02,5.658,11.89,79.0,2126.0,89.1,10460.0,3.81,1
V2470,108.97,4.763,12.53,97.1,2353.0,76.8,91197.0,2.25,1
V2471,80.12,2.237,12.92,93.6,2510.0,74.5,37760.0,9.26,0
V2472,83.93,2.9,12.59,53.3,3568.0,82.7,30975.0,1.59,0
V2473,104.14,4.661,10.65,77.9,1535.0,76.4,69749.0,0.28,1
V2474,78.72,1.947,13.24,70.2,2494.0,52.0,6286.0,4.46,0
V2475,90.19,,12.72,83.0,2938.0,97.8,87526.0,3.72,0
V2476,84.03,1.843,12.89,80.9,1813.0,88.8,29714.0,18.06,0
V2477,88.36,0.672,13.12,23.8,2542.0,81.3,6601.0,1.05,0
V2478,90.26,9.219,11.65,31.0,2018.0,54.5,77019.0,2.01,1
V2479,81.5,1.221,13.08,33.9,1942.0,87.6,27793.0,2.47,0
V2480,90.78,0.494,13.08,83.7,1833.0,68.4,41754.0,7.91,0
V2481,82.02,3.161,13.37,83.0,2155.0,87.5,100828.0,2.14,0
V2482,98.82,6.102,14.58,54.6,2136.0,83.2,99611.0,5.92,0
V2483,89.5,7.878,11.76,62.3,2577.0,69.9,100496.0,0.68,1
V2484,86.8,5.09,12.78,84.4,1478.0,90.8,24274.0,2.11,0
V2485,92.46,0.928,13.73,38.1,2625.0,57.1,62312.0,0.67,0
V2486,73.65,,12.37,14.5,2614.0,75.8,11953.0,11.96,0
V2487,70.91,1.533,12.66,53.4,2354.0,99.9,80051.0,0.78,0
V2488,72.79,4.254,13.42,92.2,3344.0,82.3,18816.0,2.17,0
V2489,108.58,5.27,12.26,81.1,2817.0,88.7,28056.0,0.34,1
V2490,93.35,5.476,12.36,43.0,1950.0,76.2,99900.0,10.17,1
V2491,105.47,2.236,12.65,15.8,1605.0,74.7,73735.0,3.91,0
V2492,80.49,1.558,12.65,67.3,1856.0,56.7,137127.0,13.13,0
V2493,98.38,4.843,10.95,85.1,1909.0,72.7,20328.0,0.17,1
V2494,97.34,1.793,12.85,69.8,1286.0,85.1,7371.0,0.77,0
V2495,101.05,1.47,13.53,48.3,2447.0,58.6,108563.0,1.91,0
V2496,110.07,4.472,11.24,21.1,1543.0,60.6,30580.0,3.88,1
V2497,94.67,1.66,12.82,92.0,2317.0,81.3,99083.0,1.6,0
V2498,104.04,4.925,9.31,34.8,2669.0,87.4,59267.0,4.98,1
V2499,89.74,0.272,13.53,30.2,2900.0,100.0,93504.0,0.72,0
V2500,91.23,2.338,13.19,83.4,2074.0,70.9,47853.0,3.67,0
V2501,80.59,1.652,11.63,98.3,1842.0,71.3,75298.0,2.03,0
V2502,78.45,5.275,13.27,69.4,2868.0,87.5,5770.0,2.84,0
V2503,84.97,0.47,12.76,66.2,2953.0,83.6,155307.0,3.37,0
V2504,83.64,2.21,13.47,38.7,2541.0,71.1,8984.0,0.25,0
V2505,96.82,102.405,10.79,11.8,1854.0,74.6,1116.0,10.31,1
V2506,101.57,4.588,10.98,27.3,1542.0,65.6,34053.0,6.17,1
V2507,92.64,1.607,14.04,62.6,2758.0,57.7,56002.0,2.34,0
V2508,92.29,6.406,12.38,23.6,2169.0,73.0,56711.0,3.17,1
V2509,96.82,2.96,12.89,89.5,2820.0,97.8,18646.0,0.13,0
V2510,75.87,3.121,13.22,26.9,1867.0,64.2,63078.0,2.76,0
V2511,83.45,1.473,12.72,57.0,2754.0,53.5,83192.0,2.22,0
V2512,90.35,3.441,9.8,56.1,2904.0,59.9,42374.0,1.88,1
V2513,70.07,2.491,13.79,64.4,2079.0,83.0,21949.0,6.76,0
V2514,84.34,3.914,12.52,39.5,2354.0,81.4,42787.0,0.8,0
V2515,84.03,,13.76,88.6,1619.0,94.1,89198.0,0.78,0
V2516,97.11,1.902,13.42,50.0,1632.0,90.9,103829.0,2.95,0
V2517,90.05,1.374,13.17,73.0,2359.0,79.5,1441.0,4.65,0
V2518,76.81,2.082,12.98,67.2,1930.0,,5875.0,0.1,0
V2519,99.83,3.468,13.42,20.5,2320.0,63.8,500.0,3.16,0
V2520,107.33,3.921,10.51,66.0,2282.0,85.3,30517.0,1.42,1
V2521,89.66,3.2,13.8,59.6,2526.0,73.4,25803.0,5.66,0
V2522,83.19,1.514,13.09,90.9,2465.0,87.8,35515.0,2.53,0
V2523,77.32,4.343,13.9,89.3,2660.0,81.3,51790.0,7.18,0
V2524,82.02,1.064,12.93,23.6,2314.0,67.9,20491.0,2.02,0
V2525,93.71,3.877,13.09,17.4,2354.0,58.5,10527.0,7.02,0
V2526,100.08,0.655,13.16,36.5,2199.0,67.5,22600.0,5.04,0
V2527,110.7,6.906,11.03,98.8,2725.0,77.8,500.0,7.05,1
V2528,81.09,3.248,14.09,11.9,3120.0,62.8,79592.0,6.69,0
V2529,89.75,3.772,10.89,70.6,2575.0,72.7,21783.0,2.66,1
V2530,86.13,1.413,12.92,64.8,2449.0,91.3,43873.0,1.84,0
V2531,,2.1,12.99,68.2,2091.0,92.6,17669.0,5.8,0
V2532,87.59,1.602,11.61,29.6,2321.0,82.2,42931.0,1.79,0
V2533,83.82,1.305,12.67,30.4,2003.0,95.4,34986.0,0.37,0
V2534,92.85,5.439,11.47,48.8,1892.0,56.0,10526.0,7.83,1
V2535,72.24,4.646,14.58,18.6,2102.0,94.5,44176.0,2.02,0
V2536,103.97,7.58,11.75,16.7,3095.0,54.6,5225.0,0.57,1
V2537,80.74,2.872,13.3,18.0,2158.0,75.2,29521.0,4.16,0
V2538,84.53,6.627,10.03,61.6,3012.0,62.8,57264.0,8.82,1
V2539,62.02,0.935,12.96,45.8,1714.0,86.1,35839.0,7.89,0
V2540,84.78,1.954,13.56,36.4,2269.0,51.5,61717.0,3.23,0
V2541,109.47,2.96,13.21,38.4,2560.0,48.5,14357.0,0.37,1
V2542,98.29,2.557,12.59,28.7,2586.0,65.2,2252.0,4.77,0
V2543,81.34,2.525,11.91,47.0,1659.0,64.1,2592.0,3.75,0
V2544,93.25,5.128,11.16,28.3,1592.0,66.4,14083.0,0.94,1
V2545,88.75,2.849,12.54,72.8,2510.0,64.9,23566.0,9.23,0
V2546,77.01,,12.54,21.2,1923.0,85.3,34700.0,0.36,0
V2547,87.41,2.44,13.54,95.3,2517.0,73.7,63784.0,1.87,0
V2548,91.13,1.154,13.21,18.1,2918.0,98.2,82356.0,0.4,0
V2549,94.82,0.749,12.32,94.9,1872.0,78.5,53241.0,9.72,0
V2550,84.2,2.567,13.85,85.0,1939.0,88.2,27997.0,0.14,0
V2551,95.87,4.305,11.48,71.3,1187.0,83.7,13823.0,2.22,1
V2552,77.98,1.2,11.98,92.1,2601.0,61.5,25122.0,7.92,0
V2553,78.38,3.306,13.71,22.5,3265.0,67.2,14372.0,1.16,0
V2554,83.19,1.971,12.9,25.9,1577.0,89.9,44073.0,0.44,0
V2555,93.03,5.6,11.48,32.7,2822.0,48.4,76720.0,0.54,1
V2556,92.31,3.065,12.13,32.0,2868.0,82.3,32859.0,2.08,0
V2557,78.57,1.093,12.73,38.0,2592.0,72.3,2112.0,2.24,0
V2558,96.94,3.335,12.69,61.8,1897.0,63.8,126415.0,5.06,0
V2559,82.83,2.753,13.09,12.5,2078.0,71.0,15684.0,1.09,0
V2560,101.13,4.135,12.71,44.4,2476.0,99.3,110671.0,4.84,1
V2561,79.02,1.322,12.7,32.2,2462.0,49.1,75466.0,20.0,0
V2562,81.72,7.262,10.33,64.6,2075.0,56.7,23982.0,7.99,1
V2563,92.07,0.371,12.8,98.7,2430.0,45.9,2627.0,4.04,0
V2564,102.33,,11.37,56.6,2019.0,68.4,132788.0,11.25,1
V2565,94.99,3.171,11.17,48.3,2144.0,65.6,48421.0,18.89,1
V2566,94.87,4.726,11.6,43.1,2099.0,77.4,12925.0,3.38,1
V2567,89.13,2.494,13.1,80.6,2747.0,67.8,34316.0,1.28,0
V2568,72.5,2.217,13.04,16.5,1486.0,81.8,45399.0,9.86,0
V2569,80.77,2.823,13.95,96.4,2525.0,63.2,11567.0,7.44,0
V2570,108.85,6.41,10.54,47.6,2380.0,100.0,4419.0,0.35,1
V2571,74.97,2.07,12.38,38.2,1065.0,84.2,14006.0,11.02,0
V2572,102.03,3.942,10.85,97.7,2636.0,82.7,2195.0,1.82,1
V2573,74.15,0.321,13.21,94.2,2698.0,84.4,3265.0,1.55,0
V2574,103.79,4.305,11.42,67.8,1997.0,59.3,7663.0,1.68,1
V2575,84.71,1.602,13.43,11.7,2442.0,71.3,7761.0,1.54,0
V2576,72.08,0.64,12.95,77.4,2334.0,71.9,12823.0,2.9,0
V2577,94.32,0.174,12.88,40.2,3316.0,67.9,124716.0,3.47,0
V2578,79.12,1.478,13.2,44.9,2451.0,69.8,38592.0,2.22,0
V2579,89.45,10.22,12.69,24.3,2253.0,87.4,24708.0,2.13,1
V2580,86.6,2.741,,57.1,2747.0,74.1,37334.0,5.35,0
V2581,108.17,7.827,11.07,77.0,3004.0,79.5,500.0,0.1,1
V2582,76.87,1.808,13.02,34.6,3236.0,49.7,101312.0,11.74,0
V2583,85.49,1.567,14.22,94.5,1901.0,48.8,34198.0,5.01,0
V2584,88.43,2.94,12.36,27.5,2415.0,60.8,27038.0,4.91,0
V2585,100.96,2.957,11.49,16.0,1889.0,99.6,127821.0,2.19,1
V2586,86.41,7.138,12.47,68.0,3361.0,100.0,58988.0,13.5,0
V2587,82.06,0.768,13.24,86.4,2224.0,89.7,18523.0,0.1,0
V2588,78.38,3.129,11.76,95.8,2679.0,69.1,123810.0,0.32,0
V2589,85.69,0.836,12.38,79.0,2117.0,81.4,85974.0,6.52,0
V2590,82.75,4.788,12.91,28.0,2450.0,93.9,139085.0,5.37,1
V2591,61.63,3.366,13.01,98.0,1297.0,100.0,4553.0,1.27,0
V2592,88.49,0.438,12.55,92.7,2720.0,57.7,139835.0,3.61,0
V2593,92.23,0.923,12.97,24.7,2851.0,78.1,35227.0,3.04,0
V2594,66.1,,12.96,60.3,1904.0,70.2,50193.0,3.0,0
V2595,76.92,1.674,13.34,60.0,1295.0,83.8,10735.0,3.62,0
V2596,108.12,4.755,10.36,49.8,2941.0,75.8,6808.0,20.0,1
V2597,107.95,8.615,,98.6,2878.0,60.0,3722.0,17.48,1
V2598,91.54,2.499,10.38,15.4,2596.0,80.9,24693.0,16.0,1
V2599,79.18,5.905,13.38,66.4,2107.0,64.6,11259.0,3.18,0
V2600,83.54,2.672,13.0,28.5,2060.0,74.5,3832.0,1.53,0
V2601,96.0,0.744,13.86,57.5,2867.0,75.2,139615.0,3.28,0
V2602,79.83,1.814,13.5,80.2,2040.0,100.0,59489.0,3.9,0
V2603,78.61,0.552,12.79,32.2,2279.0,79.8,32828.0,1.49,0
V2604,81.14,1.57,12.97,45.4,2197.0,73.7,61201.0,4.01,0
V2605,87.28,4.807,12.29,95.6,2364.0,85.9,42541.0,3.89,1
V2606,85.98,2.287,13.86,78.5,2146.0,61.7,8822.0,9.35,0
V2607,111.35,4.718,11.56,61.5,2205.0,76.5,45161.0,1.09,1
V2608,87.58,1.925,12.41,30.0,3096.0,84.5,51417.0,4.78,0
V2609,82.98,0.826,11.74,48.3,2462.0,83.8,12200.0,2.4,0
V2610,96.44,7.589,9.81,79.7,2391.0,67.1,17364.0,0.56,1
V2611,72.49,6.425,13.28,83.8,2611.0,80.5,21752.0,1.52,0
V2612,92.06,1.783,13.27,32.0,1641.0,85.2,41520.0,0.24,0
V2613,84.38,2.588,12.59,69.6,2709.0,61.4,6102.0,1.54,0
V2614,83.56,1.707,13.78,18.6,2351.0,65.9,61224.0,0.29,0
V2615,110.54,2.3,12.88,12.1,1891.0,70.2,19111.0,10.38,0
V2616,87.39,2.391,12.65,59.4,2152.0,100.0,52961.0,0.43,0
V2617,78.99,0.65,13.7,30.2,2467.0,63.8,121562.0,6.8,0
V2618,81.59,23.91,13.62,17.1,2243.0,79.9,91767.0,9.46,0
V2619,94.19,4.109,12.97,75.7,2743.0,69.7,60202.0,2.52,0
V2620,100.22,7.366,11.83,54.8,1824.0,60.9,9668.0,0.22,1
V2621,73.49,1.57,13.39,81.7,1637.0,85.5,59267.0,3.62,0
V2622,,2.425,14.31,69.8,1819.0,53.8,45451.0,1.07,0
V2623,79.65,1.667,12.92,75.7,1995.0,96.7,66636.0,0.78,0
V2624,108.3,6.366,10.67,37.7,2267.0,59.4,91401.0,3.35,1
V2625,93.64,0.434,13.38,33.7,2034.0,65.0,16794.0,1.76,0
V2626,81.42,2.946,13.04,64.1,1606.0,83.6,46516.0,5.24,0
V2627,95.25,5.319,13.07,28.0,1523.0,86.3,14480.0,3.58,0
V2628,85.54,1.143,12.98,83.4,1561.0,78.5,19129.0,7.07,0
V2629,101.76,9.502,10.95,57.1,2056.0,67.0,33089.0,0.24,1
V2630,88.88,2.514,13.16,30.4,1794.0,51.1,25625.0,1.07,0
V2631,86.58,3.76,10.55,66.3,2008.0,73.7,41304.0,3.35,1
V2632,79.85,1.561,12.81,95.1,2864.0,62.2,63989.0,8.5,0
V2633,114.07,8.037,11.03,17.4,1615.0,100.0,41801.0,6.72,1
V2634,98.83,4.336,11.31,19.8,2350.0,77.0,157497.0,4.55,1
V2635,91.04,10.0,12.17,85.9,1608.0,55.7,60294.0,3.41,1
V2636,89.08,8.362,11.22,19.9,1533.0,70.0,189022.0,3.99,1
V2637,88.39,1.387,13.69,13.5,2386.0,86.4,61218.0,0.96,0
V2638,101.5,1.77,13.45,41.3,2537.0,92.4,31910.0,3.62,0
V2639,76.46,0.301,12.96,52.0,2595.0,70.4,23820.0,2.72,0
V2640,85.19,1.97,12.38,61.2,2755.0,73.2,59873.0,1.94,0
V2641,104.69,4.323,11.92,55.7,2111.0,83.5,52288.0,8.75,1
V2642,84.36,66.12,12.81,92.2,2337.0,,49722.0,7.07,0
V2643,102.77,7.755,10.99,79.2,2007.0,80.2,57571.0,0.32,1
V2644,76.5,3.436,12.21,98.5,2846.0,79.3,92568.0,17.0,0
V2645,102.15,7.259,10.99,52.9,1744.0,83.0,11631.0,1.05,1
V2646,83.5,1.769,14.56,17.6,2450.0,74.4,37448.0,0.97,0
V2647,101.25,3.993,11.27,96.0,1667.0,51.5,41606.0,11.52,1
V2648,94.5,2.511,13.37,10.4,2255.0,78.4,15593.0,2.35,0
V2649,114.59,5.646,12.86,79.8,1397.0,61.9,198840.0,6.55,1
V2650,89.64,0.1,12.69,12.8,2313.0,100.0,69283.0,1.36,0
V2651,100.73,3.637,9.64,78.5,3187.0,100.0,17439.0,8.26,1
V2652,86.56,0.353,13.42,94.4,1921.0,57.8,19973.0,7.14,0
V2653,96.28,3.547,12.21,45.0,2079.0,62.2,57004.0,2.93,1
V2654,87.71,2.307,13.19,31.7,2633.0,40.4,520.0,4.88,0
V2655,82.64,5.669,13.03,30.4,2222.0,86.0,28066.0,13.3,0
V2656,86.35,2.074,13.7,54.3,2811.0,66.4,18911.0,2.41,0
V2657,105.11,4.67,11.52,25.4,2397.0,79.1,86588.0,2.73,1
V2658,76.95,2.493,14.3,70.6,2638.0,66.9,70507.0,5.13,0
V2659,94.12,1.121,13.42,43.2,1211.0,51.0,18163.0,1.95,0
V2660,106.76,5.211,12.04,39.1,2246.0,78.2,90044.0,13.0,1
V2661,84.06,0.673,13.0,51.5,1646.0,94.3,110195.0,0.17,0
V2662,68.03,2.052,13.19,58.8,2003.0,74.6,36179.0,2.07,0
V2663,94.63,8.523,9.69,22.8,2416.0,59.6,7805.0,5.0,1
V2664,95.38,2.355,12.65,73.7,2085.0,72.8,66200.0,2.24,0
V2665,97.25,5.317,11.82,89.5,1808.0,82.7,17311.0,1.2,1
V2666,77.01,1.568,12.96,35.0,2827.0,72.0,33716.0,2.13,0
V2667,80.96,0.469,12.33,26.2,2704.0,58.5,2100.0,8.53,0
V2668,91.72,1.715,12.59,78.4,1514.0,100.0,31200.0,3.17,0
V2669,89.37,3.736,12.58,26.5,2581.0,52.3,21531.0,1.63,0
V2670,83.09,2.728,12.98,13.7,2285.0,100.0,52136.0,4.45,0
V2671,82.07,0.712,12.5,65.7,2318.0,73.6,1874.0,3.79,0
V2672,81.87,0.332,13.85,31.6,2978.0,88.5,44131.0,3.29,0
V2673,77.62,1.11,13.12,25.5,2277.0,78.2,66520.0,1.98,0
V2674,97.92,1.729,12.16,98.3,2557.0,61.8,579.0,0.3,0
V2675,82.42,1.827,13.92,36.3,2307.0,94.9,62377.0,3.88,0
V2676,94.74,1.846,12.97,91.3,2310.0,84.2,6277.0,2.18,0
V2677,97.17,2.059,13.3,26.0,1737.0,73.6,53888.0,2.24,0
V2678,92.99,2.794,13.18,83.7,3427.0,85.9,27336.0,1.07,0
V2679,84.92,4.793,12.15,55.2,662.0,72.9,36132.0,1.15,1
V2680,99.33,1.221,11.14,17.1,1837.0,42.0,18518.0,6.19,1
V2681,84.81,3.026,13.2,76.0,1956.0,49.3,12674.0,2.61,0
V2682,86.55,5.519,10.74,90.3,2654.0,74.7,3316.0,0.46,1
V2683,87.59,1.297,13.22,24.7,1495.0,70.2,90008.0,0.19,0
V2684,75.57,7.17,12.89,75.3,2112.0,73.7,42422.0,1.02,0
V2685,103.71,8.189,11.58,50.1,2593.0,69.9,182826.0,2.67,1
V2686,81.28,0.762,12.12,77.8,1591.0,58.2,85506.0,3.84,0
V2687,101.19,4.139,11.11,74.3,2132.0,54.3,91683.0,0.62,1
V2688,107.59,3.922,10.94,12.4,2116.0,62.3,40992.0,2.28,1
V2689,82.93,2.506,14.11,26.1,1901.0,86.3,3798.0,0.3,0
V2690,102.09,9.449,11.27,52.4,2218.0,62.7,110089.0,0.15,1
V2691,81.2,6.946,12.57,94.0,1987.0,90.6,5645.0,7.96,0
V2692,104.96,6.408,10.98,40.8,2684.0,59.5,32762.0,4.3,1
V2693,74.23,1.508,13.16,66.6,2465.0,92.8,87476.0,6.08,0
V2694,86.01,4.538,12.55,11.1,2108.0,67.3,28774.0,0.8,0
V2695,100.51,2.251,12.66,74.0,2233.0,70.4,8151.0,1.56,0
V2696,77.0,0.612,12.55,64.3,2005.0,70.5,21021.0,2.35,0
V2697,93.35,2.089,10.74,74.4,2868.0,83.7,200505.0,4.29,1
V2698,104.3,4.353,12.08,91.4,2426.0,78.8,300000.0,3.06,1
V2699,86.44,4.038,11.81,23.2,2130.0,77.1,55834.0,3.21,0
V2700,,0.824,13.78,33.5,2419.0,73.8,98513.0,0.68,0
V2701,104.5,4.529,12.09,99.6,3144.0,66.5,2035.0,2.58,1
V2702,103.5,7.233,11.46,24.1,1857.0,91.5,14532.0,6.94,1
V2703,93.88,2.725,13.53,74.9,2642.0,76.3,20717.0,2.85,0
V2704,88.28,2.959,12.88,75.3,2407.0,83.6,543.0,0.89,0
V2705,83.07,4.138,12.37,71.5,2092.0,78.0,21292.0,2.13,0
V2706,100.62,4.263,10.7,30.5,1835.0,68.7,4394.0,5.62,1
V2707,100.2,5.684,13.42,29.4,2630.0,100.0,32786.0,0.58,0
V2708,83.94,3.356,13.46,70.0,2345.0,93.5,500.0,3.47,0
V2709,91.89,4.809,11.59,26.8,2922.0,66.9,14190.0,13.45,1
V2710,107.35,7.483,12.81,69.5,2784.0,100.0,90541.0,1.91,1
V2711,84.04,3.253,13.02,54.3,2350.0,88.9,10782.0,0.18,0
V2712,67.62,2.022,13.8,44.8,1839.0,58.6,3017.0,4.01,0
V2713,,3.021,12.43,37.0,3227.0,88.2,12930.0,0.19,0
V2714,,0.985,12.35,95.3,1890.0,81.2,79096.0,0.85,0
V2715,84.28,4.549,12.69,55.7,2615.0,77.5,39814.0,0.2,0
V2716,96.52,9.472,11.35,60.5,1314.0,90.2,39693.0,0.75,1
V2717,86.52,0.447,13.69,95.4,2985.0,80.1,500.0,7.72,0
V2718,90.68,1.285,13.18,68.8,1183.0,44.9,28753.0,5.31,0
V2719,93.05,4.992,11.22,96.2,2043.0,54.7,13893.0,1.67,1
V2720,95.99,5.427,11.85,19.6,1669.0,62.2,18440.0,9.1,1
V2721,100.9,4.803,11.47,86.2,2898.0,100.0,41086.0,4.38,1
V2722,108.21,6.467,11.18,40.2,1829.0,84.8,93338.0,2.37,1
V2723,111.49,2.341,,82.9,2464.0,83.1,9021.0,0.28,1
V2724,77.52,1.345,12.89,87.0,2333.0,76.6,65789.0,5.25,0
V2725,104.58,6.791,10.84,34.4,1477.0,61.2,2256.0,1.88,1
V2726,80.71,2.382,12.53,46.8,2714.0,53.2,17802.0,1.44,0
V2727,91.46,1.577,13.49,75.3,2192.0,89.9,11118.0,1.36,0
V2728,87.94,1.365,13.25,18.9,2954.0,100.0,111240.0,0.1,0
V2729,112.7,7.352,12.24,78.0,2507.0,85.2,8821.0,5.43,1
V2730,94.92,6.852,11.62,19.9,1820.0,67.6,38891.0,0.63,1
V2731,82.21,3.23,12.35,92.3,2099.0,68.9,8103.0,2.94,0
V2732,99.3,,10.91,34.9,2085.0,85.4,28866.0,0.1,1
V2733,82.57,0.618,13.62,61.8,2589.0,73.3,24004.0,3.95,0
V2734,91.4,0.817,12.04,20.5,2573.0,72.6,1901.0,1.84,0
V2735,72.07,,13.87,34.3,1863.0,66.9,78657.0,3.99,0
V2736,76.57,2.07,12.33,46.4,2674.0,65.0,68159.0,0.38,0
V2737,76.46,4.247,13.47,53.8,2403.0,73.2,14649.0,1.24,0
V2738,92.6,1.47,12.39,10.0,2535.0,51.2,42836.0,0.47,0
V2739,108.23,8.342,10.44,90.0,2459.0,84.3,20271.0,4.15,1
V2740,84.16,1.282,11.77,10.7,2615.0,47.0,65984.0,0.46,0
V2741,83.65,1.856,14.11,79.6,1734.0,91.0,53065.0,3.84,0
V2742,85.56,1.457,13.34,52.4,2295.0,67.1,4267.0,0.58,0
V2743,94.3,1.746,13.38,57.1,2704.0,73.2,83660.0,11.48,0
V2744,77.58,1.899,12.7,28.7,2758.0,83.4,8899.0,2.15,0
V2745,100.26,3.798,10.92,64.7,2757.0,70.7,8608.0,0.54,1
V2746,95.49,5.355,11.81,58.4,1757.0,63.9,59549.0,0.17,1
V2747,89.01,1.865,12.28,24.8,3239.0,79.3,9109.0,1.6,0
V2748,86.52,5.676,12.9,31.4,3083.0,100.0,5875.0,8.88,0
V2749,106.87,6.004,10.47,16.0,1767.0,86.8,18398.0,0.62,1
V2750,63.37,2.586,13.07,16.0,2050.0,63.6,82106.0,6.26,0
V2751,107.79,7.427,10.47,11.2,2543.0,69.7,8756.0,2.16,1
V2752,79.77,5.088,12.11,29.8,1839.0,67.8,18635.0,6.5,0
V2753,70.35,5.845,12.48,71.2,2491.0,59.5,15175.0,8.3,0
V2754,89.09,1.349,13.37,38.5,2306.0,84.0,19807.0,20.0,0
V2755,109.06,4.356,12.18,40.8,2844.0,70.1,56372.0,0.28,1
V2756,83.9,0.351,13.59,21.9,2415.0,79.8,23399.0,6.36,0
V2757,110.57,6.197,12.35,61.8,1185.0,35.8,64141.0,0.29,1
V2758,97.9,0.288,12.81,40.8,2631.0,85.4,46025.0,1.51,0
V2759,111.99,4.871,10.83,70.9,2815.0,66.1,20160.0,4.16,1
V2760,98.12,0.489,13.58,76.7,2168.0,59.9,25473.0,2.37,0
V2761,101.28,6.645,10.48,62.6,2274.0,54.9,54725.0,3.33,1
V2762,85.6,2.944,12.46,34.8,2276.0,61.2,34434.0,13.55,0
V2763,85.33,7.932,11.23,55.8,1907.0,68.6,91239.0,6.83,1
V2764,83.03,2.446,13.58,32.7,3435.0,88.3,121761.0,1.81,0
V2765,78.25,0.904,13.34,91.3,1809.0,68.3,56916.0,3.66,0
V2766,114.6,4.164,12.7,79.0,2664.0,89.7,203799.0,0.2,1
V2767,95.22,5.262,10.72,54.4,2662.0,79.4,40845.0,2.41,1
V2768,85.99,0.443,12.51,96.9,1971.0,100.0,1829.0,3.75,0
V2769,100.69,4.314,11.38,59.2,1732.0,67.5,31630.0,5.02,1
V2770,85.35,1.177,12.2,39.6,2147.0,81.2,11762.0,9.27,0
V2771,98.56,1.919,13.86,18.6,2549.0,93.7,18272.0,1.33,0
V2772,80.02,3.193,15.0,58.9,2353.0,,30307.0,9.3,0
V2773,86.56,4.434,12.57,87.4,3108.0,72.4,15733.0,4.33,0
V2774,79.73,4.048,12.31,88.0,1906.0,67.7,16673.0,0.32,1
V2775,74.44,0.962,12.91,64.4,1918.0,45.8,23139.0,1.91,0
V2776,80.11,0.648,13.27,45.4,2641.0,71.4,15188.0,2.59,0
V2777,84.7,1.979,13.64,68.5,1366.0,61.2,8358.0,1.74,0
V2778,81.57,0.729,12.31,78.6,1918.0,66.9,65275.0,0.49,0
V2779,79.46,2.655,12.71,47.0,2135.0,75.8,22629.0,3.21,0
V2780,73.75,4.848,13.72,52.9,2193.0,51.6,80206.0,0.57,0
V2781,84.34,0.365,13.31,71.3,1946.0,60.1,96442.0,9.86,0
V2782,72.96,0.993,13.2,88.9,1288.0,80.8,62557.0,8.02,0
V2783,101.52,9.98,11.84,81.2,2907.0,56.0,22738.0,2.58,1
V2784,85.66,2.359,,12.0,2881.0,74.3,57496.0,0.28,0
V2785,73.34,1.35,13.69,21.2,1368.0,54.0,7591.0,3.21,0
V2786,82.53,10.085,13.45,86.8,2537.0,82.9,48694.0,3.59,0
V2787,88.19,4.269,11.94,85.0,2132.0,84.9,23442.0,8.77,1
V2788,103.91,6.633,12.03,45.0,2480.0,93.5,47974.0,0.28,1
V2789,95.72,1.032,12.96,62.6,2340.0,93.7,63254.0,4.71,0
V2790,70.0,0.875,12.55,91.5,1471.0,79.1,37220.0,3.31,0
V2791,85.92,3.235,12.97,92.0,2601.0,48.6,46285.0,0.77,0
V2792,86.56,8.459,10.84,80.5,1924.0,75.0,10809.0,0.52,1
V2793,90.37,1.4,11.98,28.9,902.0,81.9,40419.0,4.74,0
V2794,86.71,0.816,13.46,75.7,2300.0,76.8,27768.0,1.66,0
V2795,78.98,4.066,,19.1,1418.0,99.9,25142.0,20.0,0
V2796,82.45,1.412,13.33,90.5,2772.0,94.5,23768.0,8.98,0
V2797,78.63,2.681,13.53,23.4,2054.0,75.4,16758.0,3.34,0
V2798,93.61,1.365,12.89,69.6,2239.0,86.2,16395.0,4.11,0
V2799,96.11,3.291,10.76,64.9,2460.0,53.0,54135.0,0.69,1
V2800,100.21,0.957,13.57,79.9,2252.0,77.8,36720.0,8.98,0
V2801,84.51,3.297,12.36,59.6,1904.0,56.0,1368.0,2.46,0
V2802,79.33,2.74,12.34,15.4,2765.0,72.3,2238.0,2.95,0
V2803,72.89,2.671,13.27,73.5,2146.0,64.8,37991.0,8.26,0
V2804,70.57,1.129,13.25,44.5,1638.0,65.2,84269.0,0.1,0
V2805,86.62,3.818,12.71,38.8,2377.0,62.8,2024.0,2.73,1
V2806,87.14,6.808,11.97,99.3,2160.0,69.0,31845.0,3.94,0
V2807,,0.821,12.94,63.1,2189.0,66.4,85712.0,0.69,0
V2808,72.35,1.039,12.32,74.0,2263.0,84.5,500.0,0.28,0
V2809,92.16,1.089,13.51,57.4,2228.0,71.0,14521.0,3.06,0
V2810,81.14,2.208,13.8,79.3,2929.0,74.3,113613.0,3.17,0
V2811,96.81,3.272,11.93,77.7,1799.0,79.4,3824.0,1.6,1
V2812,,5.124,11.88,69.1,1160.0,79.3,42027.0,8.56,1
V2813,101.27,3.268,11.35,99.8,2200.0,59.0,31861.0,1.43,1
V2814,94.3,5.61,11.63,51.4,2616.0,71.0,7402.0,2.91,1
V2815,77.87,2.635,12.5,73.6,1418.0,78.6,1954.0,0.83,0
V2816,78.82,9.204,11.28,81.8,2382.0,61.8,31425.0,0.1,1
V2817,79.25,0.857,12.55,43.8,1497.0,60.1,59783.0,2.22,0
V2818,104.72,8.732,11.51,51.1,2622.0,57.4,8779.0,2.99,1
V2819,88.32,3.661,11.39,97.2,2205.0,78.0,52895.0,5.79,1
V2820,83.95,1.59,13.27,12.9,1760.0,70.6,35573.0,2.38,0
V2821,85.61,0.819,14.02,40.2,1398.0,72.7,19932.0,1.31,0
V2822,83.2,1.382,12.74,53.8,3291.0,48.3,49137.0,3.71,0
V2823,79.8,1.435,11.87,10.1,3353.0,76.1,9592.0,1.92,0
V2824,86.35,0.492,13.49,90.9,1660.0,76.8,27473.0,1.06,0
V2825,88.54,2.615,13.56,35.8,1649.0,79.0,35863.0,9.65,0
V2826,76.28,2.37,13.69,33.2,2240.0,96.6,27620.0,3.08,0
V2827,96.29,3.095,13.88,83.8,2007.0,63.6,22800.0,0.89,0
V2828,84.21,1.235,13.89,35.0,2037.0,82.3,60777.0,4.45,0
V2829,85.15,3.677,,69.2,2342.0,80.0,48033.0,6.5,0
V2830,105.44,6.989,13.73,83.9,3159.0,81.8,45907.0,5.68,1
V2831,86.87,1.689,12.8,81.3,2881.0,70.3,100070.0,3.66,0
V2832,92.63,0.873,13.48,80.4,2040.0,86.5,226622.0,2.93,0
V2833,87.3,2.123,13.16,18.0,2561.0,64.1,37687.0,6.01,0
V2834,80.1,2.049,12.42,17.2,1276.0,68.0,19265.0,4.93,0
V2835,97.58,5.232,12.63,37.6,2268.0,72.2,67906.0,3.39,1
V2836,75.85,3.1,12.73,13.2,2082.0,71.6,6897.0,4.29,0
V2837,85.87,1.529,14.12,55.0,2682.0,,32369.0,0.74,0
V2838,84.73,0.81,12.54,45.5,2511.0,78.9,33453.0,0.1,0
V2839,89.92,5.546,11.44,60.1,2354.0,79.0,184610.0,10.7,1
V2840,98.33,5.082,10.1,36.9,2430.0,94.8,212008.0,10.95,1
V2841,69.95,3.396,13.9,53.7,1983.0,71.9,72248.0,6.2,0
V2842,88.39,4.178,11.11,40.1,2684.0,90.8,28826.0,1.86,1
V2843,85.74,2.518,13.55,27.6,2430.0,59.0,35656.0,0.65,0
V2844,105.72,8.045,12.54,68.4,2119.0,73.1,17338.0,1.77,1
V2845,76.78,4.262,12.9,70.6,2249.0,74.0,79697.0,5.18,0
V2846,95.13,0.46,12.76,84.6,2622.0,55.4,61766.0,1.63,0
V2847,78.07,1.54,13.05,88.7,2669.0,75.7,66415.0,6.36,0
V2848,92.76,4.865,12.33,73.4,2029.0,76.7,6718.0,4.47,0
V2849,102.72,2.832,12.94,71.9,1753.0,84.0,22885.0,3.98,1
V2850,79.83,1.924,13.4,15.1,1972.0,82.2,34685.0,10.65,0
V2851,113.06,5.358,11.12,19.9,1998.0,55.8,5991.0,8.96,1
V2852,75.45,2.558,12.52,83.1,2262.0,92.9,20693.0,4.97,0
V2853,92.35,0.204,13.11,31.0,2799.0,68.1,4117.0,0.89,0
V2854,110.15,7.061,10.47,42.0,1965.0,65.9,143564.0,11.18,1
V2855,79.64,,12.1,23.1,2394.0,82.4,62611.0,1.03,0
V2856,96.14,0.76,13.18,27.6,2108.0,87.8,43630.0,1.86,0
V2857,100.89,3.957,10.91,79.8,2210.0,67.9,10315.0,7.01,1
V2858,87.31,2.623,13.55,33.6,2351.0,74.3,18300.0,0.94,0
V2859,106.5,3.724,11.06,50.4,2801.0,88.7,7022.0,4.07,1
V2860,94.8,9.227,11.59,23.7,2324.0,61.0,34566.0,2.45,1
V2861,91.49,1.82,13.03,71.0,909.0,33.0,77295.0,3.91,0
V2862,99.39,8.882,12.03,75.5,2100.0,83.1,865.0,12.69,1
V2863,86.83,5.742,11.35,42.6,2985.0,88.7,4907.0,6.61,1
V2864,95.43,3.296,12.53,80.6,2771.0,51.1,11723.0,1.4,0
V2865,71.7,3.158,12.77,31.6,2595.0,74.7,56340.0,0.24,0
V2866,108.22,3.189,11.67,72.3,2790.0,67.5,100986.0,13.65,1
V2867,99.77,5.409,11.2,75.7,2612.0,76.9,62929.0,3.52,1
V2868,76.27,1.45,12.99,97.2,2780.0,44.0,33495.0,0.76,0
V2869,81.71,0.411,13.4,30.9,1641.0,56.0,4998.0,3.95,0
V2870,76.15,1.696,11.94,18.4,2170.0,81.7,63277.0,0.17,0
V2871,83.28,0.659,12.04,33.7,2274.0,73.0,5024.0,0.83,0
V2872,93.96,3.561,10.98,21.1,2227.0,97.6,19226.0,4.01,1
V2873,91.24,1.946,13.52,25.3,1911.0,83.8,16567.0,2.06,0
V2874,95.48,0.898,12.61,40.1,2273.0,60.6,20028.0,1.57,0
V2875,96.17,2.996,12.98,47.3,1350.0,85.8,17990.0,4.26,0
V2876,80.5,1.436,13.08,91.3,2427.0,100.0,65975.0,8.05,0
V2877,83.33,0.64,13.19,27.6,1863.0,73.9,8478.0,4.54,0
V2878,71.53,0.911,13.94,97.5,1112.0,81.0,84141.0,2.49,0
V2879,92.76,5.033,11.38,82.9,2208.0,87.4,87919.0,4.3,1
V2880,102.07,4.866,11.72,89.3,2974.0,72.5,30382.0,4.76,1
V2881,97.92,2.488,12.92,93.6,1250.0,43.3,5050.0,5.97,0
V2882,86.38,5.788,11.71,77.8,2078.0,,38548.0,1.47,1
V2883,80.26,0.835,13.04,81.0,1389.0,87.0,77399.0,0.49,0
V2884,84.79,1.193,11.83,49.4,2329.0,96.9,15379.0,4.58,0
V2885,,3.899,12.82,55.9,2636.0,58.5,81837.0,0.52,1
V2886,78.52,0.97,13.03,93.9,1795.0,59.2,50843.0,2.48,0
V2887,107.78,6.644,12.02,44.0,1988.0,64.7,196288.0,1.05,1
V2888,81.21,0.508,12.36,13.8,2126.0,72.5,78359.0,1.61,0
V2889,84.88,3.574,14.32,78.6,2820.0,83.1,10126.0,2.54,0
V2890,89.37,1.843,12.52,61.6,1501.0,58.2,26821.0,9.06,0
V2891,104.68,2.891,11.48,83.3,1973.0,89.2,4917.0,4.56,1
V2892,81.51,,12.08,16.8,2985.0,88.5,3250.0,0.75,0
V2893,84.12,0.999,13.22,65.9,1836.0,88.9,55096.0,8.46,0
V2894,84.29,1.26,12.83,32.3,2003.0,70.3,109848.0,2.78,0
V2895,82.04,1.465,12.07,91.3,2290.0,41.5,163506.0,0.91,0
V2896,82.93,3.38,12.96,19.9,3364.0,99.0,14191.0,3.0,0
V2897,108.37,3.748,11.84,85.9,1641.0,66.1,10141.0,0.85,1
V2898,89.49,2.378,12.85,18.0,2578.0,85.8,36967.0,1.83,0
V2899,82.64,52.065,,12.3,1606.0,76.8,10090.0,6.55,0
V2900,103.12,4.839,11.5,31.2,1696.0,91.9,15788.0,4.3,1
V2901,82.33,2.651,12.24,40.0,1943.0,74.2,81693.0,2.6,0
V2902,94.38,1.938,13.53,66.4,2432.0,76.0,74843.0,1.03,0
V2903,87.96,2.952,12.67,21.9,1925.0,77.7,101452.0,1.33,0
V2904,84.14,0.622,13.56,49.4,2266.0,81.3,29621.0,15.31,0
V2905,99.23,8.131,11.39,28.4,1841.0,56.5,37364.0,1.68,1
V2906,72.43,1.116,13.04,87.0,2241.0,100.0,66251.0,3.83,0
V2907,75.99,1.857,13.77,14.0,1551.0,73.9,12306.0,2.77,0
V2908,75.45,0.282,12.51,42.0,1564.0,83.6,77946.0,0.1,0
V2909,86.14,1.312,12.34,66.8,1943.0,97.7,797.0,11.58,0
V2910,98.86,2.451,13.33,92.2,2506.0,74.9,71901.0,0.37,0
V2911,123.37,7.719,9.57,88.1,2297.0,60.1,67306.0,4.3,1
V2912,106.17,5.846,11.0,90.6,1813.0,59.6,16165.0,6.66,1
V2913,89.01,1.399,12.05,15.7,1634.0,68.3,58573.0,5.52,0
V2914,70.59,0.465,,85.7,2717.0,80.0,10836.0,6.63,0
V2915,80.66,4.752,12.4,80.2,2882.0,81.6,38636.0,5.38,0
V2916,78.7,1.344,12.61,91.2,2454.0,91.9,54267.0,2.36,0
V2917,94.39,5.017,11.31,38.0,2378.0,52.0,56439.0,9.06,1
V2918,,1.402,12.77,92.1,1131.0,78.3,183183.0,9.74,0
V2919,95.11,5.326,11.54,46.2,2497.0,84.2,9040.0,2.3,1
V2920,69.17,4.609,,67.1,2994.0,83.7,29496.0,2.65,0
V2921,97.86,7.118,11.07,48.2,2736.0,38.7,95451.0,2.66,1
V2922,76.42,1.613,12.64,48.5,2709.0,69.4,37099.0,1.31,0
V2923,86.91,4.829,13.85,59.2,1372.0,87.2,94078.0,0.49,0
V2924,122.0,8.21,12.01,42.0,1848.0,62.8,25617.0,1.22,1
V2925,85.43,5.35,10.91,81.3,2128.0,57.2,71391.0,7.43,1
V2926,64.76,1.438,12.97,67.0,1844.0,83.5,91827.0,3.13,0
V2927,82.71,3.579,14.18,72.1,1620.0,79.5,84315.0,7.59,0
V2928,93.81,3.933,12.28,30.8,2410.0,78.5,92285.0,5.47,0
V2929,113.68,2.781,10.43,97.3,2698.0,65.3,11155.0,1.71,1
V2930,94.8,7.775,11.32,69.4,1502.0,55.3,26010.0,0.82,1
V2931,88.97,4.469,12.95,27.7,2719.0,89.2,8633.0,3.35,0
V2932,81.28,1.705,12.52,77.5,2312.0,100.0,8960.0,10.99,0
V2933,84.15,1.436,13.59,25.6,3012.0,50.7,30109.0,7.32,0
V2934,119.66,6.139,11.33,15.7,2597.0,90.3,144948.0,5.77,1
V2935,72.98,7.604,12.64,57.5,2265.0,72.4,40332.0,5.78,0
V2936,87.03,0.666,12.68,59.8,2269.0,79.8,86539.0,3.0,0
V2937,88.74,2.765,12.55,27.0,2201.0,74.1,124540.0,0.74,0
V2938,93.69,3.534,13.5,41.4,3109.0,100.0,4075.0,1.34,0
V2939,,4.581,12.72,95.1,2506.0,63.0,7957.0,3.45,0
V2940,95.55,8.432,10.7,35.7,2016.0,66.0,15465.0,1.52,1
V2941,93.82,4.593,12.83,24.0,2485.0,76.1,43161.0,6.09,1
V2942,87.15,0.594,12.83,99.3,2433.0,83.5,2867.0,1.87,0
V2943,96.21,4.209,10.37,37.2,1989.0,95.0,69518.0,0.48,1
V2944,89.97,3.475,14.03,71.2,1790.0,82.4,2966.0,6.1,0
V2945,82.04,1.242,13.37,30.8,2791.0,78.4,7762.0,4.79,0
V2946,88.02,5.072,13.03,59.5,2069.0,68.4,21636.0,1.17,0
V2947,84.77,1.811,12.87,44.8,2041.0,82.7,36712.0,15.88,0
V2948,94.01,1.177,12.83,96.5,2491.0,64.3,95980.0,2.06,0
V2949,96.76,5.067,10.95,49.0,1941.0,78.0,149254.0,4.56,1
V2950,70.82,1.669,12.84,62.6,2314.0,71.7,97187.0,9.65,0
V2951,101.22,4.094,10.47,95.0,2010.0,60.3,5095.0,0.68,1
V2952,77.75,7.004,12.94,99.0,910.0,98.4,44891.0,8.45,0
V2953,79.77,1.235,12.63,19.1,2393.0,60.3,26230.0,4.87,0
V2954,80.23,1.524,13.13,85.1,2331.0,69.1,6050.0,0.73,0
V2955,111.63,3.612,11.3,44.4,2377.0,51.2,36447.0,4.37,1
V2956,67.91,5.021,12.58,63.5,1162.0,72.5,19849.0,8.3,0
V2957,110.1,,12.95,43.8,1525.0,81.5,19095.0,6.42,0
V2958,93.45,2.164,13.33,46.1,2781.0,61.4,4464.0,5.72,0
V2959,100.23,11.565,8.98,24.3,2237.0,47.7,173532.0,0.7,1
V2960,84.56,1.466,13.35,61.5,1253.0,,58252.0,0.85,0
V2961,87.28,1.472,12.26,59.2,2242.0,72.6,14804.0,3.17,0
V2962,89.17,1.251,12.72,27.0,1415.0,71.5,112260.0,3.47,0
V2963,90.16,2.695,11.3,58.8,1913.0,98.8,133119.0,11.5,0
V2964,89.44,0.955,13.34,97.6,2327.0,80.0,74822.0,2.53,0
V2965,97.77,3.069,11.36,74.3,2328.0,78.8,48456.0,1.44,1
V2966,83.42,1.52,12.7,53.3,2703.0,79.9,21249.0,0.85,0
V2967,105.32,4.2,11.88,92.4,2433.0,79.9,25640.0,0.22,1
V2968,83.44,2.447,11.82,61.8,2464.0,68.4,27315.0,0.28,0
V2969,94.07,2.7,13.04,22.2,2009.0,61.0,133708.0,3.41,0
V2970,89.75,3.042,,59.3,1775.0,100.0,64245.0,0.78,0
V2971,61.48,3.689,13.1,26.3,2224.0,72.8,15540.0,7.63,0
V2972,98.69,5.196,10.93,79.1,2710.0,75.3,44094.0,3.63,1
V2973,86.56,4.635,13.02,97.0,2613.0,75.7,40552.0,8.01,0
V2974,84.85,4.328,12.95,42.5,2099.0,63.6,75240.0,2.23,0
V2975,81.89,0.84,13.46,49.1,2170.0,77.7,4507.0,3.62,0
V2976,174.82,3.158,11.88,47.9,1749.0,55.8,54370.0,2.98,1
V2977,92.58,0.162,12.75,35.7,2775.0,85.7,18100.0,17.27,0
V2978,78.82,4.68,13.14,81.5,3008.0,71.2,6248.0,6.37,0
V2979,88.26,3.643,12.6,65.6,2420.0,91.9,59217.0,3.62,0
V2980,94.57,8.405,11.38,15.8,1382.0,82.8,18132.0,3.73,1
V2981,73.96,0.504,13.28,85.5,2537.0,80.9,58941.0,1.14,0
V2982,79.99,2.877,12.9,26.8,3027.0,63.1,7977.0,5.31,0
V2983,91.9,1.322,13.31,98.1,1641.0,76.1,191860.0,16.26,0
V2984,92.63,0.275,13.0,43.9,2623.0,86.3,73198.0,0.55,0
V2985,107.33,7.353,11.46,65.5,2106.0,76.7,15358.0,4.06,1
V2986,98.52,3.389,11.48,17.0,2822.0,54.6,60709.0,2.92,1
V2987,89.13,2.616,13.1,41.0,1621.0,89.8,6568.0,7.6,0
V2988,99.4,1.974,11.45,82.2,1983.0,86.3,47686.0,0.1,1
V2989,88.46,2.296,13.52,52.9,1416.0,52.5,2767.0,0.59,0
V2990,91.4,3.724,12.49,91.4,2370.0,76.9,18250.0,0.15,0
V2991,91.03,2.3,13.16,61.8,2477.0,87.2,172708.0,0.71,0
V2992,99.97,2.768,11.3,93.6,2372.0,66.0,5800.0,4.92,1
V2993,108.9,8.237,11.78,98.4,1942.0,55.1,40944.0,0.6,1
V2994,87.81,1.573,12.97,50.9,1980.0,58.9,3295.0,3.89,0
V2995,93.56,1.108,12.51,60.9,2036.0,73.4,49808.0,8.11,0
V2996,84.79,1.896,13.66,85.1,2643.0,89.0,14699.0,0.14,0
V2997,77.95,0.516,12.47,29.9,1474.0,58.7,16696.0,0.11,0
V2998,83.7,1.195,13.39,87.5,2030.0,58.8,18549.0,18.36,0
V2999,79.04,1.65,11.98,63.3,1464.0,70.4,10332.0,4.47,0
V3000,79.6,2.438,12.83,75.3,1995.0,85.3,127864.0,0.61,0
V3001,83.84,2.1,13.92,17.2,2193.0,100.0,106320.0,1.47,0
V3002,96.08,5.964,11.2,79.0,3250.0,76.3,91815.0,16.8,1
V3003,82.54,1.956,13.06,38.0,1866.0,64.9,5065.0,1.03,0
V3004,69.85,4.294,13.96,82.5,2714.0,63.1,11963.0,5.59,0
V3005,102.59,7.498,11.28,55.8,1345.0,95.6,42630.0,1.1,1
V3006,85.01,2.724,13.16,34.7,2220.0,56.1,158355.0,2.03,0
V3007,95.61,7.374,11.78,95.7,2219.0,77.9,41778.0,8.5,1
V3008,106.11,6.085,9.59,78.9,2573.0,94.8,17827.0,0.12,1
V3009,107.11,4.548,10.88,98.7,1927.0,72.6,76522.0,1.47,1
V3010,72.14,1.512,13.08,42.8,1808.0,58.8,6549.0,2.67,0
V3011,78.9,2.373,12.04,68.4,1160.0,82.9,96070.0,3.93,0
V3012,78.85,1.829,13.82,65.0,2366.0,76.6,165422.0,0.11,0
V3013,89.8,5.104,13.22,71.9,1879.0,82.1,154405.0,2.12,1
V3014,91.64,2.304,13.36,13.4,2713.0,83.7,7192.0,1.69,0
V3015,83.45,2.664,13.79,36.3,2456.0,82.8,35894.0,0.11,0
V3016,91.21,4.409,11.89,91.8,2793.0,79.4,39568.0,1.76,1
V3017,68.97,5.294,12.86,48.1,1763.0,85.2,9757.0,10.73,0
V3018,105.7,5.125,10.21,96.5,2302.0,95.2,35612.0,1.28,1
V3019,75.09,1.989,12.59,29.2,2295.0,63.2,46799.0,3.52,0
V3020,85.48,3.954,12.61,99.8,1952.0,71.0,17952.0,1.42,0
V3021,87.22,1.023,13.37,72.8,2815.0,86.9,17070.0,0.45,0
V3022,95.89,0.446,13.05,79.9,2591.0,73.9,2796.0,1.37,0
V3023,74.53,2.849,12.06,45.7,3215.0,56.0,141413.0,2.55,0
V3024,60.84,1.568,13.52,91.6,2547.0,80.0,73246.0,1.41,0
V3025,97.3,2.357,13.29,59.1,3134.0,67.6,64117.0,3.91,1
V3026,112.68,2.53,13.17,71.3,3123.0,100.0,991.0,11.91,1
V3027,94.91,4.504,12.32,18.5,1954.0,89.9,44054.0,0.29,0
V3028,86.68,0.466,13.19,66.9,1465.0,92.4,8965.0,5.05,0
V3029,81.07,3.054,12.4,89.1,3043.0,75.6,48774.0,0.1,0
V3030,91.46,2.01,14.16,26.0,2547.0,79.7,43678.0,0.1,0
V3031,82.94,8.759,11.65,76.4,2461.0,69.9,85952.0,0.57,1
V3032,88.81,3.966,12.78,12.3,1976.0,62.4,13273.0,2.62,0
V3033,89.04,0.777,12.67,93.4,2399.0,61.3,1253.0,0.2,0
V3034,93.48,3.245,13.2,98.5,2709.0,100.0,110461.0,5.12,0
V3035,123.32,4.939,12.19,41.9,2529.0,81.0,107681.0,0.12,1
V3036,98.64,4.798,10.92,19.6,1893.0,55.2,27385.0,2.74,1
V3037,80.93,3.07,13.84,69.3,2971.0,89.4,3659.0,4.51,0
V3038,84.8,1.192,13.28,12.7,2262.0,100.0,31009.0,1.08,0
V3039,70.85,2.164,13.83,53.4,2540.0,52.0,33407.0,3.46,0
V3040,79.44,2.037,14.03,34.5,2620.0,84.0,77599.0,1.21,0
V3041,81.73,1.048,12.94,52.6,3266.0,58.2,56820.0,0.96,0
V3042,80.81,1.571,13.51,11.6,2407.0,92.3,3305.0,6.82,0
V3043,86.22,1.366,12.65,14.6,2174.0,42.9,54987.0,1.62,0
V3044,91.14,5.61,10.88,11.4,3157.0,76.2,6565.0,6.73,1
V3045,93.97,4.682,13.94,65.7,2754.0,81.7,4218.0,0.98,0
V3046,85.0,0.625,12.56,60.4,2353.0,54.2,22883.0,1.76,0
V3047,94.03,4.443,11.27,31.0,2322.0,81.7,3623.0,0.43,1
V3048,82.38,1.325,12.46,68.2,1220.0,68.0,79545.0,2.74,0
V3049,86.24,3.798,12.61,89.6,2156.0,100.0,27990.0,1.92,0
V3050,91.6,2.697,12.7,35.0,1499.0,53.6,39794.0,0.1,0
V3051,78.06,0.483,13.87,84.9,865.0,88.6,38703.0,2.5,0
V3052,79.74,2.306,13.31,69.6,1902.0,73.5,171977.0,0.31,0
V3053,82.57,1.823,13.51,13.0,1509.0,94.4,111346.0,7.25,0
V3054,74.23,0.69,11.92,43.8,2022.0,94.7,85110.0,2.72,0
V3055,78.45,1.339,13.02,55.7,2354.0,71.2,21750.0,4.69,0
V3056,89.31,4.617,10.99,75.9,2455.0,74.3,7055.0,6.88,1
V3057,92.0,1.371,13.3,35.8,2145.0,88.6,40327.0,0.21,0
V3058,87.1,4.099,,98.4,1556.0,82.8,26117.0,1.65,0
V3059,95.74,4.972,9.94,71.6,2139.0,73.2,11501.0,0.1,1
V3060,91.81,1.262,13.24,43.6,1667.0,62.5,4626.0,0.2,0
V3061,83.9,2.323,14.32,18.7,2902.0,80.5,25779.0,0.15,0
V3062,88.12,2.547,12.69,26.3,2126.0,58.3,47354.0,2.6,0
V3063,92.43,7.907,12.04,53.9,1630.0,84.7,44184.0,2.4,1
V3064,108.14,3.991,12.05,54.5,1674.0,91.7,66909.0,0.25,1
V3065,80.34,2.473,11.71,79.1,2203.0,62.6,28278.0,1.22,0
V3066,65.49,3.194,13.16,75.4,2229.0,68.7,17463.0,1.12,0
V3067,92.6,3.939,10.71,28.1,2103.0,65.5,34817.0,1.41,1
V3068,105.75,6.701,12.17,63.5,2697.0,90.8,166010.0,4.1,1
V3069,92.41,0.709,12.88,11.9,1719.0,75.8,2076.0,4.78,0
V3070,,2.211,12.57,45.9,2702.0,69.5,33848.0,1.66,0
V3071,94.89,2.241,13.51,78.8,2153.0,84.7,17972.0,6.21,0
V3072,85.71,2.2,13.29,46.0,2631.0,67.8,5010.0,2.16,0
V3073,105.73,3.865,12.17,85.2,1887.0,71.9,25666.0,2.96,1
V3074,80.06,0.1,14.15,97.9,2589.0,58.3,46120.0,0.63,0
V3075,82.47,1.612,12.65,64.6,1797.0,87.6,33801.0,1.06,0
V3076,110.32,5.029,13.34,23.1,3024.0,58.6,1332.0,5.2,1
V3077,106.79,8.51,13.22,44.2,2160.0,96.5,38943.0,15.1,1
V3078,83.88,2.632,12.54,10.9,1985.0,78.6,11879.0,4.88,0
V3079,81.4,0.697,12.6,64.2,1613.0,72.6,18799.0,0.22,0
V3080,85.0,1.685,13.03,83.9,2284.0,74.8,16842.0,0.62,0
V3081,106.13,2.907,12.06,66.7,2126.0,100.0,88000.0,2.36,1
V3082,79.68,6.735,12.97,80.7,1531.0,54.8,2193.0,5.28,1
V3083,66.63,2.684,12.48,82.0,1832.0,55.9,19247.0,0.73,0
V3084,80.6,0.806,13.15,86.6,1223.0,89.4,22600.0,5.56,0
V3085,75.23,1.28,12.54,34.0,1635.0,61.2,43403.0,3.25,0
V3086,80.93,3.414,13.07,88.4,2139.0,63.9,70008.0,5.96,0
V3087,83.82,2.342,14.29,68.9,2377.0,68.4,58533.0,3.26,0
V3088,81.37,2.005,14.09,36.1,2038.0,91.9,62858.0,3.69,0
V3089,104.05,4.985,12.26,98.9,2436.0,87.1,9615.0,1.14,1
V3090,87.61,3.358,13.38,95.5,1721.0,72.9,109235.0,5.09,0
V3091,87.4,1.478,13.28,61.7,2422.0,,24061.0,7.43,0
V3092,89.98,1.237,12.82,85.9,2161.0,80.6,503.0,8.2,0
V3093,75.89,3.768,14.15,33.5,2097.0,60.0,49631.0,0.12,0
V3094,93.31,0.1,13.79,47.4,2198.0,61.0,41686.0,3.92,0
V3095,94.7,2.373,11.72,26.6,1900.0,44.4,6058.0,18.24,1
V3096,103.84,2.371,11.46,56.8,1433.0,97.4,144701.0,3.54,1
V3097,76.43,3.942,12.91,54.6,1677.0,64.9,37104.0,0.75,0
V3098,72.57,2.251,13.2,29.2,1494.0,75.2,28507.0,8.4,0
V3099,91.54,0.733,12.98,70.6,2086.0,83.1,22847.0,1.23,0
V3100,100.58,1.392,12.68,20.6,2541.0,60.4,10599.0,0.18,1
V3101,77.78,4.017,13.29,15.6,2942.0,62.3,137413.0,2.25,0
V3102,78.04,0.684,12.43,44.6,1969.0,61.2,54504.0,0.42,0
V3103,94.0,1.196,12.31,46.9,2120.0,31.5,37729.0,0.49,0
V3104,88.97,4.648,13.29,38.8,3141.0,74.0,44888.0,2.49,1
V3105,122.52,6.414,10.5,33.2,1999.0,100.0,82585.0,3.79,1
V3106,137.8,1.341,12.79,40.5,1887.0,67.1,45442.0,9.43,0
V3107,90.11,0.581,12.74,24.7,2135.0,67.5,5477.0,4.89,0
V3108,82.37,3.064,12.26,46.3,1988.0,69.5,53775.0,7.4,0
V3109,89.83,3.018,13.19,91.4,1861.0,79.7,37445.0,2.12,0
V3110,80.65,5.509,12.93,30.2,1496.0,88.2,152621.0,1.53,0
V3111,97.35,5.39,11.5,71.6,2996.0,62.5,59544.0,3.59,1
V3112,91.49,1.999,12.56,22.8,2475.0,81.9,18972.0,4.76,1
V3113,87.2,8.026,9.5,41.9,3008.0,73.7,6547.0,3.36,1
V3114,90.93,1.438,12.48,38.9,2677.0,,29624.0,1.23,0
V3115,80.89,3.563,12.65,94.3,2208.0,81.8,51184.0,1.85,0
V3116,83.17,5.217,12.18,48.5,1365.0,60.4,8781.0,2.38,0
V3117,77.05,2.129,14.35,72.1,1745.0,67.1,47171.0,0.1,0
V3118,64.5,1.941,14.35,64.2,2026.0,81.9,78591.0,8.48,0
V3119,83.47,2.413,12.59,22.7,1718.0,72.9,7688.0,2.86,0
V3120,104.3,2.744,13.76,94.6,1290.0,86.9,55055.0,5.56,0
V3121,91.28,,13.36,41.1,1755.0,71.7,3181.0,0.75,0
V3122,84.85,1.736,13.99,14.0,2103.0,90.2,500.0,3.25,0
V3123,82.9,2.052,12.94,37.0,2995.0,45.6,1493.0,10.42,0
V3124,96.2,3.939,11.92,40.2,1863.0,79.9,44925.0,0.96,1
V3125,89.38,1.3,13.84,18.3,2528.0,55.7,163144.0,1.7,0
V3126,75.55,0.954,13.75,65.8,1712.0,91.8,66405.0,1.97,0
V3127,93.91,1.38,13.09,41.2,2088.0,72.8,13211.0,1.93,0
V3128,107.41,2.294,10.79,66.6,2183.0,69.9,3347.0,3.67,1
V3129,109.76,6.4,10.97,10.6,3000.0,62.6,43147.0,2.0,1
V3130,98.52,5.805,10.21,98.4,865.0,,500.0,4.48,1
V3131,85.16,1.843,13.47,25.3,1794.0,83.5,70787.0,2.65,0
V3132,90.38,2.367,13.13,69.3,2323.0,70.8,12535.0,0.69,0
V3133,89.73,0.955,13.17,74.4,2409.0,85.0,16000.0,11.87,0
V3134,82.17,1.934,12.98,25.4,1611.0,78.3,18970.0,1.1,0
V3135,80.41,4.334,12.31,20.1,2181.0,76.3,64891.0,3.31,0
V3136,85.81,4.235,13.19,23.7,2206.0,86.7,13900.0,0.25,0
V3137,97.39,5.582,13.36,32.2,2936.0,100.0,15063.0,10.03,0
V3138,82.43,5.957,10.97,25.1,2304.0,79.2,35041.0,10.52,1
V3139,73.26,2.521,12.98,70.7,2129.0,79.3,27979.0,1.81,0
V3140,86.32,3.524,12.61,47.9,1848.0,88.8,140123.0,0.52,0
V3141,94.45,3.766,11.29,58.4,2504.0,60.7,13757.0,5.88,1
V3142,86.39,3.344,12.32,14.3,2073.0,72.3,4338.0,1.22,0
V3143,86.95,3.741,12.84,87.5,1917.0,69.2,35040.0,4.82,0
V3144,98.32,5.31,12.33,25.4,1710.0,79.5,9179.0,9.87,1
V3145,96.92,2.074,12.7,42.4,2052.0,78.3,24021.0,3.57,0
V3146,72.19,1.616,12.59,16.5,2549.0,100.0,9327.0,7.9,0
V3147,78.37,1.866,12.63,22.3,1943.0,97.5,95777.0,1.02,0
V3148,84.17,2.265,12.89,69.9,2217.0,52.3,17851.0,9.65,0
V3149,71.85,2.44,14.08,72.3,1922.0,80.4,67098.0,1.03,0
V3150,83.59,0.968,13.84,70.9,2285.0,85.6,133568.0,1.02,0
V3151,98.29,1.126,12.91,59.7,2242.0,76.3,127018.0,8.48,0
V3152,98.59,5.486,10.77,95.7,1806.0,67.3,33481.0,3.24,1
V3153,108.48,4.225,10.38,55.6,2616.0,95.7,184035.0,6.43,1
V3154,74.92,1.04,12.45,50.4,1472.0,80.0,48012.0,6.49,0
V3155,80.07,1.802,11.82,32.3,2768.0,59.3,6189.0,4.16,0
V3156,82.0,6.11,13.44,18.9,2365.0,89.6,98668.0,0.84,0
V3157,82.46,0.205,13.8,59.3,2494.0,82.0,28458.0,4.71,0
V3158,95.25,0.1,12.77,38.3,1375.0,65.3,7456.0,0.26,0
V3159,89.46,0.211,13.23,57.2,2174.0,63.5,70535.0,0.9,0
V3160,76.11,7.696,12.35,28.6,2967.0,63.1,44066.0,4.12,0
V3161,101.84,2.701,10.93,85.4,2127.0,92.8,96214.0,9.54,1
V3162,103.19,3.145,10.98,100.0,2265.0,83.8,79035.0,5.91,1
V3163,112.15,6.451,13.06,39.0,1628.0,89.3,17362.0,1.62,1
V3164,108.06,4.226,13.4,85.8,1480.0,78.1,13326.0,6.94,1
V3165,82.67,4.152,12.59,88.6,2315.0,64.8,59563.0,13.6,1
V3166,92.59,8.672,11.8,99.6,1861.0,63.1,38327.0,1.61,1
V3167,74.94,3.43,13.55,40.8,1923.0,91.1,3260.0,0.83,0
V3168,83.13,1.171,13.19,78.0,2232.0,81.7,9020.0,0.88,0
V3169,99.26,3.818,11.41,30.6,2543.0,71.0,7385.0,2.05,1
V3170,107.44,4.496,11.81,66.2,2463.0,75.3,40100.0,0.21,1
V3171,95.49,5.569,11.29,73.4,2250.0,90.0,4035.0,2.68,1
V3172,82.44,6.204,12.94,76.7,2644.0,83.4,10477.0,5.27,0
V3173,,2.516,13.99,28.6,2722.0,73.6,35473.0,3.02,0
V3174,,4.498,11.16,86.4,2134.0,74.3,6425.0,14.03,1
V3175,101.72,4.689,14.05,47.9,3034.0,66.1,12842.0,2.48,0
V3176,72.14,4.266,12.46,29.5,1656.0,75.3,106781.0,0.1,0
V3177,101.14,4.509,10.49,58.8,1433.0,70.7,53748.0,2.54,1
V3178,107.33,3.08,11.12,87.7,2892.0,74.2,16495.0,10.63,1
V3179,85.05,1.555,12.5,97.0,1850.0,66.9,94431.0,0.4,0
V3180,93.56,3.548,10.3,77.3,864.0,54.9,12963.0,1.01,1
V3181,82.14,3.406,13.78,10.5,2037.0,89.3,40021.0,5.03,0
V3182,83.56,0.306,12.2,22.1,2814.0,83.6,20684.0,1.39,0
V3183,,1.459,13.35,16.9,2046.0,71.0,62772.0,5.8,0
V3184,86.05,3.359,12.4,19.1,1312.0,70.2,20905.0,2.17,1
V3185,111.85,3.6,10.31,44.5,2055.0,54.2,12877.0,6.36,1
V3186,81.14,6.983,11.42,40.5,2107.0,91.0,42108.0,3.21,1
V3187,82.87,3.994,13.81,20.2,2032.0,93.8,61552.0,0.34,0
V3188,81.57,3.987,12.75,89.4,1840.0,73.7,34589.0,1.95,0
V3189,89.71,1.372,13.2,65.4,1864.0,79.9,56691.0,1.62,0
V3190,72.22,2.281,13.38,81.7,2564.0,60.2,24669.0,6.64,0
V3191,88.7,0.95,13.1,43.4,1910.0,76.3,71412.0,3.92,0
V3192,115.6,4.495,10.84,46.9,2281.0,64.7,39579.0,6.01,1
V3193,74.09,4.019,12.53,38.6,2279.0,64.7,9831.0,1.86,0
V3194,86.52,3.569,12.34,49.5,1892.0,70.7,99636.0,4.71,0
V3195,,,13.36,64.9,1824.0,68.6,81582.0,0.27,0
V3196,99.11,4.414,10.9,54.4,2235.0,73.1,149481.0,0.15,1
V3197,,0.477,13.72,85.4,1374.0,90.8,37875.0,1.36,0
V3198,79.87,2.927,13.95,91.0,3197.0,43.3,50680.0,5.94,0
V3199,106.84,3.872,11.21,52.3,1914.0,67.0,89641.0,3.06,1
V3200,99.43,2.177,13.44,31.6,2005.0,84.5,2431.0,2.1,0
V3201,83.47,6.077,14.24,95.1,2568.0,77.9,109474.0,9.08,0
V3202,102.42,3.856,11.53,76.2,2115.0,63.3,14234.0,2.75,1
V3203,74.65,2.587,13.72,67.6,1991.0,100.0,2643.0,3.8,0
V3204,77.35,1.944,13.34,77.1,1531.0,100.0,12208.0,17.03,0
V3205,88.78,0.71,13.58,16.8,2251.0,74.8,39724.0,2.96,0
V3206,96.87,1.099,12.55,16.1,1927.0,60.1,2206.0,6.12,0
V3207,87.84,2.748,14.14,23.8,3241.0,71.2,500.0,2.14,0
V3208,98.94,3.894,10.7,23.3,2097.0,58.1,45895.0,0.15,1
V3209,84.99,5.085,13.38,47.9,1067.0,81.0,27181.0,7.19,0
V3210,75.0,2.842,12.96,24.2,2675.0,83.6,83701.0,11.56,0
V3211,89.84,0.827,13.32,86.9,1700.0,89.8,13401.0,2.28,0
V3212,92.06,3.667,12.41,62.0,2253.0,81.0,14827.0,2.8,0
V3213,81.38,3.978,12.26,43.1,2902.0,78.4,3632.0,2.21,0
V3214,81.24,2.458,13.17,16.3,2046.0,59.9,34798.0,20.0,0
V3215,104.48,6.556,11.43,63.2,2098.0,56.7,20500.0,9.35,1
V3216,81.51,2.434,12.76,20.5,2667.0,44.7,18678.0,0.17,0
V3217,84.47,4.586,13.33,76.9,2913.0,76.2,27532.0,6.04,0
V3218,,4.222,12.1,82.2,2131.0,87.9,85277.0,3.67,0
V3219,143.01999999999998,0.476,13.72,59.0,3211.0,92.3,5001.0,0.1,0
V3220,82.13,0.424,13.07,23.5,1331.0,87.6,33367.0,2.35,0
V3221,79.82,1.724,13.46,80.8,1749.0,69.5,9841.0,0.65,0
V3222,90.95,3.512,13.32,37.7,1961.0,100.0,10744.0,8.26,0
V3223,93.89,5.973,12.24,30.0,2728.0,60.8,13352.0,0.1,1
V3224,79.81,1.511,12.28,52.4,2315.0,60.1,27679.0,8.26,0
V3225,95.57,1.688,13.7,93.0,1862.0,86.5,30690.0,11.31,0
V3226,112.16,4.878,11.7,36.8,1637.0,96.1,92336.0,0.3,1
V3227,93.37,4.017,10.55,91.5,1453.0,100.0,100200.0,5.09,1
V3228,70.07,2.255,12.92,14.8,2458.0,90.0,39757.0,3.18,0
V3229,113.19,4.215,11.38,17.5,2005.0,86.0,14871.0,12.34,1
V3230,79.52,1.579,13.11,72.9,2707.0,87.2,76777.0,6.4,0
V3231,91.33,2.655,13.36,27.2,1483.0,70.8,70851.0,4.74,0
V3232,69.24,0.634,13.99,38.5,2414.0,63.0,71967.0,10.39,0
V3233,92.14,6.468,12.38,22.3,2179.0,79.1,743.0,0.7,0
V3234,75.31,3.446,13.45,39.9,1893.0,,63084.0,1.89,0
V3235,101.6,8.625,10.99,35.2,1930.0,70.4,86194.0,7.4,1
V3236,85.11,0.923,13.69,76.3,2251.0,67.0,41803.0,0.43,0
V3237,77.37,1.222,13.98,73.2,2184.0,83.7,62608.0,10.96,0
V3238,81.74,0.144,13.12,95.9,1754.0,78.3,67359.0,5.47,0
V3239,103.72,4.846,11.85,75.2,2458.0,97.3,31788.0,2.31,1
V3240,85.85,2.123,13.73,72.5,2803.0,87.3,75599.0,1.65,0
V3241,89.68,2.463,13.6,72.5,2078.0,65.4,70723.0,0.64,0
V3242,111.99,0.357,12.26,89.5,2491.0,85.1,111518.0,0.39,1
V3243,72.49,1.952,12.82,36.7,2120.0,49.1,114437.0,2.2,0
V3244,97.94,2.564,12.69,37.0,3405.0,86.0,33949.0,7.41,0
V3245,93.24,6.634,10.66,76.7,2207.0,63.8,1440.0,3.04,1
V3246,77.81,1.267,12.88,30.6,2551.0,65.9,868.0,2.4,0
V3247,74.36,7.106,12.95,92.1,2784.0,95.1,125806.0,1.54,0
V3248,83.49,1.676,12.91,58.1,1880.0,80.8,18519.0,0.68,0
V3249,110.88,3.621,11.27,37.0,2553.0,72.1,21333.0,18.46,1
V3250,97.87,4.44,12.46,79.8,2631.0,90.2,28562.0,0.1,1
V3251,97.09,1.283,12.96,38.1,2415.0,97.1,13904.0,1.49,0
V3252,73.39,3.203,,96.7,2582.0,60.0,40167.0,5.87,0
V3253,,2.59,12.93,98.5,1876.0,64.3,69091.0,2.94,1
V3254,74.98,3.34,12.52,70.0,3274.0,87.2,13388.0,1.51,0
V3255,108.01,4.541,12.58,20.2,1001.0,79.6,61151.0,19.7,1
V3256,92.1,1.748,12.63,33.7,1779.0,47.1,50166.0,3.86,0
V3257,93.67,3.291,12.3,56.4,1531.0,100.0,33555.0,1.4,1
V3258,64.17,2.066,13.1,86.6,3061.0,67.8,17716.0,7.53,0
V3259,86.59,3.178,13.04,26.6,2135.0,59.9,92781.0,0.65,0
V3260,88.49,2.268,11.93,19.4,1728.0,75.2,23197.0,2.49,0
V3261,88.23,1.905,13.39,16.7,1897.0,88.5,21126.0,7.32,0
V3262,94.89,1.654,13.06,55.6,1438.0,92.0,46146.0,16.46,0
V3263,76.43,1.403,13.1,89.6,2514.0,75.9,113845.0,1.93,0
V3264,90.44,0.724,12.94,13.8,2564.0,100.0,31919.0,0.59,0
V3265,104.96,4.915,12.01,29.1,2352.0,100.0,57718.0,3.35,1
V3266,70.77,2.385,13.5,72.4,1842.0,81.7,27469.0,11.53,0
V3267,98.93,6.942,12.34,84.3,2963.0,74.1,11112.0,4.38,1
V3268,81.4,3.211,13.15,82.7,2591.0,69.9,5955.0,3.69,1
V3269,84.35,1.752,12.57,80.7,1328.0,72.7,6595.0,1.48,0
V3270,87.78,0.685,12.64,21.7,2103.0,97.4,970.0,3.73,0
V3271,81.1,0.436,13.24,45.8,1622.0,80.0,36224.0,8.64,0
V3272,79.59,2.148,13.4,98.6,2936.0,88.1,6324.0,1.88,0
V3273,85.27,0.205,,99.0,1976.0,85.4,90345.0,1.11,0
V3274,76.3,2.578,12.23,64.2,1510.0,84.1,183084.0,2.62,0
V3275,76.31,1.23,12.28,73.8,2127.0,91.3,30821.0,1.89,0
V3276,106.95,9.115,11.38,95.6,2995.0,87.4,26876.0,2.54,1
V3277,75.81,2.039,11.93,50.5,2632.0,82.2,19252.0,0.4,0
V3278,90.33,3.029,13.16,22.3,1939.0,100.0,45728.0,1.64,0
V3279,99.09,1.581,10.28,70.2,2113.0,55.2,42145.0,7.01,1
V3280,86.21,6.535,11.18,96.4,2697.0,79.2,18929.0,2.05,1
V3281,79.58,4.608,12.67,72.7,2897.0,67.1,18915.0,13.75,0
V3282,94.55,3.898,13.07,82.3,1425.0,88.8,46579.0,4.94,0
V3283,,9.468,10.99,48.0,2277.0,50.5,36390.0,1.82,1
V3284,81.28,0.771,12.64,18.7,2023.0,78.5,57052.0,1.16,0
V3285,88.7,3.192,12.84,25.2,1956.0,82.2,127660.0,4.63,0
V3286,91.27,1.044,12.82,98.4,2871.0,93.3,68052.0,1.44,0
V3287,82.99,0.803,12.84,54.4,1523.0,68.7,16331.0,10.46,0
V3288,80.22,1.954,13.82,11.1,2603.0,100.0,64056.0,0.49,0
V3289,104.25,5.681,12.84,96.0,1059.0,66.2,26905.0,0.12,1
V3290,98.91,1.848,12.61,54.8,1837.0,57.9,67659.0,1.0,0
V3291,92.83,0.605,12.38,85.3,2217.0,84.1,97946.0,3.73,0
V3292,85.68,2.106,12.75,59.4,1544.0,73.1,12942.0,7.21,0
V3293,78.53,1.976,13.74,19.2,3302.0,100.0,12269.0,0.75,0
V3294,,0.833,11.72,65.4,1841.0,51.2,25503.0,3.52,0
V3295,89.18,5.206,13.05,99.8,1801.0,75.5,2381.0,0.62,0
V3296,88.35,6.558,12.82,13.1,1853.0,87.3,52081.0,3.31,0
V3297,96.21,2.21,13.72,85.8,2492.0,65.0,62329.0,0.1,0
V3298,90.2,0.101,13.59,31.2,2654.0,54.1,19070.0,3.26,0
V3299,72.98,1.994,12.12,45.4,1981.0,96.7,28171.0,2.95,0
V3300,93.42,4.215,13.72,43.5,2358.0,62.4,40161.0,0.18,0
V3301,77.02,2.03,11.6,90.9,2397.0,90.7,3440.0,4.68,0
V3302,81.93,1.835,13.37,55.4,1479.0,61.1,55906.0,3.4,0
V3303,87.0,3.233,13.42,50.2,2140.0,70.2,33661.0,3.9,0
V3304,121.85,10.515,12.41,83.6,1885.0,86.4,44049.0,3.02,1
V3305,109.88,2.565,13.14,14.4,1422.0,80.3,57903.0,5.12,0
V3306,98.68,5.381,11.93,17.8,2307.0,61.0,50654.0,2.98,1
V3307,95.84,5.059,10.64,12.0,2707.0,83.0,4508.0,10.22,1
V3308,89.28,2.801,13.88,71.9,2222.0,42.4,68669.0,11.49,0
V3309,92.1,6.04,14.02,57.3,914.0,57.0,42378.0,5.19,0
V3310,82.43,0.818,12.73,88.8,1972.0,100.0,56468.0,9.71,0
V3311,99.36,0.828,,54.9,1753.0,72.5,13641.0,10.26,0
V3312,100.26,2.838,12.57,30.0,3090.0,85.8,11263.0,1.22,1
V3313,88.98,3.721,13.46,82.5,2030.0,85.3,78715.0,20.0,0
V3314,90.33,2.576,12.89,36.5,1393.0,69.8,22272.0,1.24,0
V3315,104.05,4.274,11.13,94.2,2177.0,76.8,38542.0,0.1,1
V3316,97.33,7.027,10.32,32.5,2518.0,57.4,36093.0,13.1,1
V3317,80.06,4.109,13.57,25.1,2249.0,76.9,39595.0,1.01,0
V3318,80.53,1.566,12.78,54.4,1799.0,67.6,3242.0,3.51,0
V3319,76.2,3.415,12.76,14.5,1971.0,100.0,16210.0,14.12,0
V3320,88.52,1.416,13.37,13.3,2583.0,64.5,3096.0,0.2,0
V3321,,0.461,13.05,54.6,2251.0,82.7,29441.0,1.26,0
V3322,99.55,5.66,12.73,29.4,3213.0,70.9,104571.0,3.75,1
V3323,98.4,0.401,12.81,10.8,2249.0,87.2,22183.0,5.75,0
V3324,84.96,1.547,,36.6,1436.0,54.7,68640.0,6.59,0
V3325,90.35,2.244,12.56,53.0,2100.0,73.0,15238.0,8.61,0
V3326,76.27,0.99,13.43,45.5,1918.0,83.9,87291.0,0.74,0
V3327,,3.047,13.05,22.2,1424.0,78.5,24474.0,1.85,0
V3328,97.27,3.484,12.73,62.2,2265.0,82.4,19748.0,5.01,1
V3329,91.79,3.114,12.39,73.9,1991.0,62.6,53802.0,5.03,0
V3330,82.65,1.978,13.42,70.8,2275.0,69.8,32355.0,1.47,0
V3331,84.43,1.711,13.19,45.4,3115.0,74.7,18516.0,1.45,0
V3332,72.86,0.996,13.44,22.4,2135.0,86.7,2693.0,1.55,0
V3333,82.14,2.054,13.21,55.0,2712.0,96.0,8203.0,8.91,0
V3334,92.12,2.257,13.17,90.1,2104.0,47.1,66592.0,9.61,0
V3335,89.6,2.619,11.91,52.2,2408.0,70.2,114071.0,0.1,0
V3336,89.01,2.437,13.68,27.6,2260.0,65.1,8322.0,1.57,0
V3337,85.4,0.598,12.21,18.4,2334.0,63.4,37920.0,1.99,0
V3338,92.83,5.436,11.98,95.0,2134.0,79.0,1565.0,16.16,1
V3339,79.72,2.687,12.96,76.9,2925.0,75.5,15466.0,11.54,0
V3340,,2.096,12.04,38.2,2516.0,58.2,26804.0,3.96,0
V3341,88.37,2.599,12.95,36.6,2258.0,57.4,59910.0,0.19,0
V3342,88.94,2.959,12.1,90.6,2654.0,81.9,2030.0,0.85,0
V3343,80.79,6.749,13.66,26.0,2264.0,58.6,68388.0,2.28,0
V3344,81.94,4.888,11.34,58.2,2758.0,64.6,10191.0,12.78,1
V3345,93.78,1.297,12.38,74.2,1610.0,88.9,64133.0,0.4,0
V3346,,0.773,13.4,45.7,3266.0,77.6,44194.0,6.27,0
V3347,78.1,0.284,12.97,13.6,2286.0,98.2,18669.0,0.85,0
V3348,103.65,3.253,11.8,30.5,1629.0,73.4,57890.0,2.84,1
V3349,95.42,10.351,11.33,91.2,2575.0,100.0,12132.0,5.83,1
V3350,106.24,5.231,11.16,57.1,2847.0,72.2,11165.0,4.72,1
V3351,89.94,4.584,12.76,83.4,1688.0,93.0,2868.0,5.98,0
V3352,90.47,1.628,12.05,60.0,1964.0,62.4,22471.0,6.72,0
V3353,87.63,6.905,11.21,94.9,2707.0,65.2,4627.0,1.46,1
V3354,94.7,2.583,13.26,91.8,2482.0,100.0,24474.0,1.81,0
V3355,102.97,5.987,10.03,53.5,1980.0,64.6,500.0,6.77,1
V3356,82.05,1.281,13.77,38.6,2075.0,71.7,7583.0,0.16,0
V3357,,4.732,10.7,64.2,1575.0,65.1,121218.0,2.89,1
V3358,86.2,,12.53,70.7,1706.0,91.9,71437.0,10.12,1
V3359,88.27,1.145,12.74,54.9,1364.0,56.9,12123.0,8.65,0
V3360,,4.435,11.83,84.0,2026.0,94.6,57010.0,6.52,1
V3361,74.18,2.353,13.3,26.5,2539.0,78.7,49683.0,0.1,0
V3362,83.92,6.8,12.48,40.1,2067.0,77.8,8762.0,8.75,1
V3363,95.54,4.36,11.49,71.8,2758.0,74.1,20867.0,9.71,1
V3364,89.6,3.353,12.89,32.2,1877.0,93.8,110250.0,4.36,1
V3365,109.9,5.422,10.91,49.6,1454.0,71.7,60397.0,1.42,1
V3366,89.68,7.713,11.16,96.7,2777.0,64.3,64286.0,2.69,1
V3367,,6.364,12.44,66.3,2384.0,82.8,37343.0,5.75,1
V3368,76.07,1.942,12.84,95.4,2814.0,73.7,49286.0,6.71,0
V3369,,2.117,14.54,75.0,2032.0,100.0,31985.0,1.68,0
V3370,83.75,0.816,12.64,75.2,2995.0,88.7,60773.0,1.58,0
V3371,80.61,3.381,12.77,63.3,1662.0,80.2,59377.0,5.33,0
V3372,86.28,0.615,13.45,22.8,2056.0,96.5,1421.0,4.64,0
V3373,105.35,4.062,11.29,56.8,2404.0,53.2,44958.0,2.88,1
V3374,112.88,3.63,11.28,32.7,1965.0,83.4,44719.0,2.18,1
V3375,96.59,1.434,12.66,99.9,2314.0,76.5,3136.0,4.28,0
V3376,82.12,0.852,12.3,34.0,2824.0,71.9,23773.0,0.13,0
V3377,74.39,1.167,12.59,30.8,2388.0,70.8,103075.0,0.31,0
V3378,81.69,,12.09,66.1,2111.0,91.7,138014.0,3.4,0
V3379,104.32,9.682,13.17,56.0,2813.0,,68590.0,0.94,1
V3380,77.29,1.309,12.39,11.9,2456.0,82.1,7391.0,5.96,0
V3381,77.34,1.206,12.82,21.7,2196.0,53.5,21130.0,5.92,0
V3382,104.81,8.053,11.47,83.0,2160.0,71.3,9071.0,4.95,1
V3383,98.75,2.865,11.69,53.5,2016.0,74.2,47517.0,9.36,1
V3384,85.26,3.018,12.65,23.1,2622.0,99.2,66755.0,0.61,0
V3385,78.93,2.083,12.91,51.9,2640.0,67.0,96847.0,1.2,0
V3386,83.16,0.864,12.63,32.8,2833.0,,88684.0,1.16,0
V3387,77.61,2.198,12.85,30.1,2415.0,56.6,4702.0,6.1,0
V3388,,7.823,11.88,96.2,1928.0,82.6,6044.0,2.95,1
V3389,93.28,3.0,12.38,42.6,2365.0,55.0,108194.0,1.17,0
V3390,70.23,2.728,13.65,14.2,1919.0,48.3,83543.0,0.59,0
V3391,77.56,0.671,13.04,97.3,2281.0,52.4,27760.0,8.94,0
V3392,81.59,3.511,11.29,81.5,2905.0,70.7,25299.0,4.71,1
V3393,79.8,0.476,12.81,32.9,2791.0,71.5,36214.0,3.01,0
V3394,84.33,2.136,13.7,46.8,2653.0,92.0,40856.0,13.46,0
V3395,73.4,2.069,13.49,87.6,2189.0,97.8,13199.0,7.58,0
V3396,87.58,4.249,13.18,42.2,2648.0,97.5,23269.0,0.78,1
V3397,76.97,3.681,12.64,61.1,1880.0,92.3,43505.0,2.84,0
V3398,86.66,0.626,13.34,58.1,1469.0,100.0,10395.0,2.66,0
V3399,85.55,1.081,13.01,46.1,2336.0,81.8,300000.0,7.44,0
V3400,79.23,2.189,14.05,67.6,2012.0,82.0,14967.0,0.65,0
V3401,86.41,0.709,12.98,52.6,3092.0,100.0,36175.0,2.4,0
V3402,89.76,3.876,12.16,11.9,3016.0,58.3,36351.0,4.05,1
V3403,82.83,1.151,13.12,83.3,1856.0,89.1,27024.0,11.62,0
V3404,98.39,2.433,12.38,20.2,2547.0,74.3,12441.0,9.18,0
V3405,95.72,0.571,14.98,51.8,1213.0,95.0,37495.0,3.05,0
V3406,74.6,0.225,12.13,62.2,2370.0,92.7,4294.0,3.73,0
V3407,101.28,0.797,10.29,73.5,2357.0,72.5,22017.0,7.65,1
V3408,102.65,7.161,9.35,47.0,1703.0,56.9,11427.0,5.46,1
V3409,75.81,3.535,14.64,76.2,2283.0,95.2,5967.0,8.46,0
V3410,91.55,0.904,14.27,21.8,1736.0,67.9,116853.0,9.05,0
V3411,111.2,4.137,11.1,68.8,2626.0,76.8,54170.0,7.15,1
V3412,76.02,2.028,13.26,84.4,2293.0,58.2,8321.0,0.1,0
V3413,91.27,2.296,12.9,90.0,2946.0,69.6,134267.0,1.49,1
V3414,93.14,1.176,11.94,62.2,1435.0,90.2,10950.0,2.07,0
V3415,105.36,4.797,11.65,38.2,1766.0,80.8,12091.0,4.53,1
V3416,107.2,2.316,11.7,24.7,1957.0,63.7,6436.0,1.47,1
V3417,87.72,2.182,12.26,41.1,2445.0,46.8,58564.0,1.56,0
V3418,88.13,2.837,13.2,58.6,2335.0,85.3,38070.0,2.04,0
V3419,83.65,5.615,11.32,27.7,2413.0,68.8,2701.0,12.43,1
V3420,109.54,5.9,10.77,95.7,1875.0,77.6,1153.0,2.3,1
V3421,102.94,5.658,11.19,90.7,1249.0,72.9,34231.0,0.61,1
V3422,92.49,5.956,11.75,13.0,1820.0,68.6,47439.0,0.1,1
V3423,84.65,0.254,12.68,60.6,2904.0,84.3,77890.0,1.08,0
V3424,88.77,4.821,12.2,81.0,1890.0,62.0,29277.0,11.18,1
V3425,97.5,0.999,11.19,32.1,2289.0,77.2,50789.0,12.4,1
V3426,89.58,0.263,12.58,57.2,2230.0,81.2,59533.0,3.01,0
V3427,,1.787,12.98,46.5,2292.0,95.2,42726.0,4.16,0
V3428,93.99,3.8,12.92,27.7,1532.0,75.8,19539.0,6.36,0
V3429,82.33,1.219,12.89,65.3,2609.0,57.1,6365.0,0.23,0
V3430,89.52,2.549,13.41,99.4,2150.0,85.1,46927.0,1.88,0
V3431,94.2,5.514,10.53,42.9,3355.0,61.7,65881.0,4.11,1
V3432,84.81,1.628,12.66,59.7,2014.0,,9473.0,9.14,0
V3433,93.15,4.961,10.55,39.5,2689.0,67.5,30732.0,5.19,1
V3434,86.8,3.848,12.99,88.9,2006.0,72.2,22781.0,1.72,0
V3435,82.04,2.493,13.75,87.8,3160.0,94.4,10363.0,9.63,0
V3436,83.95,0.653,12.93,26.1,2565.0,84.8,12665.0,4.37,0
V3437,91.61,0.247,12.7,91.0,1557.0,58.5,12212.0,7.09,0
V3438,88.56,3.878,11.31,23.6,2904.0,97.7,24430.0,1.95,1
V3439,72.15,1.387,11.97,18.6,2588.0,90.9,22277.0,0.1,0
V3440,109.7,3.318,12.56,68.8,1966.0,81.2,36353.0,0.73,1
V3441,96.05,3.055,13.29,44.7,1393.0,40.2,4403.0,10.48,0
V3442,74.66,1.052,13.46,57.8,2799.0,62.3,39172.0,0.13,0
V3443,106.24,4.293,12.65,68.7,3064.0,75.1,994.0,3.63,1
V3444,80.98,5.779,12.52,14.8,2760.0,99.8,13390.0,2.1,0
V3445,106.09,3.144,11.5,36.4,2635.0,94.9,31384.0,2.25,1
V3446,87.35,2.315,,51.5,2479.0,60.5,52261.0,2.05,0
V3447,90.18,8.277,11.0,34.0,2730.0,49.8,66384.0,0.28,1
V3448,78.73,3.398,12.75,14.4,2069.0,72.3,1629.0,0.52,0
V3449,92.98,2.632,12.26,17.8,1293.0,77.1,34699.0,0.26,1
V3450,77.67,6.085,14.21,82.2,2580.0,56.4,19693.0,0.22,0
V3451,78.35,2.276,12.48,92.0,2396.0,61.9,53422.0,0.36,0
V3452,84.46,1.193,12.9,23.7,1498.0,100.0,15020.0,4.77,0
V3453,91.01,3.655,11.69,32.4,1104.0,69.4,61267.0,0.49,1
V3454,90.46,1.063,12.41,68.7,2241.0,70.5,41485.0,1.21,0
V3455,96.9,2.203,13.03,95.9,2122.0,,70159.0,4.28,0
V3456,80.36,0.821,13.21,37.0,2080.0,69.9,187204.0,0.48,0
V3457,86.92,0.942,12.95,87.0,2490.0,59.8,107656.0,9.64,0
V3458,89.0,4.764,13.38,55.5,1827.0,64.4,40484.0,2.6,0
V3459,88.78,2.304,13.0,96.1,2544.0,79.4,100893.0,13.19,0
V3460,95.5,4.079,9.83,22.3,2547.0,67.9,7477.0,0.86,1
V3461,90.94,3.21,12.42,97.6,870.0,73.0,1979.0,0.12,0
V3462,88.86,0.249,13.86,49.7,2166.0,74.4,34277.0,3.57,0
V3463,75.1,2.203,13.31,95.8,2300.0,100.0,164879.0,1.59,0
V3464,101.56,3.974,9.6,51.3,2574.0,85.7,55663.0,3.4,1
V3465,92.1,8.019,12.09,57.7,2474.0,60.7,16382.0,2.57,0
V3466,78.89,3.996,13.43,82.4,1325.0,72.4,49723.0,2.44,0
V3467,85.3,1.919,12.65,75.0,2248.0,87.0,1833.0,7.62,0
V3468,108.52,7.1,10.07,65.8,2070.0,91.2,28622.0,0.85,1
V3469,83.33,0.278,13.64,47.5,2737.0,50.9,12187.0,2.77,0
V3470,93.58,1.985,13.43,81.3,1601.0,53.7,2270.0,2.15,0
V3471,116.88,3.612,10.29,95.3,2199.0,82.0,12940.0,4.48,1
V3472,78.71,2.164,13.75,10.9,2636.0,65.4,57681.0,0.21,0
V3473,73.95,0.237,12.53,62.9,2580.0,63.3,36052.0,3.02,0
V3474,98.64,4.718,10.3,87.9,2123.0,77.8,1067.0,2.6,1
V3475,100.64,4.996,11.42,68.8,2790.0,86.9,23723.0,14.53,1
V3476,91.85,6.459,10.47,82.1,1834.0,71.4,62776.0,5.64,1
V3477,96.63,1.382,13.25,90.6,2566.0,45.9,139156.0,0.67,0
V3478,85.48,4.931,11.26,77.6,2649.0,67.1,93344.0,2.85,1
V3479,95.02,8.983,10.82,74.5,1516.0,57.6,500.0,6.13,1
V3480,80.15,1.559,13.42,96.8,2851.0,83.4,11106.0,2.97,0
V3481,98.76,0.555,12.05,87.7,1376.0,100.0,10479.0,1.76,0
V3482,105.45,4.856,12.05,83.4,2387.0,79.3,23980.0,1.89,1
V3483,78.87,1.449,13.2,17.8,1966.0,81.6,46699.0,1.83,0
V3484,85.95,1.717,10.79,31.5,2706.0,87.2,7476.0,0.1,1
V3485,91.88,0.934,13.25,60.1,2365.0,95.2,111290.0,5.25,0
V3486,95.7,2.965,10.8,73.9,3095.0,66.3,67550.0,3.78,1
V3487,84.64,0.786,13.66,37.3,2768.0,74.2,24461.0,1.25,0
V3488,85.2,2.602,13.32,18.4,2266.0,,39467.0,3.98,0
V3489,,3.992,11.66,38.0,2803.0,60.9,35120.0,1.48,1
V3490,97.56,3.703,11.64,79.4,2148.0,52.4,39277.0,1.12,1
V3491,88.99,9.807,11.43,89.0,1655.0,68.0,88512.0,5.41,1
V3492,81.06,2.131,13.72,92.2,1971.0,93.8,10048.0,6.62,0
V3493,96.55,2.483,13.96,44.1,2143.0,77.1,51800.0,3.93,0
V3494,74.95,2.878,12.67,43.5,646.0,68.0,5094.0,6.13,0
V3495,91.51,1.072,13.49,46.6,2892.0,90.2,27659.0,1.82,0
V3496,82.77,55.724999999999994,13.84,43.8,2151.0,83.3,45457.0,0.3,0
V3497,82.76,0.413,12.85,70.0,2682.0,63.3,566.0,3.71,0
V3498,91.32,0.704,13.84,42.2,2280.0,,5146.0,1.18,0
V3499,87.72,1.081,13.1,11.8,1429.0,59.6,4307.0,6.01,0
V3500,102.2,5.484,10.85,49.5,2240.0,77.2,21128.0,1.77,1
V3501,92.75,0.594,12.57,30.2,2140.0,84.5,43780.0,4.44,0
V3502,82.35,0.65,12.13,12.6,1857.0,38.1,248074.0,3.22,0
V3503,89.31,7.019,12.06,52.4,2005.0,59.7,13191.0,6.8,1
V3504,76.32,4.69,12.9,28.5,2213.0,100.0,6576.0,7.14,0
V3505,78.4,0.57,13.11,50.7,973.0,70.0,24108.0,0.28,0
V3506,121.56,3.445,13.6,35.0,2380.0,99.9,7101.0,1.4,1
V3507,106.09,4.476,11.4,64.3,2502.0,55.9,1118.0,8.19,1
V3508,82.52,6.38,11.72,99.2,2450.0,67.0,37351.0,2.07,1
V3509,74.42,1.36,12.88,59.3,2059.0,78.3,95252.0,2.89,0
V3510,100.74,5.275,10.42,68.2,3182.0,70.2,88749.0,0.81,1
V3511,89.38,4.304,13.41,92.7,2455.0,94.0,4781.0,3.22,0
V3512,101.16,2.986,11.76,43.7,1991.0,73.2,7180.0,1.23,1
V3513,82.96,1.549,13.05,25.0,1581.0,85.7,30400.0,7.07,0
V3514,84.0,2.797,12.88,35.5,1518.0,58.6,20629.0,0.89,0
V3515,87.62,2.884,13.08,46.3,2400.0,79.0,54642.0,1.78,0
V3516,145.69,2.674,12.21,68.1,2561.0,70.3,30739.0,0.4,0
V3517,67.25,2.561,13.0,10.4,2262.0,,915.0,3.55,0
V3518,83.16,2.326,12.64,86.8,2172.0,82.0,15069.0,11.39,0
V3519,78.19,1.628,13.02,16.8,2030.0,95.4,104293.0,0.76,0
V3520,86.4,3.71,12.39,91.1,2446.0,66.1,32240.0,0.1,0
V3521,108.88,2.99,13.29,95.4,1812.0,81.3,71966.0,2.2,0
V3522,87.94,1.198,13.01,99.1,2190.0,71.8,23160.0,5.52,0
V3523,82.49,1.577,12.22,82.9,2246.0,76.6,50850.0,14.77,0
V3524,92.37,0.644,13.57,22.8,2488.0,87.6,8331.0,0.21,0
V3525,88.86,1.338,12.69,73.6,1791.0,,60022.0,6.17,0
V3526,88.36,0.727,12.78,28.3,1698.0,93.6,69502.0,1.84,0
V3527,101.01,5.446,12.65,90.7,2225.0,63.8,4251.0,0.67,1
V3528,101.45,8.852,13.64,38.5,2304.0,54.8,9112.0,0.85,0
V3529,82.05,3.093,11.44,39.4,2197.0,44.8,27970.0,10.3,1
V3530,88.79,1.71,13.07,92.6,843.0,84.5,45655.0,6.63,0
V3531,77.59,1.498,13.41,11.2,2366.0,67.1,45662.0,1.49,0
V3532,105.77,2.441,13.07,27.5,3484.0,90.9,49645.0,11.27,1
V3533,77.65,,13.05,48.0,2659.0,59.5,56395.0,0.44,0
V3534,81.66,6.262,13.28,73.1,1222.0,81.7,31714.0,1.56,0
V3535,93.0,5.601,10.83,68.3,1997.0,48.4,38490.0,4.23,1
V3536,106.99,5.401,11.37,70.2,2102.0,82.6,500.0,20.0,1
V3537,92.35,0.737,13.33,89.2,2040.0,80.9,8201.0,2.51,0
V3538,75.03,3.43,12.52,20.9,1581.0,58.5,31063.0,6.66,0
V3539,85.44,1.294,12.45,57.0,1753.0,77.9,61597.0,9.9,0
V3540,79.32,1.057,13.38,75.3,2667.0,100.0,74479.0,0.1,0
V3541,89.74,6.0,11.58,67.3,2574.0,85.3,58744.0,1.36,1
V3542,99.34,3.52,11.52,50.3,2144.0,100.0,29984.0,0.42,1
V3543,82.53,0.842,12.23,11.5,2674.0,77.3,14863.0,5.99,0
V3544,117.44,5.679,10.01,15.4,1872.0,83.7,26472.0,3.35,1
V3545,88.46,2.144,13.98,20.7,2029.0,67.9,500.0,0.4,0
V3546,90.53,5.397,11.48,40.9,2018.0,78.7,41004.0,2.18,1
V3547,80.48,1.789,12.88,20.6,1424.0,60.4,3487.0,2.89,0
V3548,108.04,11.068,11.11,48.3,2072.0,88.6,7070.0,4.79,1
V3549,101.71,0.397,12.36,26.1,3019.0,62.9,44255.0,6.05,0
V3550,72.31,8.616,13.81,80.1,2964.0,100.0,605.0,0.37,0
V3551,69.96,1.202,13.0,88.4,2259.0,54.8,38352.0,2.67,0
V3552,99.97,0.421,12.86,45.1,2091.0,70.4,45772.0,0.7,0
V3553,103.46,60.915,12.97,56.0,3084.0,71.3,69861.0,5.6,1
V3554,87.13,7.825,12.18,95.8,2077.0,58.2,3170.0,4.29,1
V3555,103.97,3.915,12.3,58.2,1941.0,78.5,500.0,5.13,1
V3556,77.97,2.358,10.81,99.6,2679.0,67.0,65525.0,0.31,1
V3557,85.03,0.372,14.32,22.8,1344.0,96.1,15415.0,2.86,0
V3558,,0.462,13.39,87.6,2145.0,62.8,98198.0,7.34,0
V3559,92.39,1.11,14.01,54.7,2167.0,81.3,9204.0,5.0,0
V3560,76.89,0.541,13.59,12.0,2458.0,73.7,39631.0,7.91,0
V3561,85.69,1.569,,97.5,1904.0,71.8,5214.0,0.92,0
V3562,77.6,0.264,12.5,96.9,2115.0,76.4,23189.0,1.35,0
V3563,87.04,1.655,11.92,44.5,2247.0,85.6,96193.0,2.33,0
V3564,77.84,2.554,11.79,95.9,2073.0,46.7,42182.0,2.96,0
V3565,81.74,4.281,12.63,22.7,2107.0,75.7,52648.0,1.16,0
V3566,77.03,2.266,13.76,71.2,2616.0,62.6,11527.0,1.92,0
V3567,98.01,5.908,11.21,27.3,2490.0,63.8,115232.0,4.65,1
V3568,91.87,2.269,12.59,32.2,2459.0,78.7,43956.0,4.15,0
V3569,97.11,2.487,11.58,80.1,1378.0,91.5,5036.0,0.47,1
V3570,99.59,2.583,10.77,44.0,2415.0,98.3,705.0,16.99,1
V3571,73.41,1.061,14.1,10.6,1780.0,66.3,722.0,3.31,0
V3572,82.6,2.039,12.84,47.3,3196.0,32.3,2366.0,2.64,0
V3573,100.19,1.748,12.25,30.5,2195.0,76.1,109173.0,13.68,1
V3574,116.21,6.278,12.2,71.5,2102.0,47.7,19969.0,0.6,1
V3575,76.1,3.099,13.01,27.5,2960.0,81.6,15937.0,3.14,0
V3576,96.71,1.91,13.68,85.8,2804.0,61.5,24246.0,6.54,0
V3577,99.19,10.711,10.9,34.0,2081.0,80.1,23711.0,2.04,1
V3578,87.25,6.221,,45.4,1612.0,62.2,12261.0,5.33,0
V3579,99.07,2.89,12.53,36.8,1318.0,57.5,4334.0,9.18,0
V3580,87.98,1.97,12.22,68.0,1676.0,57.9,5175.0,1.21,0
V3581,95.96,5.312,9.77,19.1,2361.0,81.0,41142.0,1.11,1
V3582,84.58,1.468,13.75,53.0,2126.0,55.2,22750.0,1.79,0
V3583,94.79,15.464999999999998,13.54,40.1,1732.0,83.2,104735.0,2.17,0
V3584,106.97,3.915,11.55,89.6,2004.0,100.0,28041.0,0.47,1
V3585,91.93,4.362,11.83,16.6,3058.0,100.0,31507.0,1.05,1
V3586,74.45,4.065,13.64,84.7,2760.0,51.1,118552.0,8.26,0
V3587,83.38,1.807,12.89,25.1,3076.0,54.8,31340.0,3.34,0
V3588,78.6,0.514,11.94,18.0,1855.0,82.2,31370.0,1.25,0
V3589,96.19,3.225,11.52,28.2,2603.0,59.0,20306.0,11.5,1
V3590,94.9,0.795,12.34,19.2,2552.0,84.3,55768.0,5.95,0
V3591,81.34,5.444,13.06,56.9,2934.0,49.3,22408.0,1.8,0
V3592,84.66,0.205,12.44,98.9,2206.0,73.9,39938.0,5.8,0
V3593,85.46,29.25,13.62,13.1,1809.0,89.2,26690.0,3.63,0
V3594,108.45,3.144,10.77,51.5,1749.0,51.7,33856.0,4.61,1
V3595,81.37,4.44,11.04,44.7,2193.0,73.2,78958.0,1.55,1
V3596,89.05,3.178,11.12,40.6,2239.0,73.0,24029.0,0.94,1
V3597,102.27,6.028,11.97,39.9,2336.0,84.1,11766.0,1.17,1
V3598,103.56,4.948,12.06,90.6,1502.0,65.0,38012.0,0.35,1
V3599,81.06,1.882,13.65,11.7,2847.0,53.6,124773.0,2.55,0
V3600,69.99,4.642,13.07,79.7,1524.0,37.1,53172.0,2.09,0
V3601,89.96,4.633,13.44,32.8,2845.0,94.9,16591.0,0.1,0
V3602,79.92,7.558,13.6,44.5,2039.0,87.5,148350.0,7.76,0
V3603,75.48,0.849,13.24,47.8,3123.0,74.6,18884.0,4.58,0
V3604,95.1,10.814,11.53,37.4,1327.0,74.2,184032.0,2.37,1
V3605,83.52,1.485,13.24,18.4,2788.0,81.4,9593.0,13.65,0
V3606,95.17,9.39,12.36,20.3,1685.0,89.5,300000.0,11.29,1
V3607,67.36,3.445,12.81,36.8,1649.0,44.7,3552.0,0.4,0
V3608,92.18,1.288,13.33,84.0,3028.0,48.3,56210.0,3.82,0
V3609,100.64,10.11,11.4,22.1,2576.0,46.1,60695.0,6.79,1
V3610,90.21,4.942,12.78,76.8,1461.0,69.8,51215.0,0.76,0
V3611,75.9,0.604,13.56,36.0,2301.0,77.7,67649.0,0.55,0
V3612,93.2,4.998,11.32,89.5,2902.0,90.2,28725.0,1.2,1
V3613,84.95,3.124,13.27,48.5,2479.0,31.3,2503.0,1.31,0
V3614,97.87,2.831,11.66,25.5,2215.0,54.9,19925.0,13.41,1
V3615,104.96,4.276,12.9,98.7,2775.0,77.0,46265.0,6.07,1
V3616,91.64,6.262,11.47,25.9,2384.0,78.8,46762.0,0.25,1
V3617,85.66,1.769,11.83,61.1,1370.0,72.0,9772.0,6.18,0
V3618,88.66,2.27,13.37,61.2,2248.0,58.1,13126.0,0.74,0
V3619,103.38,6.867,12.49,43.6,2442.0,64.5,30010.0,1.77,1
V3620,90.64,2.664,,95.6,2311.0,72.9,58689.0,1.53,0
V3621,91.31,1.759,12.98,85.9,1998.0,49.2,86218.0,1.27,0
V3622,85.67,5.269,12.41,84.7,2429.0,62.2,4070.0,1.48,0
V3623,96.28,2.099,12.52,97.7,2292.0,54.3,116936.0,5.61,0
V3624,98.72,3.625,10.62,51.1,1204.0,82.5,118232.0,1.24,1
V3625,78.11,5.205,14.58,18.7,1537.0,61.3,500.0,6.45,0
V3626,96.23,2.741,13.4,78.9,2355.0,55.4,31772.0,0.38,0
V3627,90.58,0.749,12.49,44.3,2573.0,67.2,39810.0,3.62,0
V3628,81.46,0.839,13.47,27.1,1811.0,86.3,36306.0,7.95,0
V3629,81.16,1.057,13.35,53.5,2569.0,74.7,43043.0,0.33,0
V3630,87.37,3.983,11.96,93.3,2450.0,91.5,31494.0,4.03,0
V3631,103.66,5.485,11.8,25.4,2105.0,89.2,15654.0,2.87,1
V3632,86.58,2.238,12.91,86.4,2413.0,63.8,4527.0,1.61,0
V3633,87.49,0.849,13.07,47.6,2402.0,77.0,10515.0,0.42,0
V3634,115.29,4.002,12.09,22.3,2638.0,91.5,60662.0,4.51,1
V3635,100.91,7.984,11.41,86.4,2662.0,67.8,12413.0,1.48,1
V3636,86.53,1.724,12.44,97.3,1679.0,78.6,79661.0,1.66,0
V3637,92.53,1.667,12.8,36.2,1834.0,61.5,23250.0,5.06,0
V3638,86.48,2.36,11.21,37.3,2938.0,71.6,24086.0,11.63,1
V3639,101.75,6.912,12.54,45.1,2641.0,71.1,91293.0,1.62,1
V3640,102.86,4.477,11.53,83.3,2519.0,84.4,10852.0,5.49,1
V3641,99.54,6.789,11.82,10.9,2597.0,69.2,9461.0,12.55,1
V3642,78.22,1.3,12.79,30.2,2769.0,78.2,190223.0,0.41,0
V3643,79.78,2.9,13.95,73.5,2267.0,80.7,35003.0,3.01,0
V3644,,2.403,13.4,46.5,2010.0,,9511.0,0.1,0
V3645,91.34,4.965,11.45,39.7,2481.0,69.0,8158.0,6.98,1
V3646,82.04,1.495,13.24,88.5,2187.0,81.9,89013.0,1.35,0
V3647,77.51,,11.08,92.6,2975.0,100.0,41216.0,1.62,1
V3648,98.55,4.795,11.76,95.3,2967.0,56.1,5499.0,4.65,1
V3649,92.22,1.181,13.82,34.5,2645.0,82.9,98080.0,6.23,0
V3650,88.54,5.435,10.27,92.1,1562.0,93.2,26407.0,2.04,1
V3651,109.75,6.117,10.6,76.3,1652.0,76.4,204430.0,4.38,1
V3652,93.88,2.163,11.54,23.9,1542.0,61.5,14893.0,12.53,1
V3653,93.24,0.963,12.76,64.9,2293.0,74.2,33863.0,8.72,0
V3654,98.67,5.174,11.07,12.4,2662.0,60.5,8553.0,4.83,1
V3655,104.74,6.694,11.77,73.8,2046.0,67.5,26068.0,11.46,1
V3656,76.26,1.55,11.99,76.0,1877.0,80.8,8741.0,8.35,0
V3657,102.97,4.529,11.79,81.0,2252.0,74.1,16518.0,5.22,1
V3658,86.37,0.931,12.2,25.5,1808.0,77.9,14154.0,9.97,0
V3659,89.43,1.968,13.12,66.5,2333.0,57.5,14976.0,6.8,0
V3660,75.6,2.486,12.73,26.1,2078.0,65.8,157535.0,2.79,0
V3661,77.84,0.573,14.44,95.2,1871.0,84.2,1764.0,2.79,0
V3662,101.48,4.849,11.85,70.8,2258.0,49.9,30910.0,0.1,1
V3663,77.41,2.351,13.21,18.6,2644.0,55.1,44650.0,0.12,0
V3664,93.81,7.529,11.73,26.8,1440.0,70.4,48647.0,5.49,1
V3665,82.89,6.351,12.06,69.7,2284.0,67.2,63209.0,3.24,1
V3666,91.79,0.841,12.98,52.9,1151.0,86.5,64402.0,5.72,0
V3667,84.14,4.37,11.13,76.3,2073.0,39.1,140055.0,11.96,1
V3668,89.42,2.328,12.93,35.3,2548.0,73.8,63415.0,2.41,0
V3669,90.01,1.511,11.88,69.2,2711.0,95.6,78098.0,0.37,0
V3670,91.41,7.228,11.85,25.9,1938.0,79.9,34198.0,3.94,1
V3671,89.66,0.549,14.75,58.9,1932.0,52.0,48240.0,0.42,0
V3672,108.29,6.163,12.03,96.2,2085.0,100.0,29265.0,3.88,1
V3673,80.69,2.27,13.2,66.5,1649.0,66.8,14559.0,3.0,0
V3674,76.93,5.125,12.07,14.5,2281.0,38.5,16919.0,4.98,0
V3675,69.3,1.81,12.51,99.0,1699.0,87.2,20120.0,1.73,0
V3676,87.8,0.874,13.54,24.1,2478.0,62.9,18742.0,0.62,0
V3677,83.89,2.877,10.13,74.6,1842.0,100.0,34280.0,1.08,1
V3678,95.04,3.757,11.4,57.9,2040.0,85.8,12804.0,4.6,1
V3679,82.89,0.651,13.34,36.5,2450.0,100.0,32715.0,2.6,0
V3680,90.43,7.594,13.49,26.0,2518.0,59.2,111592.0,3.11,0
V3681,82.58,1.754,12.93,26.0,2495.0,94.2,23437.0,1.56,0
V3682,93.19,7.205,11.34,87.3,2332.0,62.8,11334.0,7.25,1
V3683,107.49,3.485,11.72,88.6,1657.0,80.2,19168.0,20.0,1
V3684,87.68,0.115,12.26,51.9,2184.0,77.6,94259.0,1.5,0
V3685,98.55,2.188,11.89,19.3,2113.0,95.8,127895.0,5.07,1
V3686,104.76,4.72,12.75,89.6,1990.0,87.1,97992.0,0.75,1
V3687,72.72,2.17,12.95,53.8,2237.0,68.0,15244.0,5.43,0
V3688,91.05,1.211,11.84,49.5,1769.0,91.3,22085.0,2.25,0
V3689,97.17,3.847,12.43,46.7,2183.0,73.6,165881.0,3.72,1
V3690,,3.474,10.53,42.9,2050.0,85.4,17610.0,1.08,1
V3691,83.05,0.671,13.04,57.3,1971.0,79.4,6675.0,7.63,0
V3692,98.3,10.293,11.42,64.4,1642.0,71.8,14914.0,0.76,1
V3693,83.92,0.103,12.73,52.0,1629.0,55.1,149563.0,10.56,0
V3694,99.63,6.095,11.93,90.7,2871.0,78.1,24194.0,0.25,1
V3695,,2.067,12.53,38.6,2257.0,64.9,122234.0,1.36,0
V3696,93.65,2.108,14.29,62.0,3106.0,56.5,4946.0,3.31,0
V3697,,4.138,12.84,37.0,3131.0,87.5,65370.0,7.82,0
V3698,89.98,11.61,13.54,77.8,2815.0,65.5,4410.0,3.44,0
V3699,109.14,2.229,11.41,19.2,1559.0,47.9,9901.0,0.97,1
V3700,96.65,7.18,12.53,27.0,2906.0,75.0,43082.0,7.84,1
V3701,110.94,5.679,11.54,82.1,2137.0,72.7,25650.0,3.63,1
V3702,101.1,5.291,12.16,26.5,2061.0,74.1,49439.0,1.06,0
V3703,105.42,3.355,10.49,66.3,1990.0,74.1,163219.0,3.3,1
V3704,96.61,4.015,12.03,97.3,2025.0,59.9,2437.0,4.5,1
V3705,107.13,7.736,12.43,57.1,2400.0,69.0,9573.0,4.56,1
V3706,86.16,4.793,14.73,26.9,3350.0,90.6,46002.0,5.15,0
V3707,85.19,0.679,14.64,38.9,1380.0,87.8,102080.0,9.04,0
V3708,97.69,10.204,10.8,84.1,3172.0,69.7,71899.0,6.97,1
V3709,97.51,1.371,13.58,41.6,2955.0,83.8,28196.0,3.74,0
V3710,88.06,6.064,11.14,75.1,2111.0,76.4,61576.0,0.13,1
V3711,111.52,,10.09,80.0,1951.0,70.1,10499.0,5.54,1
V3712,89.0,4.217,13.02,55.1,1526.0,93.7,622.0,14.75,0
V3713,73.81,3.415,13.33,80.5,1746.0,61.6,37980.0,1.46,0
V3714,87.94,2.145,13.47,38.5,1896.0,79.6,75508.0,3.73,0
V3715,68.2,3.391,13.65,56.5,2148.0,50.0,25568.0,5.86,0
V3716,90.0,1.499,12.8,71.8,2185.0,80.4,37900.0,4.08,0
V3717,,3.399,11.21,25.1,2581.0,65.1,24682.0,10.23,1
V3718,80.26,2.091,13.49,34.6,2526.0,69.3,32473.0,2.56,0
V3719,85.99,4.623,13.72,68.7,2319.0,70.6,97072.0,3.04,0
V3720,114.17,4.494,10.79,69.0,2178.0,41.7,29266.0,0.16,1
V3721,80.95,1.399,13.13,54.4,2772.0,50.8,500.0,9.22,0
V3722,76.53,1.896,13.39,81.6,2620.0,87.5,72391.0,1.22,0
V3723,107.25,7.625,11.72,53.4,2422.0,76.6,43272.0,15.34,1
V3724,100.7,2.479,12.63,89.3,1997.0,96.9,58986.0,0.9,0
V3725,85.03,2.258,13.0,76.2,2753.0,54.5,104108.0,1.17,0
V3726,102.72,5.102,11.12,38.3,2617.0,87.8,15173.0,2.65,1
V3727,108.08,2.501,11.26,45.6,2077.0,81.9,31469.0,4.32,1
V3728,79.06,0.329,12.28,70.1,1241.0,92.5,41513.0,2.32,0
V3729,81.12,4.308,14.24,90.5,2248.0,73.4,19067.0,1.73,0
V3730,104.27,3.797,11.12,26.1,1854.0,76.7,84206.0,3.11,1
V3731,108.35,4.687,11.5,56.3,2559.0,61.8,53815.0,12.71,1
V3732,89.5,1.438,13.13,20.7,2308.0,70.9,59492.0,13.08,0
V3733,87.56,6.584,12.35,35.2,1364.0,67.6,74263.0,1.59,1
V3734,100.9,1.334,13.05,71.7,2347.0,55.1,13433.0,4.56,0
V3735,80.75,1.616,13.35,17.0,3058.0,77.0,61606.0,5.12,0
V3736,82.32,4.248,12.33,69.6,2124.0,89.1,66886.0,4.24,0
V3737,87.74,1.372,11.94,91.1,2196.0,,83144.0,0.48,0
V3738,97.43,2.37,12.71,97.2,2028.0,,30172.0,3.1,0
V3739,91.83,0.583,12.14,29.5,2236.0,74.5,31570.0,5.76,0
V3740,107.15,4.442,10.49,77.4,2970.0,73.0,4650.0,0.9,1
V3741,88.71,0.494,13.18,93.4,2728.0,97.1,86011.0,1.71,0
V3742,95.01,6.018,9.61,18.2,1912.0,100.0,34311.0,0.91,1
V3743,96.09,6.943,12.47,47.3,2164.0,55.4,40611.0,8.72,1
V3744,64.76,2.369,13.86,92.7,2196.0,82.3,5826.0,7.82,0
V3745,82.63,1.662,12.13,28.3,2406.0,83.0,41439.0,0.74,0
V3746,86.93,1.734,13.17,94.0,2415.0,72.0,1930.0,5.72,0
V3747,82.86,3.277,12.53,57.4,2152.0,56.1,115500.0,1.81,1
V3748,88.09,1.493,12.72,19.0,1578.0,85.6,89627.0,4.64,0
V3749,83.36,0.614,13.37,50.5,2143.0,93.2,9723.0,2.72,0
V3750,99.04,2.645,14.44,39.4,2019.0,66.8,40541.0,2.55,0
V3751,97.58,3.53,11.99,35.4,1751.0,,41538.0,8.52,0
V3752,81.27,1.781,12.39,58.7,2594.0,75.1,73204.0,4.05,0
V3753,83.79,1.74,13.34,53.5,2210.0,96.3,63646.0,1.08,0
V3754,84.41,2.164,14.3,53.4,1684.0,96.3,224874.0,0.47,0
V3755,85.71,7.225,11.3,17.9,3190.0,74.6,19443.0,10.84,1
V3756,86.56,1.899,14.46,82.2,2408.0,81.3,5990.0,0.67,0
V3757,78.93,2.029,13.08,53.3,2596.0,64.5,38343.0,5.3,0
V3758,75.8,12.188,10.66,83.9,2724.0,50.6,64975.0,2.74,1
V3759,89.98,1.692,13.95,84.2,1982.0,78.8,15146.0,0.6,0
V3760,90.04,2.596,12.72,38.5,2472.0,53.0,12126.0,6.0,0
V3761,78.57,2.517,13.27,10.4,1235.0,100.0,72980.0,9.39,0
V3762,106.26,3.35,11.13,92.0,2681.0,92.1,63058.0,0.52,1
V3763,79.95,2.721,12.55,78.5,2166.0,72.7,10233.0,0.28,0
V3764,,0.529,12.1,19.7,2463.0,100.0,91558.0,7.58,0
V3765,91.56,1.736,12.04,73.2,2165.0,65.5,6512.0,2.78,0
V3766,84.73,0.922,13.06,11.8,3109.0,69.1,5206.0,4.49,0
V3767,101.75,4.912,11.47,12.5,2812.0,,19462.0,2.33,1
V3768,80.87,0.445,12.67,57.3,895.0,74.0,97931.0,2.13,0
V3769,83.43,3.204,12.14,18.6,2476.0,70.3,53500.0,1.42,0
V3770,96.08,3.604,9.65,96.8,2059.0,81.8,22593.0,3.31,1
V3771,79.03,2.643,13.22,90.4,2496.0,60.0,7699.0,0.7,0
V3772,83.59,0.789,13.07,68.5,2489.0,76.9,56247.0,5.05,0
V3773,72.61,1.216,13.23,15.7,1829.0,66.9,41137.0,3.19,0
V3774,81.07,1.668,13.94,39.2,2142.0,75.9,197855.0,7.52,0
V3775,82.72,5.513,13.35,43.5,1690.0,58.8,65275.0,10.15,0
V3776,82.95,0.781,13.25,53.3,2943.0,62.0,4848.0,9.23,0
V3777,83.07,1.957,14.42,25.2,2364.0,100.0,58623.0,3.68,0
V3778,84.51,4.513,12.84,62.0,2416.0,61.2,13395.0,1.54,0
V3779,88.84,2.025,14.43,49.2,2352.0,82.9,147034.0,1.77,0
V3780,92.0,2.937,13.85,95.3,1670.0,66.9,876.0,4.23,0
V3781,79.8,4.094,12.82,94.3,2516.0,59.7,12252.0,4.98,0
V3782,88.06,3.783,11.9,60.9,3093.0,,31102.0,0.7,1
V3783,87.71,2.445,12.01,68.0,1422.0,62.0,3707.0,20.0,1
V3784,97.42,3.469,10.73,22.4,2240.0,82.8,18976.0,0.45,1
V3785,82.18,4.55,13.0,30.1,2580.0,73.1,30943.0,3.74,0
V3786,97.09,8.966,10.98,91.1,1826.0,95.0,26652.0,3.03,1
V3787,74.63,0.577,13.14,72.9,2566.0,55.4,27777.0,3.58,0
V3788,81.35,2.438,13.48,27.0,2222.0,79.1,95047.0,3.05,0
V3789,100.04,3.462,11.05,61.3,1844.0,80.6,31670.0,0.24,1
V3790,101.18,3.378,12.1,94.1,945.0,60.1,127396.0,20.0,1
V3791,80.54,3.053,13.13,41.1,2150.0,65.0,7193.0,15.91,0
V3792,81.7,2.083,13.51,26.7,2163.0,53.6,14799.0,2.97,0
V3793,77.59,2.854,13.05,94.8,2857.0,51.6,48088.0,0.93,0
V3794,84.75,5.972,12.81,51.5,2369.0,73.2,14978.0,0.81,0
V3795,78.21,2.529,13.48,47.6,1935.0,87.1,19197.0,0.23,0
V3796,89.59,3.131,13.1,34.1,1414.0,73.0,104081.0,3.79,0
V3797,70.71,3.99,11.72,90.2,2637.0,73.7,34803.0,2.6,0
V3798,82.12,1.104,12.79,86.1,2259.0,55.5,18336.0,2.15,0
V3799,108.34,4.481,11.67,46.3,2003.0,43.5,67468.0,2.98,1
V3800,86.47,1.238,13.09,12.8,1929.0,80.1,3298.0,8.25,0
V3801,106.54,0.638,13.02,50.2,2822.0,65.1,37320.0,0.29,0
V3802,90.78,4.216,9.9,26.3,2896.0,48.0,4725.0,3.14,1
V3803,76.97,0.709,12.1,22.8,1887.0,66.8,8758.0,4.83,0
V3804,104.58,6.338,10.9,45.4,1051.0,78.7,2902.0,14.12,1
V3805,70.79,1.744,13.04,18.9,2093.0,81.0,104380.0,5.38,0
V3806,84.36,4.976,13.64,96.2,2313.0,78.0,2223.0,3.18,0
V3807,78.34,0.705,12.04,14.3,2236.0,64.6,32694.0,5.82,0
V3808,106.57,3.438,11.19,46.1,1413.0,83.9,11469.0,20.0,1
V3809,80.6,1.008,12.97,24.6,2967.0,74.7,21773.0,8.78,0
V3810,84.07,0.447,12.44,72.0,1270.0,61.9,30624.0,0.37,0
V3811,79.92,0.244,13.05,17.1,1826.0,58.2,26908.0,3.42,0
V3812,,0.73,13.38,59.2,1689.0,77.9,62040.0,6.18,0
V3813,82.43,0.7,12.55,79.6,1663.0,88.0,109309.0,4.46,0
V3814,99.66,0.257,13.2,95.5,1109.0,,16068.0,2.16,0
V3815,99.07,6.011,11.68,72.9,2230.0,77.4,1118.0,1.56,1
V3816,88.86,4.339,12.31,19.0,2907.0,84.5,100971.0,3.94,0
V3817,97.91,3.184,10.85,18.0,2118.0,100.0,173385.0,2.13,1
V3818,104.42,3.115,,75.8,1696.0,79.3,25561.0,1.99,1
V3819,69.58,1.647,13.85,29.4,2905.0,77.4,27379.0,7.25,0
V3820,92.95,5.258,11.64,50.3,2620.0,83.2,7005.0,1.52,1
V3821,100.32,7.031,10.51,97.9,1778.0,86.3,29041.0,4.14,1
V3822,103.25,5.539,10.78,83.8,2361.0,55.0,16266.0,8.27,1
V3823,77.03,6.275,12.22,86.2,2740.0,77.7,233165.0,3.89,1
V3824,84.58,1.304,12.67,87.5,1748.0,90.1,9197.0,2.72,0
V3825,98.63,0.248,13.73,65.8,2261.0,100.0,21409.0,0.14,0
V3826,94.98,1.597,13.06,77.0,2006.0,75.3,43129.0,4.58,0
V3827,97.05,6.004,11.24,42.3,1604.0,68.2,19049.0,20.0,1
V3828,108.52,5.204,11.46,99.9,2283.0,77.5,28947.0,6.61,1
V3829,82.07,1.483,13.1,35.2,2416.0,65.3,163350.0,4.03,0
V3830,71.37,3.437,13.18,63.1,2222.0,98.5,31924.0,2.53,0
V3831,77.6,1.432,13.16,35.4,1792.0,82.2,108518.0,1.02,0
V3832,109.84,4.413,11.29,20.1,3250.0,74.2,1982.0,4.71,1
V3833,82.81,3.492,12.46,61.1,1955.0,91.7,5743.0,0.78,0
V3834,83.05,0.244,14.06,41.8,2479.0,57.7,130121.0,8.72,0
V3835,89.72,2.936,10.82,62.5,2604.0,43.9,6201.0,1.75,1
V3836,113.09,9.388,,60.3,955.0,81.3,60025.0,2.04,1
V3837,98.01,3.474,,58.8,2615.0,91.1,26577.0,0.97,0
V3838,102.75,3.8,12.64,21.1,2204.0,72.9,23496.0,2.63,0
V3839,83.73,2.459,13.33,49.6,2068.0,64.8,48443.0,4.56,0
V3840,97.11,7.053,10.3,83.1,2139.0,60.6,58522.0,1.44,1
V3841,72.87,1.183,14.03,38.4,2491.0,,120951.0,4.84,0
V3842,107.95,4.828,11.63,49.9,1059.0,85.0,13361.0,3.88,1
V3843,87.61,6.35,11.82,54.4,2216.0,87.3,53892.0,1.86,1
V3844,86.73,1.351,13.83,87.6,2416.0,,18854.0,1.5,0
V3845,90.06,3.314,12.61,69.0,3281.0,75.1,56901.0,7.9,1
V3846,80.29,,13.29,19.0,1525.0,57.7,6898.0,0.1,0
V3847,78.3,2.472,13.89,87.9,2422.0,64.3,27524.0,5.03,0
V3848,80.14,4.721,12.89,84.9,1958.0,84.0,9130.0,2.16,0
V3849,94.69,13.267,10.97,77.8,2442.0,59.4,18457.0,5.06,1
V3850,80.61,0.865,12.78,51.9,2633.0,73.5,56586.0,2.83,0
V3851,91.67,3.198,14.21,78.2,1832.0,59.7,11958.0,0.35,0
V3852,76.16,2.12,13.18,53.1,3178.0,64.5,51967.0,16.08,0
V3853,86.76,0.321,,76.3,2861.0,57.7,30828.0,0.36,0
V3854,103.06,6.544,,89.2,2594.0,75.2,4345.0,0.69,1
V3855,80.89,1.448,13.51,90.1,2022.0,53.1,22000.0,2.18,0
V3856,94.73,3.891,11.52,50.9,1923.0,,91536.0,11.57,1
V3857,83.16,5.439,13.35,87.3,2420.0,87.8,204150.0,1.39,0
V3858,94.44,1.9,12.39,19.1,2003.0,90.7,20715.0,3.36,0
V3859,86.55,4.397,12.78,19.2,1938.0,85.1,2540.0,2.95,0
V3860,80.75,1.645,12.96,59.3,3158.0,96.2,6277.0,1.6,0
V3861,88.87,2.883,13.66,68.7,2474.0,55.2,69834.0,4.77,0
V3862,76.18,1.803,12.67,23.8,2612.0,73.6,47992.0,2.78,0
V3863,90.45,0.995,12.98,52.5,3138.0,76.1,15097.0,3.45,0
V3864,88.27,2.951,13.86,18.5,2242.0,100.0,22339.0,0.94,0
V3865,82.54,3.442,14.51,64.2,1884.0,71.4,75006.0,10.44,0
V3866,78.29,2.002,12.48,87.0,1665.0,87.0,23981.0,0.47,0
V3867,77.91,0.249,13.08,76.4,2877.0,100.0,63435.0,4.69,0
V3868,89.28,0.707,12.1,44.0,2014.0,77.0,15743.0,8.68,0
V3869,94.83,1.293,12.99,99.4,723.0,68.0,58064.0,0.35,0
V3870,94.43,8.181,11.05,69.7,869.0,69.3,28265.0,0.12,1
V3871,88.67,1.919,13.75,83.4,1462.0,49.3,35471.0,1.62,0
V3872,79.95,6.809,11.15,70.3,2012.0,68.1,41091.0,6.24,1
V3873,89.31,6.23,10.88,99.0,2087.0,53.7,26950.0,5.05,1
V3874,84.75,1.375,13.91,83.9,2463.0,86.7,28243.0,6.91,0
V3875,77.72,2.326,12.62,56.7,1632.0,,13898.0,2.03,0
V3876,77.51,3.504,13.12,43.0,2309.0,80.9,191340.0,20.0,0
V3877,79.66,1.042,13.18,71.4,2642.0,92.1,106312.0,1.82,0
V3878,87.34,3.319,12.53,63.1,2128.0,85.9,33726.0,6.55,0
V3879,100.55,4.619,10.88,66.6,1968.0,67.8,1586.0,1.73,1
V3880,67.09,0.991,13.68,40.9,1767.0,86.5,8300.0,0.99,0
V3881,68.03,2.84,13.41,48.6,2773.0,75.1,86567.0,1.64,0
V3882,80.15,1.847,12.99,60.2,1515.0,68.1,120192.0,0.86,0
V3883,88.66,0.563,12.92,85.5,2988.0,69.5,7915.0,0.55,0
V3884,70.03,3.607,11.06,78.7,2189.0,81.6,59679.0,1.81,1
V3885,81.0,1.254,13.23,20.7,1681.0,51.7,43901.0,0.64,0
V3886,80.79,5.777,13.76,32.1,2620.0,67.4,16269.0,2.79,0
V3887,96.11,0.718,12.99,12.4,2454.0,80.6,25779.0,0.14,0
V3888,81.92,1.149,13.27,10.7,2408.0,67.3,50892.0,2.26,0
V3889,106.01,3.883,12.23,30.2,2552.0,55.6,4806.0,12.68,1
V3890,86.13,2.083,13.44,81.9,2281.0,61.6,9429.0,1.78,0
V3891,67.96,1.709,13.87,91.4,2429.0,77.6,1525.0,0.59,0
V3892,112.5,3.318,10.93,45.3,2880.0,82.2,104618.0,1.46,1
V3893,86.72,3.828,12.66,60.7,2301.0,91.3,38388.0,6.27,0
V3894,89.07,1.011,12.79,73.5,2610.0,86.7,33351.0,1.51,0
V3895,116.41,0.768,13.38,95.8,1100.0,86.5,55125.0,1.93,0
V3896,68.33,0.24,12.94,92.2,2362.0,46.2,200361.0,6.22,0
V3897,98.8,1.352,14.37,15.1,3461.0,86.3,8506.0,1.21,0
V3898,95.14,3.962,11.86,32.3,1307.0,67.2,6428.0,2.6,1
V3899,87.3,1.553,12.43,14.4,3200.0,53.4,15717.0,0.26,0
V3900,84.64,0.344,13.19,65.5,2561.0,83.4,105427.0,0.76,0
V3901,81.61,1.534,13.92,73.9,1351.0,77.7,23855.0,0.94,0
V3902,80.44,2.503,12.51,37.7,2220.0,88.3,70985.0,2.49,0
V3903,87.64,1.931,12.49,86.8,2401.0,67.0,10206.0,6.88,0
V3904,72.86,3.12,12.89,50.8,2656.0,74.9,30620.0,1.75,0
V3905,91.0,4.298,12.61,99.9,1982.0,48.0,6136.0,1.92,0
V3906,81.67,2.455,12.19,10.0,2548.0,100.0,23965.0,1.43,0
V3907,75.96,1.968,12.08,19.9,2893.0,54.9,13689.0,1.55,0
V3908,81.4,2.713,13.14,37.2,2643.0,62.8,35876.0,2.07,0
V3909,95.06,2.518,13.43,12.3,2797.0,59.5,68219.0,9.19,0
V3910,92.11,5.513,11.26,80.4,1977.0,78.1,125398.0,0.1,1
V3911,100.3,4.615,12.1,14.7,2543.0,62.3,15024.0,3.92,1
V3912,79.15,0.652,13.11,77.4,3350.0,91.2,61164.0,8.75,0
V3913,103.59,5.765,9.63,14.7,1660.0,79.7,97559.0,2.16,1
V3914,103.24,3.005,10.69,32.7,2411.0,52.6,6001.0,4.21,1
V3915,99.79,3.319,13.13,85.7,1642.0,86.7,39678.0,3.52,0
V3916,83.6,2.669,13.31,95.6,2827.0,88.7,42586.0,1.65,0
V3917,90.35,2.721,13.41,47.3,1212.0,64.1,14309.0,0.59,0
V3918,85.78,2.114,14.46,97.3,1916.0,57.8,1025.0,0.99,0
V3919,109.88,4.433,10.26,66.4,3353.0,81.0,13350.0,0.24,1
V3920,79.25,1.833,12.46,47.4,1953.0,,39548.0,5.79,0
V3921,90.96,4.566,14.01,82.3,2169.0,59.9,9842.0,3.04,0
V3922,102.57,5.407,11.2,36.6,2823.0,88.9,15244.0,6.16,1
V3923,90.71,4.964,11.87,33.9,2131.0,66.4,55383.0,1.37,1
V3924,93.83,5.712,11.37,69.1,1184.0,92.7,22861.0,6.53,1
V3925,103.82,9.461,11.19,45.1,1665.0,51.3,3045.0,1.48,1
V3926,,5.94,10.5,22.2,2859.0,64.0,22925.0,0.52,1
V3927,,6.951,12.1,16.0,2936.0,71.9,300000.0,3.05,0
V3928,104.83,6.049,12.08,80.9,1196.0,60.1,13614.0,11.62,1
V3929,95.93,5.542,10.37,70.8,1725.0,74.5,13871.0,2.14,1
V3930,91.95,3.95,12.49,47.1,1864.0,69.8,8379.0,2.9,0
V3931,81.36,4.849,12.74,90.7,2010.0,71.9,14263.0,2.4,0
V3932,77.89,0.916,14.29,47.0,1736.0,68.9,38479.0,2.45,0
V3933,108.89,3.125,11.36,73.9,2253.0,55.6,150350.0,0.97,1
V3934,92.01,0.695,13.19,91.8,1913.0,74.7,42107.0,2.2,0
V3935,103.11,3.202,10.87,85.7,1986.0,73.1,23732.0,2.75,1
V3936,80.17,4.044,13.52,56.0,1634.0,59.9,22216.0,5.46,0
V3937,83.16,1.655,14.77,71.3,2592.0,93.7,1104.0,0.6,0
V3938,71.88,1.844,13.29,47.2,1506.0,79.7,500.0,3.39,0
V3939,81.86,0.602,12.8,68.2,2391.0,85.8,71798.0,4.34,0
V3940,92.97,0.669,11.78,33.2,2702.0,62.9,30315.0,1.93,0
V3941,81.27,1.323,13.42,49.1,3195.0,40.4,1520.0,3.19,0
V3942,90.12,1.065,12.41,28.9,2450.0,100.0,15161.0,4.96,0
V3943,93.49,6.944,10.7,13.4,2313.0,77.5,19850.0,2.5,1
V3944,87.59,0.599,13.56,63.0,1355.0,80.5,68814.0,1.62,0
V3945,75.82,0.744,12.72,87.8,2936.0,79.8,25643.0,6.97,0
V3946,100.12,5.998,12.18,12.3,2271.0,81.0,70079.0,17.97,1
V3947,61.07,1.673,13.45,27.6,2355.0,59.0,45198.0,0.98,0
V3948,95.44,4.105,11.87,51.4,2398.0,59.6,1516.0,8.81,1
V3949,71.96,,12.23,69.9,2257.0,59.6,155870.0,3.15,0
V3950,94.65,1.6,13.28,25.4,2204.0,83.3,9009.0,2.38,0
V3951,91.22,2.055,13.45,15.1,2018.0,56.8,14510.0,8.95,0
V3952,88.73,1.333,12.65,56.7,2563.0,52.1,74566.0,9.65,0
V3953,110.51,4.455,11.98,83.7,1450.0,65.4,9474.0,1.27,1
V3954,77.41,3.555,12.34,13.2,1439.0,70.9,23069.0,1.77,0
V3955,98.98,1.468,13.43,41.4,1776.0,74.3,90109.0,7.64,0
V3956,92.46,2.3,14.15,69.7,2824.0,67.7,45635.0,2.7,0
V3957,83.11,1.484,13.56,21.8,2423.0,82.3,16184.0,1.36,0
V3958,94.08,0.229,12.95,31.2,1883.0,92.5,46483.0,13.1,0
V3959,76.15,1.092,13.43,58.2,1800.0,75.7,75359.0,0.98,0
V3960,78.4,1.303,12.5,95.8,2160.0,92.4,23280.0,3.77,0
V3961,80.13,2.041,13.22,35.9,2400.0,83.2,38154.0,2.23,0
V3962,92.86,4.915,11.26,53.9,2880.0,60.7,198758.0,2.4,1
V3963,84.81,3.965,10.83,46.0,3226.0,62.3,150300.0,0.45,1
V3964,94.78,1.445,13.65,90.8,2137.0,61.5,32012.0,1.19,0
V3965,82.93,2.427,13.49,16.5,3301.0,72.1,4549.0,0.73,0
V3966,87.82,1.969,13.34,61.0,2240.0,70.8,54281.0,5.54,0
V3967,80.44,0.594,13.25,86.2,2351.0,83.9,14077.0,4.79,0
V3968,77.52,8.476,11.76,98.9,2689.0,72.6,49818.0,6.32,1
V3969,87.16,1.531,13.09,72.9,2762.0,78.7,19507.0,4.81,0
V3970,69.7,1.969,13.47,44.2,2988.0,57.5,57084.0,0.55,0
V3971,84.45,0.478,12.85,47.1,1557.0,78.6,20601.0,15.38,0
V3972,74.05,4.177,12.88,41.7,2261.0,67.8,127509.0,0.84,0
V3973,100.9,1.369,12.72,64.3,2828.0,66.7,6613.0,1.73,0
V3974,103.84,7.365,11.82,76.5,1666.0,65.3,3189.0,4.91,1
V3975,85.85,1.896,12.54,83.8,1264.0,97.7,68382.0,0.61,0
V3976,95.11,2.933,13.01,47.5,1457.0,57.3,23087.0,0.75,0
V3977,78.23,1.475,12.81,74.5,2139.0,85.2,28195.0,8.37,0
V3978,98.39,3.687,10.82,92.5,3211.0,74.3,122190.0,1.61,1
V3979,98.85,5.078,12.41,92.9,1446.0,54.6,40113.0,4.38,1
V3980,87.11,2.628,12.38,73.4,1617.0,70.5,48569.0,7.83,0
V3981,95.18,0.169,12.92,67.3,1948.0,40.0,885.0,14.48,0
V3982,90.86,0.578,13.04,57.8,1703.0,100.0,49960.0,0.94,0
V3983,97.36,5.625,12.38,26.5,1613.0,69.5,22122.0,0.52,1
V3984,71.76,1.377,12.95,21.1,1181.0,91.7,27746.0,5.4,0
V3985,88.39,6.442,11.45,53.7,1936.0,95.2,74273.0,0.83,1
V3986,91.64,7.891,11.72,24.3,3180.0,66.5,33386.0,3.47,1
V3987,94.87,5.899,11.17,61.9,2477.0,75.4,194981.0,3.04,1
V3988,75.96,1.921,13.43,68.1,2788.0,77.8,71713.0,3.28,0
V3989,104.29,1.081,13.88,57.3,1898.0,100.0,58686.0,4.2,0
V3990,,5.753,11.7,13.3,1779.0,72.1,39978.0,7.61,1
V3991,89.82,2.64,13.46,15.2,2461.0,74.2,23927.0,1.27,0
V3992,85.58,2.08,13.92,20.2,2242.0,54.0,2444.0,3.24,0
V3993,83.3,3.285,12.93,23.8,2172.0,61.6,840.0,1.64,0
V3994,77.38,,13.41,99.1,3039.0,67.5,2155.0,1.54,0
V3995,85.62,2.11,12.72,41.0,1797.0,94.5,143559.0,0.1,0
V3996,93.76,4.786,13.34,36.3,1728.0,100.0,17568.0,3.66,1
V3997,75.07,1.226,12.7,14.7,2626.0,82.5,54270.0,14.38,0
V3998,87.67,2.594,13.42,67.2,2559.0,80.3,40598.0,5.73,0
V3999,83.76,0.635,13.6,68.7,1678.0,85.3,38154.0,1.11,0
V4000,69.74,1.022,12.29,25.8,2240.0,64.7,38956.0,5.04,0
V4001,78.12,1.501,12.6,92.7,1303.0,95.8,16198.0,1.41,0
V4002,98.59,2.694,12.1,82.0,2349.0,53.5,97931.0,5.6,1
V4003,100.1,2.692,13.65,30.7,1966.0,68.2,113213.0,7.72,0
V4004,89.45,2.899,12.29,53.7,2077.0,84.8,46544.0,1.63,0
V4005,82.31,2.895,11.09,51.3,1630.0,67.8,89763.0,0.1,1
V4006,88.89,5.453,13.44,41.4,2797.0,100.0,2783.0,1.46,0
V4007,72.62,2.577,13.1,83.6,2331.0,85.0,4761.0,0.92,0
V4008,93.66,6.549,13.76,19.8,2697.0,89.8,36849.0,3.86,0
V4009,92.58,7.454,9.99,47.4,2148.0,63.6,84335.0,1.37,1
V4010,84.25,1.253,13.36,48.5,2795.0,89.5,17053.0,0.15,0
V4011,95.61,0.632,12.89,52.2,1266.0,87.2,35739.0,3.03,0
V4012,,3.569,9.9,87.5,2203.0,98.5,500.0,8.31,1
V4013,73.82,0.199,12.35,29.6,2798.0,,194163.0,2.4,0
V4014,93.3,4.94,12.78,19.3,1209.0,63.3,65549.0,1.89,1
V4015,93.31,1.17,13.38,65.6,2265.0,80.0,20183.0,0.79,0
V4016,72.85,3.024,13.48,25.6,2489.0,80.5,183388.0,1.96,0
V4017,62.34,1.222,13.58,16.7,2008.0,74.3,4364.0,1.61,0
V4018,81.39,0.984,12.19,48.4,2697.0,52.1,28078.0,20.0,0
V4019,89.41,2.893,13.15,29.8,2702.0,77.9,2729.0,0.12,0
V4020,94.6,7.647,13.66,42.5,1891.0,79.6,18356.0,1.09,0
V4021,91.72,9.285,10.36,33.4,2007.0,75.0,11144.0,0.28,1
V4022,81.71,2.928,13.82,18.3,1619.0,74.4,17127.0,7.79,0
V4023,94.23,4.389,12.63,60.4,2359.0,89.1,132535.0,2.16,0
V4024,70.04,2.711,13.07,12.4,2301.0,72.7,25074.0,6.36,0
V4025,81.89,0.17,13.24,97.0,2201.0,56.2,17678.0,4.71,0
V4026,86.52,3.322,13.45,40.7,2250.0,96.1,46071.0,10.53,0
V4027,88.59,2.858,12.83,72.6,1771.0,95.2,51751.0,0.1,0
V4028,80.92,3.801,13.61,82.9,1486.0,74.4,185437.0,0.93,0
V4029,85.28,1.163,13.26,35.1,2422.0,88.1,35540.0,4.84,0
V4030,71.04,6.401,10.87,77.4,2101.0,52.1,62847.0,3.52,1
V4031,79.73,0.689,14.1,84.9,1684.0,72.8,21669.0,4.75,0
V4032,88.63,2.201,12.43,31.7,1837.0,49.3,8441.0,3.43,0
V4033,92.51,2.972,12.6,99.3,2659.0,91.9,25282.0,3.48,1
V4034,85.47,0.1,12.91,11.9,2631.0,52.6,24418.0,10.79,0
V4035,88.57,1.28,12.79,29.5,2531.0,68.8,24560.0,10.17,0
V4036,99.31,4.976,12.34,80.2,2179.0,,53497.0,0.15,1
V4037,86.36,1.308,12.58,27.5,1859.0,87.4,23435.0,2.14,0
V4038,77.3,5.126,11.87,72.8,2861.0,82.9,138720.0,2.86,0
V4039,95.94,4.491,11.83,87.0,2038.0,92.1,182697.0,1.77,1
V4040,101.01,3.394,11.15,96.3,2335.0,87.1,33345.0,0.2,1
V4041,86.26,4.225,13.92,52.7,1775.0,94.6,36785.0,2.56,0
V4042,86.59,3.593,11.08,97.4,2081.0,48.7,23563.0,14.87,1
V4043,86.79,0.748,13.35,47.0,867.0,67.7,19774.0,0.3,0
V4044,101.06,113.895,11.24,29.6,1886.0,81.8,189977.0,6.79,1
V4045,68.6,0.622,13.02,56.3,1438.0,98.6,1868.0,0.87,0
V4046,94.27,1.329,13.58,68.5,2309.0,67.4,23750.0,3.44,0
V4047,82.31,2.038,12.69,51.2,1902.0,100.0,7384.0,1.96,0
V4048,88.4,1.587,13.1,61.0,2049.0,80.3,58304.0,1.72,0
V4049,102.37,13.456,12.41,47.5,3265.0,64.3,9730.0,8.17,1
V4050,,6.658,11.88,57.2,1689.0,57.7,97189.0,14.52,1
V4051,87.5,4.757,10.1,95.7,2261.0,86.0,21113.0,1.96,1
V4052,82.69,,12.63,55.0,2310.0,65.4,112082.0,4.09,0
V4053,78.73,2.561,12.91,32.8,1725.0,70.9,193937.0,3.25,0
V4054,98.88,4.348,13.49,78.3,2752.0,77.4,66365.0,0.32,0
V4055,78.15,0.416,12.85,40.4,3023.0,78.0,43917.0,0.17,0
V4056,80.56,2.512,13.05,83.5,2800.0,100.0,7308.0,5.94,0
V4057,97.62,3.64,12.24,15.1,1723.0,80.9,121678.0,2.01,1
V4058,75.38,3.443,12.8,39.9,1849.0,65.9,67499.0,1.47,0
V4059,81.83,2.057,13.88,18.5,1187.0,63.8,15288.0,16.96,0
V4060,87.54,2.8,12.04,17.7,2109.0,100.0,28443.0,0.36,0
V4061,96.46,9.62,10.98,69.3,2145.0,67.3,3153.0,1.25,1
V4062,98.73,6.093,10.73,44.7,2590.0,83.8,48414.0,7.77,1
V4063,87.87,3.31,12.19,88.4,3082.0,77.9,6023.0,2.14,1
V4064,72.88,0.849,13.45,56.5,1571.0,81.3,47439.0,3.51,0
V4065,87.57,1.733,12.9,36.6,2269.0,96.0,50102.0,0.2,0
V4066,99.04,0.861,12.72,74.9,2087.0,79.2,17662.0,10.12,0
V4067,85.15,2.196,12.18,66.2,2124.0,87.3,133620.0,0.59,0
V4068,98.31,5.743,13.16,82.0,2982.0,79.6,67924.0,0.96,1
V4069,,1.863,11.79,67.9,2248.0,68.2,30899.0,0.68,1
V4070,74.85,2.151,12.73,25.0,2475.0,82.4,112860.0,2.75,0
V4071,108.76,7.068,12.41,70.3,2437.0,65.2,87158.0,6.79,1
V4072,92.95,4.635,11.43,45.2,2309.0,57.5,53026.0,1.24,1
V4073,117.63,4.849,11.23,51.7,1816.0,83.7,7471.0,0.61,1
V4074,79.14,3.333,12.57,92.9,3136.0,82.0,30929.0,2.11,0
V4075,102.45,5.337,10.83,42.4,2183.0,80.4,89920.0,15.99,1
V4076,91.2,1.874,12.36,65.1,2466.0,74.7,42245.0,0.1,0
V4077,95.76,6.529,10.41,42.7,2327.0,73.9,35486.0,2.8,1
V4078,98.1,2.919,12.9,18.5,1144.0,58.7,139774.0,4.43,1
V4079,95.71,6.168,10.89,50.8,1679.0,47.1,751.0,6.57,1
V4080,108.79,3.367,11.15,63.7,2257.0,88.3,545.0,5.48,1
V4081,91.21,9.078,11.71,46.7,1775.0,88.1,100496.0,0.31,1
V4082,69.26,0.939,12.95,45.2,2402.0,71.2,1768.0,2.48,0
V4083,76.06,2.126,13.4,83.8,1745.0,97.1,18193.0,0.33,0
V4084,83.51,4.933,12.67,12.7,2208.0,82.5,115981.0,3.87,0
V4085,87.48,0.499,12.48,36.6,1346.0,80.1,52871.0,0.32,0
V4086,84.55,1.312,14.0,83.1,2618.0,100.0,47006.0,0.2,0
V4087,94.75,,12.03,92.8,2425.0,56.2,48151.0,1.46,0
V4088,69.39,0.325,13.22,47.1,2449.0,74.3,17199.0,11.18,0
V4089,86.15,2.848,13.41,90.0,2155.0,62.2,34027.0,4.95,0
V4090,70.46,2.552,13.49,27.9,1851.0,69.5,44738.0,0.1,0
V4091,91.08,0.278,12.82,29.9,2989.0,74.0,16419.0,1.34,0
V4092,98.11,2.457,12.28,86.2,3033.0,74.3,71393.0,0.1,1
V4093,106.09,1.439,13.25,91.3,2164.0,58.9,17471.0,1.39,1
V4094,78.09,2.464,12.73,30.1,1914.0,76.0,3336.0,4.63,0
V4095,107.01,3.756,12.53,15.3,1336.0,62.6,10123.0,5.7,1
V4096,93.33,0.449,13.22,18.1,2313.0,92.9,23622.0,6.52,0
V4097,105.57,6.165,11.0,33.5,1866.0,86.5,107396.0,9.63,1
V4098,83.96,5.193,13.24,78.5,1960.0,80.2,24185.0,1.82,0
V4099,89.64,4.978,13.69,55.9,2682.0,67.9,4234.0,7.94,0
V4100,79.34,2.134,13.05,51.0,1719.0,77.3,9843.0,5.2,0
V4101,91.84,0.243,12.56,62.6,3159.0,85.6,35383.0,3.09,0
V4102,113.34,2.443,10.5,90.1,1691.0,69.9,8802.0,12.37,1
V4103,93.56,0.691,12.75,18.1,1177.0,51.1,2974.0,11.81,0
V4104,79.16,1.125,13.48,72.5,1871.0,85.8,56460.0,9.12,0
V4105,87.89,4.885,12.39,93.4,2378.0,82.9,69034.0,0.9,0
V4106,74.65,,13.41,29.2,2268.0,79.8,85561.0,0.93,0
V4107,,2.04,13.02,85.4,2292.0,63.6,83586.0,9.25,0
V4108,88.6,2.214,13.45,72.8,2061.0,89.4,21458.0,2.03,0
V4109,86.06,6.887,9.98,11.3,1949.0,92.2,59671.0,6.39,1
V4110,86.37,5.955,10.5,30.8,1580.0,79.2,39418.0,4.65,1
V4111,82.73,2.02,12.72,64.5,2265.0,69.1,1064.0,5.75,0
V4112,82.59,4.33,14.12,55.2,2728.0,69.4,23107.0,0.11,0
V4113,75.32,1.332,12.55,57.5,2207.0,69.1,2445.0,2.25,0
V4114,88.11,3.467,12.92,30.9,1820.0,68.4,3917.0,7.78,0
V4115,99.22,7.115,13.12,70.8,2273.0,69.7,2593.0,2.69,1
V4116,83.45,3.759,13.26,34.0,2932.0,79.8,145927.0,4.69,0
V4117,78.95,0.821,13.52,45.0,2098.0,88.4,83663.0,5.64,0
V4118,108.17,3.408,10.47,43.2,1582.0,96.8,26020.0,0.51,1
V4119,98.24,0.304,13.71,70.5,2310.0,61.3,12826.0,0.68,0
V4120,81.13,0.574,13.8,18.1,2495.0,63.8,3384.0,5.16,0
V4121,80.1,1.585,13.3,28.5,2634.0,87.7,25390.0,0.22,0
V4122,88.93,2.102,12.95,28.0,2549.0,61.3,41273.0,1.67,0
V4123,82.14,2.599,13.34,19.8,2283.0,57.6,71778.0,10.01,0
V4124,83.88,0.562,12.02,28.7,1783.0,60.9,2382.0,3.42,0
V4125,90.92,1.77,13.65,64.6,1708.0,72.4,24348.0,9.65,0
V4126,69.73,3.887,12.49,75.9,2031.0,99.5,169474.0,1.48,0
V4127,95.55,2.385,12.83,69.4,2508.0,73.1,5789.0,4.05,0
V4128,85.58,2.947,13.79,52.8,1875.0,79.1,23010.0,1.35,0
V4129,81.71,,13.66,14.7,1955.0,57.0,14475.0,0.47,0
V4130,99.41,3.451,10.59,96.3,1757.0,91.1,6476.0,18.71,1
V4131,99.21,2.399,11.67,25.1,2980.0,88.1,82171.0,0.78,1
V4132,71.15,1.669,13.38,70.2,2089.0,68.0,53748.0,0.84,0
V4133,113.38,5.706,10.27,92.2,2536.0,64.7,23862.0,7.38,1
V4134,85.33,0.9,13.85,72.8,2990.0,89.4,20725.0,6.48,0
V4135,88.54,1.299,13.07,29.6,1724.0,71.6,79146.0,15.24,0
V4136,92.61,2.011,13.85,38.4,2579.0,65.0,4283.0,0.3,0
V4137,76.83,5.858,12.55,12.7,2153.0,69.5,7146.0,0.4,0
V4138,95.27,3.267,11.24,65.1,2903.0,,106665.0,2.38,1
V4139,82.86,2.457,13.62,65.2,1804.0,86.0,76473.0,3.58,0
V4140,91.77,1.475,12.82,75.3,2307.0,79.8,67100.0,0.16,0
V4141,67.98,6.009,12.26,11.0,2517.0,79.1,44015.0,0.69,0
V4142,102.1,3.462,11.73,83.6,1858.0,71.4,15568.0,4.86,1
V4143,87.78,6.245,10.66,76.5,2096.0,77.2,122854.0,4.42,1
V4144,88.46,0.761,13.87,22.7,2130.0,69.1,30466.0,0.38,0
V4145,88.76,1.819,13.11,41.3,2747.0,71.0,14821.0,10.73,0
V4146,95.3,15.259,10.81,67.5,3309.0,96.3,20477.0,1.18,1
V4147,93.04,,,54.6,2988.0,75.6,764.0,8.73,1
V4148,84.11,1.427,13.7,20.4,2919.0,69.5,13256.0,10.26,0
V4149,77.83,4.104,13.0,17.9,600.0,64.9,9369.0,2.69,0
V4150,91.74,1.549,14.37,80.3,2266.0,42.0,6555.0,2.12,0
V4151,88.04,2.933,12.17,24.0,2232.0,100.0,1470.0,1.3,1
V4152,72.27,3.42,10.9,25.5,2600.0,100.0,11579.0,6.59,1
V4153,,0.182,13.64,84.8,1480.0,84.4,4918.0,0.88,0
V4154,76.69,2.697,13.79,65.1,2563.0,59.5,2079.0,3.89,0
V4155,71.95,1.321,12.32,64.4,1157.0,100.0,6647.0,3.35,0
V4156,88.99,4.08,11.43,53.1,2714.0,53.9,10177.0,1.14,1
V4157,95.54,4.883,11.63,61.2,1376.0,80.9,24201.0,16.31,1
V4158,95.63,2.111,12.51,64.2,2812.0,49.3,39435.0,7.49,0
V4159,101.62,4.27,11.15,97.1,2787.0,,17505.0,0.1,1
V4160,80.15,0.959,13.12,30.1,2033.0,78.5,6853.0,2.19,0
V4161,88.65,0.887,12.03,29.3,2419.0,80.4,126847.0,1.78,0
V4162,81.33,0.479,13.21,15.1,2198.0,76.8,32549.0,8.58,0
V4163,79.44,1.946,12.85,69.2,1461.0,97.4,60945.0,1.23,0
V4164,98.26,8.298,12.26,59.4,2481.0,74.3,53352.0,20.0,1
V4165,70.99,7.729,13.7,20.0,2794.0,87.2,15090.0,0.89,0
V4166,89.43,2.158,11.78,42.8,2039.0,63.3,36930.0,1.12,1
V4167,100.04,4.93,12.08,26.1,2519.0,94.4,41477.0,4.39,1
V4168,94.37,7.591,11.4,39.8,1761.0,95.7,19509.0,0.7,1
V4169,81.67,1.161,12.87,95.6,2659.0,71.2,49994.0,8.79,0
V4170,90.65,4.592,10.78,71.5,2205.0,80.6,70374.0,0.47,1
V4171,89.87,4.351,12.31,10.7,2193.0,64.5,20380.0,16.37,0
V4172,74.46,0.471,12.27,32.7,2435.0,71.7,676.0,8.31,0
V4173,91.21,2.784,11.9,10.9,2965.0,86.1,19339.0,7.32,0
V4174,76.98,0.769,13.01,74.3,2463.0,82.3,5590.0,2.09,0
V4175,97.23,6.563,10.73,52.2,1659.0,49.1,7611.0,2.88,1
V4176,73.27,1.997,12.48,99.5,1841.0,57.9,20503.0,2.44,0
V4177,80.99,0.368,13.39,76.0,2164.0,66.2,10472.0,17.5,0
V4178,92.8,1.085,13.9,56.6,2448.0,78.3,122925.0,0.14,0
V4179,89.13,0.972,,82.4,1619.0,61.2,47604.0,1.92,0
V4180,104.69,5.166,11.98,73.4,2375.0,,32876.0,13.82,1
V4181,89.18,1.858,12.81,31.9,2645.0,35.6,500.0,1.84,0
V4182,76.17,0.896,12.69,57.7,1950.0,100.0,4922.0,2.03,0
V4183,82.35,3.105,13.09,60.0,3185.0,78.0,69904.0,3.99,0
V4184,78.76,1.578,12.61,50.6,1829.0,53.4,22224.0,9.51,0
V4185,95.64,2.327,12.95,26.1,2301.0,90.5,2095.0,1.4,0
V4186,75.43,1.741,13.04,30.1,1156.0,97.4,78578.0,11.8,0
V4187,105.0,10.176,12.62,35.3,2042.0,78.2,16221.0,1.33,1
V4188,92.14,2.312,13.83,10.9,2126.0,84.3,21971.0,6.76,0
V4189,99.64,3.369,12.64,92.5,1986.0,94.6,164878.0,1.29,0
V4190,88.05,7.854,11.43,71.7,1831.0,84.1,704.0,0.3,1
V4191,90.7,1.873,13.48,72.1,1941.0,84.5,57497.0,6.69,0
V4192,115.29,7.113,10.43,61.5,2517.0,52.0,133815.0,2.39,1
V4193,97.93,4.302,11.84,72.0,1241.0,34.1,2970.0,1.98,1
V4194,72.72,0.217,13.54,98.4,1270.0,87.9,90472.0,2.25,0
V4195,69.96,1.035,13.61,44.7,1954.0,71.6,24222.0,3.78,0
V4196,90.7,1.896,13.05,74.1,2139.0,68.2,94667.0,1.22,0
V4197,69.93,2.071,12.3,42.4,1809.0,89.6,16585.0,1.08,0
V4198,90.88,3.606,12.04,86.9,2232.0,60.7,182470.0,2.64,1
V4199,88.5,2.723,12.7,87.2,2510.0,74.5,46864.0,0.15,0
V4200,86.48,1.542,13.47,91.2,2689.0,75.9,44389.0,4.12,0
V4201,88.4,1.937,13.92,10.5,2862.0,85.3,73773.0,6.92,0
V4202,,3.764,13.02,36.8,1538.0,80.1,25818.0,5.2,1
V4203,95.23,1.657,13.53,22.1,1814.0,80.1,13469.0,2.53,0
V4204,77.38,0.812,12.44,50.9,1761.0,68.9,13728.0,3.33,0
V4205,79.58,2.555,13.84,54.6,2706.0,69.3,18062.0,0.11,0
V4206,78.82,2.988,13.26,33.0,1884.0,80.1,43229.0,9.74,0
V4207,91.64,0.566,12.51,75.1,2354.0,67.5,82016.0,3.27,0
V4208,98.45,3.122,11.73,34.3,1493.0,62.6,31154.0,1.52,1
V4209,88.61,2.047,12.87,86.9,1878.0,94.3,23247.0,1.39,0
V4210,107.1,8.466,10.53,26.0,1752.0,64.9,71061.0,4.31,1
V4211,75.58,0.801,12.41,43.1,2542.0,68.1,15391.0,3.51,0
V4212,119.87,,11.41,66.0,1577.0,93.4,52563.0,0.83,1
V4213,97.19,1.333,12.94,64.5,3092.0,64.7,5032.0,2.11,0
V4214,90.88,2.446,12.36,17.0,2308.0,79.8,5408.0,4.51,0
V4215,107.48,3.521,11.54,86.2,1836.0,81.1,46484.0,1.41,1
V4216,71.75,1.148,13.31,63.8,2371.0,73.6,3887.0,2.85,0
V4217,94.3,11.121,10.38,88.3,1793.0,69.2,7582.0,1.18,1
V4218,79.12,0.253,14.58,88.1,1669.0,58.1,44062.0,0.3,0
V4219,97.94,5.075,11.35,59.1,2549.0,84.4,25948.0,1.97,1
V4220,76.6,1.949,12.73,92.0,2884.0,91.5,37077.0,5.27,0
V4221,91.06,1.373,13.23,86.4,2390.0,89.9,169640.0,0.96,0
V4222,109.85,,11.04,96.2,1586.0,80.6,44980.0,5.62,1
V4223,99.35,5.521,12.34,86.5,1792.0,45.4,40215.0,4.43,1
V4224,96.89,7.93,12.0,83.9,2965.0,86.5,21522.0,2.83,1
V4225,77.1,0.359,12.45,52.2,2597.0,73.4,44848.0,14.23,0
V4226,78.23,2.713,13.37,29.1,1636.0,66.1,589.0,8.6,0
V4227,100.92,4.879,9.8,92.0,1843.0,84.9,36671.0,3.31,1
V4228,91.23,2.898,13.32,75.0,2294.0,78.4,3212.0,3.26,0
V4229,84.69,3.929,13.77,35.4,2128.0,90.1,11191.0,1.3,0
V4230,81.66,5.018,11.62,40.7,3245.0,80.1,37264.0,10.11,0
V4231,68.79,6.803,12.76,71.7,1834.0,71.0,49611.0,9.05,0
V4232,83.45,2.415,10.68,53.0,2500.0,69.8,21861.0,5.42,1
V4233,100.29,2.752,13.01,17.3,2349.0,84.2,24434.0,0.55,0
V4234,74.76,4.349,14.35,22.7,1370.0,54.9,31014.0,4.86,0
V4235,86.52,1.847,13.14,77.1,1003.0,67.5,64047.0,1.17,0
V4236,93.06,0.866,12.87,39.6,2008.0,42.1,800.0,0.84,0
V4237,74.96,0.882,11.31,55.7,2409.0,81.3,26663.0,5.7,0
V4238,102.44,3.843,10.87,79.0,2995.0,84.7,647.0,12.85,1
V4239,92.5,2.58,12.92,77.6,1809.0,63.5,17298.0,0.46,0
V4240,85.1,1.156,13.06,25.0,2437.0,58.6,33014.0,0.72,0
V4241,123.33,5.14,11.79,18.9,2055.0,89.3,3748.0,0.99,1
V4242,82.51,4.075,12.48,63.2,3064.0,64.3,29880.0,13.18,1
V4243,93.47,0.47,12.46,76.7,2180.0,84.6,116307.0,4.77,0
V4244,101.23,5.949,11.28,23.4,1980.0,74.8,52032.0,4.54,1
V4245,91.18,0.1,12.7,43.5,2285.0,67.1,68599.0,2.81,0
V4246,99.74,5.746,10.15,88.3,2296.0,83.7,39082.0,3.09,1
V4247,79.13,2.6,12.48,95.0,2898.0,75.5,102007.0,1.37,0
V4248,101.92,4.866,10.67,50.9,2203.0,97.4,7148.0,0.67,1
V4249,70.14,2.49,11.46,17.2,2415.0,64.0,26885.0,6.06,0
V4250,89.83,1.368,11.89,33.2,1373.0,55.1,40901.0,2.54,0
V4251,87.39,0.842,14.9,31.0,1622.0,74.8,93029.0,1.18,0
V4252,90.11,4.496,12.6,31.5,2012.0,82.1,16568.0,4.01,0
V4253,93.46,2.922,13.88,54.4,2252.0,72.2,500.0,0.94,0
V4254,87.94,1.19,12.96,62.5,1819.0,100.0,164957.0,2.68,0
V4255,86.18,1.006,12.66,21.0,2342.0,93.2,1184.0,0.84,0
V4256,93.26,10.32,11.68,90.0,1938.0,67.1,7439.0,5.7,1
V4257,79.3,2.651,13.05,65.8,3049.0,76.0,24672.0,1.55,0
V4258,111.05,4.017,11.37,63.8,2097.0,47.9,30866.0,2.33,1
V4259,106.57,2.124,11.0,98.9,2415.0,90.8,80936.0,5.62,1
V4260,92.41,4.082,11.21,66.5,2091.0,64.8,26724.0,4.31,1
V4261,94.41,8.468,11.09,93.6,2153.0,78.0,35676.0,2.04,1
V4262,77.76,3.226,12.71,35.8,2473.0,71.1,10041.0,0.29,0
V4263,103.04,5.845,,31.6,2269.0,52.7,37891.0,10.18,1
V4264,90.32,0.527,,56.5,1939.0,87.5,19273.0,0.1,0
V4265,116.48,2.717,12.16,55.8,2368.0,59.1,4678.0,5.31,1
V4266,88.81,4.159,10.31,30.4,2121.0,67.2,131732.0,11.63,1
V4267,81.98,4.344,13.6,73.0,2491.0,87.8,3835.0,1.47,0
V4268,86.85,2.181,12.79,12.7,2774.0,60.4,50977.0,0.31,0
V4269,90.17,4.3,13.32,72.2,2696.0,,107463.0,1.15,0
V4270,83.27,2.197,13.0,51.1,1669.0,60.2,8887.0,1.5,0
V4271,86.34,6.437,10.04,72.0,686.0,57.5,12179.0,2.4,1
V4272,92.05,1.621,13.02,52.9,3329.0,75.7,25036.0,2.98,0
V4273,100.7,5.082,11.34,98.0,2462.0,99.5,15699.0,5.17,1
V4274,77.67,1.355,12.43,40.1,2389.0,74.9,64039.0,9.25,0
V4275,95.84,3.341,14.39,98.4,1844.0,89.7,18572.0,2.5,0
V4276,94.36,2.338,13.49,15.8,1175.0,54.9,191566.0,5.49,0
V4277,86.07,0.164,13.49,71.5,1199.0,69.5,88087.0,0.54,0
V4278,85.64,1.055,13.56,50.9,2031.0,70.5,101568.0,1.59,0
V4279,100.14,12.95,11.03,84.0,2277.0,56.1,2960.0,0.5,1
V4280,78.11,2.907,13.42,81.1,3043.0,51.1,8728.0,4.71,0
V4281,85.24,1.299,14.37,82.0,2322.0,71.4,8351.0,9.53,0
V4282,67.78,0.515,13.46,18.5,2535.0,98.7,50159.0,8.79,0
V4283,92.01,2.125,12.84,84.0,1934.0,78.3,539.0,1.58,0
V4284,72.51,2.874,12.33,29.3,1971.0,64.8,73894.0,1.07,0
V4285,97.03,1.287,12.27,12.3,1463.0,44.4,35638.0,1.28,0
V4286,93.96,5.229,10.19,29.6,1586.0,69.4,37594.0,1.35,1
V4287,93.46,5.958,12.19,53.1,1581.0,68.4,34684.0,0.34,1
V4288,94.93,4.709,11.28,76.8,2018.0,80.8,34491.0,0.57,1
V4289,82.7,1.238,12.91,29.7,1368.0,71.2,9923.0,0.97,0
V4290,96.35,0.399,13.12,20.2,1794.0,84.5,14982.0,0.1,0
V4291,65.1,4.67,11.97,68.1,2180.0,86.5,30091.0,0.19,0
V4292,95.22,1.461,12.54,98.6,998.0,74.0,50972.0,4.8,0
V4293,87.7,5.892,12.65,64.1,2941.0,74.2,14283.0,3.86,0
V4294,75.34,0.123,12.64,72.2,3091.0,75.5,73827.0,11.63,0
V4295,76.4,2.548,13.01,60.5,2716.0,48.8,74874.0,2.06,0
V4296,111.62,5.587,11.45,80.4,2396.0,85.8,14402.0,2.35,1
V4297,77.44,2.911,12.75,97.8,2363.0,100.0,36951.0,0.28,0
V4298,75.77,3.672,12.6,59.0,2466.0,75.9,19311.0,0.66,0
V4299,105.78,4.899,11.94,47.5,2243.0,63.3,9521.0,4.71,1
V4300,87.71,2.24,13.87,87.4,2291.0,74.9,73795.0,1.07,0
V4301,85.51,1.052,10.46,97.3,1369.0,68.5,214447.0,5.94,1
V4302,86.73,1.818,13.68,21.6,2258.0,75.4,37533.0,4.89,0
V4303,76.79,2.284,12.02,62.0,2449.0,70.3,110375.0,5.5,0
V4304,,1.082,13.22,81.3,2369.0,42.7,46246.0,4.69,0
V4305,105.36,4.748,11.8,58.0,2774.0,76.4,37533.0,4.92,1
V4306,89.26,2.88,12.21,46.8,2935.0,100.0,29439.0,3.17,0
V4307,93.8,5.986,11.61,69.0,1937.0,55.0,12097.0,4.54,1
V4308,109.33,1.705,10.37,34.3,1633.0,91.5,3961.0,2.99,1
V4309,85.0,1.648,13.7,41.4,2828.0,81.0,26280.0,0.92,0
V4310,75.55,2.588,12.04,99.3,2533.0,61.2,37078.0,0.98,0
V4311,105.78,3.055,11.22,67.3,1914.0,54.9,32050.0,2.08,1
V4312,101.69,1.971,13.08,88.6,2088.0,78.9,53519.0,0.1,0
V4313,,2.395,,82.7,2048.0,80.4,9599.0,8.8,0
V4314,94.22,10.548,11.44,68.7,2335.0,52.4,19677.0,1.25,1
V4315,97.1,6.357,12.28,85.7,2918.0,88.9,24170.0,0.21,1
V4316,84.57,0.339,12.67,35.8,1752.0,67.6,9290.0,2.21,0
V4317,77.14,0.458,12.35,67.3,2346.0,82.4,106624.0,6.76,0
V4318,108.66,3.204,12.12,63.2,2328.0,85.5,51488.0,2.03,1
V4319,116.39,2.087,12.43,66.0,1207.0,88.4,4336.0,1.22,1
V4320,93.84,7.264,11.68,25.2,3452.0,60.2,56141.0,3.15,1
V4321,77.77,1.741,12.01,35.0,2305.0,100.0,35712.0,3.42,0
V4322,72.61,2.923,13.73,35.8,2778.0,61.2,33400.0,5.69,0
V4323,87.06,5.098,13.76,64.2,1391.0,88.4,206279.0,6.43,0
V4324,93.83,3.331,12.87,97.5,3164.0,67.5,43329.0,4.9,0
V4325,88.8,1.524,12.6,95.9,2024.0,75.8,102168.0,0.1,0
V4326,84.98,1.829,12.84,30.4,1048.0,73.1,110168.0,0.1,0
V4327,80.29,1.983,12.87,37.4,1489.0,82.0,4812.0,15.17,0
V4328,76.26,5.329,13.46,13.2,1586.0,90.7,500.0,1.23,0
V4329,103.64,6.443,10.61,45.9,1813.0,65.8,25713.0,1.33,1
V4330,92.31,3.914,12.65,85.1,1555.0,61.8,65996.0,5.27,0
V4331,72.63,2.769,12.89,92.4,2605.0,44.1,78227.0,3.49,0
V4332,97.72,2.353,13.16,31.3,2290.0,77.7,69695.0,2.49,0
V4333,89.59,1.754,13.52,33.9,2456.0,72.5,26681.0,0.5,0
V4334,103.79,3.568,11.64,29.9,2415.0,76.6,62377.0,0.34,1
V4335,74.26,3.276,14.05,41.5,2077.0,73.5,57087.0,4.86,0
V4336,74.07,1.268,12.41,82.4,1420.0,86.4,16948.0,0.53,0
V4337,97.23,6.411,12.73,68.2,1444.0,67.4,8316.0,2.29,1
V4338,89.02,0.258,12.43,80.7,1466.0,80.2,43710.0,5.33,0
V4339,115.41,1.351,11.47,62.5,1654.0,74.5,50867.0,10.27,1
V4340,104.47,7.478,12.09,33.2,3047.0,60.6,37767.0,8.27,1
V4341,83.06,5.345,13.71,30.5,1452.0,64.7,10789.0,7.98,0
V4342,136.79000000000002,3.612,12.76,10.8,2939.0,88.8,14575.0,1.78,0
V4343,94.84,0.905,13.24,80.3,1673.0,87.4,55470.0,10.48,0
V4344,77.28,4.206,12.81,86.2,1522.0,86.1,147901.0,4.6,0
V4345,98.03,0.966,11.62,79.1,2411.0,72.5,130385.0,8.7,0
V4346,99.78,7.027,10.93,16.7,2834.0,41.4,32997.0,0.37,1
V4347,97.72,0.73,12.26,78.6,1388.0,50.0,97941.0,0.16,0
V4348,90.43,1.404,13.76,14.1,2155.0,71.1,1345.0,2.25,0
V4349,83.9,0.1,13.77,19.5,2794.0,52.2,88847.0,7.04,0
V4350,80.84,,12.5,49.6,2655.0,92.2,29095.0,2.1,0
V4351,82.27,3.253,12.41,52.9,1428.0,62.9,68449.0,8.64,0
V4352,88.43,7.005,12.62,83.5,2098.0,70.9,500.0,1.07,0
V4353,98.22,7.048,11.2,71.2,1395.0,100.0,91314.0,0.16,1
V4354,80.25,3.517,13.32,23.8,2387.0,90.5,40672.0,5.73,0
V4355,,0.463,15.0,30.4,2283.0,80.2,12363.0,3.94,0
V4356,85.63,1.423,12.81,35.7,2483.0,78.3,19211.0,2.32,0
V4357,78.37,8.988,11.65,21.1,1722.0,63.7,10079.0,7.46,1
V4358,88.67,2.08,14.16,35.9,1850.0,86.4,24856.0,6.95,0
V4359,77.16,0.637,13.17,75.6,2694.0,78.2,18022.0,1.57,0
V4360,75.77,1.417,12.35,31.7,2715.0,73.0,34409.0,7.28,0
V4361,71.5,0.199,13.21,85.2,3036.0,84.6,75881.0,1.69,0
V4362,70.65,3.784,13.42,52.3,2911.0,84.9,181476.0,3.89,0
V4363,74.16,0.519,12.79,39.1,1376.0,60.4,13033.0,0.86,0
V4364,79.33,2.006,13.48,47.1,2812.0,88.8,5068.0,1.23,0
V4365,100.63,0.616,13.42,73.9,2183.0,73.7,22663.0,2.38,0
V4366,80.79,2.296,12.72,56.5,2564.0,76.2,6973.0,1.51,0
V4367,86.42,3.638,13.93,10.7,2031.0,55.3,80875.0,0.55,0
V4368,102.27,3.045,11.11,93.0,1743.0,55.7,31293.0,2.63,1
V4369,92.54,8.836,11.69,15.9,2058.0,53.2,43537.0,2.86,1
V4370,84.38,3.373,12.64,94.5,2232.0,100.0,7346.0,0.69,0
V4371,75.44,2.973,11.98,12.5,2345.0,100.0,62313.0,0.77,0
V4372,105.62,7.871,11.37,79.4,2687.0,49.5,163517.0,0.12,1
V4373,99.46,2.328,14.16,58.1,1681.0,52.3,29634.0,0.12,0
V4374,71.54,1.498,12.97,55.5,1638.0,67.3,147702.0,1.78,0
V4375,76.81,2.691,12.1,16.6,1385.0,91.6,1590.0,0.63,0
V4376,82.76,0.654,13.13,31.5,2089.0,84.4,1637.0,10.06,0
V4377,87.99,6.764,11.46,80.0,1763.0,100.0,144864.0,0.89,1
V4378,89.05,3.894,13.63,90.2,2034.0,70.4,54219.0,0.27,0
V4379,79.17,1.673,12.86,57.6,2212.0,64.5,9410.0,2.07,0
V4380,117.07,1.758,9.84,41.8,1309.0,75.8,20356.0,0.86,1
V4381,94.52,2.377,13.31,15.4,1922.0,72.4,31895.0,0.26,0
V4382,86.7,0.556,13.13,71.4,2381.0,74.6,54576.0,5.59,0
V4383,93.22,1.47,12.82,35.1,2234.0,76.6,83040.0,3.26,0
V4384,93.85,4.672,12.38,15.0,2013.0,100.0,3882.0,0.23,0
V4385,93.59,2.967,11.99,69.9,2182.0,76.8,48095.0,2.52,1
V4386,86.84,6.765,10.88,53.7,2064.0,59.1,29143.0,0.16,1
V4387,85.63,2.793,13.54,11.1,1702.0,70.6,40966.0,1.75,0
V4388,91.89,3.062,12.72,20.0,1617.0,85.9,31966.0,1.81,0
V4389,86.11,1.22,,72.9,3544.0,84.0,26959.0,6.93,0
V4390,84.15,3.653,11.24,15.7,2514.0,83.2,10353.0,5.32,1
V4391,78.58,1.607,13.02,87.9,2741.0,49.5,28768.0,9.09,0
V4392,84.41,6.139,12.5,38.0,2502.0,,9463.0,0.61,0
V4393,84.39,1.163,13.32,18.0,2896.0,73.0,2054.0,3.05,0
V4394,100.78,0.154,13.84,78.4,2487.0,81.7,21066.0,0.1,0
V4395,73.91,2.191,12.38,57.2,1148.0,62.5,1137.0,6.98,0
V4396,110.07,7.339,10.23,37.6,1781.0,97.4,37205.0,1.83,1
V4397,96.91,2.396,14.77,46.5,2318.0,83.1,3382.0,0.29,0
V4398,103.17,6.416,12.4,11.9,2304.0,67.2,25896.0,1.57,0
V4399,89.44,4.53,10.39,69.6,2266.0,100.0,176364.0,1.35,1
V4400,88.93,2.42,13.83,42.9,1642.0,68.0,500.0,5.81,0
V4401,98.14,3.501,12.58,74.3,1919.0,69.5,20567.0,0.54,1
V4402,86.56,2.943,11.54,66.5,2324.0,68.8,50337.0,3.25,0
V4403,84.21,0.439,13.46,68.6,2218.0,75.6,7788.0,6.32,0
V4404,104.3,7.903,11.49,81.4,2588.0,58.9,37019.0,5.38,1
V4405,64.74,3.647,12.91,66.8,1663.0,86.1,13440.0,10.99,0
V4406,102.33,5.577,12.46,47.7,2443.0,,11341.0,0.1,1
V4407,90.93,2.581,11.76,45.1,1914.0,85.0,101414.0,1.75,1
V4408,83.22,5.012,12.69,20.8,2022.0,,10226.0,1.85,0
V4409,101.37,1.731,12.81,80.1,2172.0,68.3,21262.0,0.14,0
V4410,87.3,3.672,11.32,78.5,1334.0,84.2,8363.0,6.8,1
V4411,81.78,2.094,13.21,32.2,2264.0,78.2,15026.0,4.67,0
V4412,121.14,6.196,11.89,87.6,2829.0,63.0,15609.0,3.0,1
V4413,78.34,1.104,13.26,63.0,1592.0,44.6,17805.0,2.08,0
V4414,80.6,0.946,12.99,53.1,3129.0,69.1,46108.0,9.03,0
V4415,83.82,0.913,13.33,11.6,1876.0,82.8,61069.0,1.23,0
V4416,91.73,1.37,13.47,44.4,2495.0,82.4,32162.0,1.63,0
V4417,101.0,7.887,12.32,67.7,1538.0,52.3,42427.0,12.2,1
V4418,74.66,2.305,12.6,18.1,3280.0,87.6,75514.0,0.27,0
V4419,80.74,,13.25,51.4,1670.0,100.0,300000.0,6.07,0
V4420,96.03,12.318,10.02,99.4,2304.0,69.7,27438.0,5.06,1
V4421,84.38,,13.92,74.5,1932.0,71.9,124006.0,9.29,0
V4422,95.15,4.461,13.21,59.2,2175.0,67.2,30333.0,0.38,1
V4423,88.35,0.88,13.53,58.0,2256.0,69.7,68547.0,14.09,0
V4424,70.79,1.131,13.75,13.9,2037.0,93.2,38317.0,0.12,0
V4425,93.51,2.113,12.96,96.2,1860.0,63.2,96953.0,1.65,0
V4426,100.49,4.044,10.63,93.5,2176.0,78.6,26797.0,0.35,1
V4427,96.08,1.016,12.25,71.4,2166.0,70.9,53555.0,0.21,0
V4428,104.39,6.826,11.59,18.9,2362.0,77.9,28258.0,13.38,1
V4429,93.81,2.838,12.55,28.7,2442.0,70.7,87530.0,5.09,0
V4430,88.73,3.219,12.78,26.6,2605.0,87.3,233074.0,2.82,0
V4431,108.2,4.573,11.39,56.8,2481.0,90.6,12546.0,0.46,1
V4432,89.18,2.752,12.98,28.7,2266.0,80.6,28939.0,2.99,0
V4433,96.84,5.103,12.34,72.6,2072.0,71.8,3814.0,1.54,1
V4434,103.18,1.149,11.92,59.1,1434.0,86.8,6839.0,1.27,0
V4435,110.31,10.272,11.99,11.6,2278.0,63.8,119124.0,3.85,1
V4436,89.59,5.997,13.49,77.0,2747.0,81.4,35299.0,6.26,0
V4437,74.79,3.696,12.74,27.0,1816.0,67.3,22622.0,2.34,0
V4438,74.69,1.507,12.48,84.2,1866.0,78.2,50092.0,2.72,0
V4439,87.34,0.262,13.57,42.0,2853.0,60.6,36961.0,4.22,0
V4440,86.16,0.346,12.75,40.5,3016.0,92.8,15331.0,0.53,0
V4441,80.09,1.605,13.11,11.1,1783.0,56.1,11564.0,7.06,0
V4442,97.84,9.158,11.98,98.9,3476.0,73.1,40148.0,7.25,1
V4443,97.71,1.745,13.0,65.1,2409.0,52.8,9386.0,3.12,0
V4444,90.56,0.869,13.92,48.0,2662.0,92.4,6744.0,0.83,0
V4445,81.84,1.996,11.94,18.7,2024.0,98.3,17248.0,2.78,1
V4446,91.65,9.293,10.09,72.9,2329.0,57.1,88908.0,0.45,1
V4447,78.56,1.633,12.78,35.4,2413.0,79.9,1688.0,5.76,0
V4448,81.9,5.702,12.75,98.9,1750.0,70.6,80611.0,1.49,0
V4449,81.69,0.823,13.13,95.5,3027.0,82.7,43657.0,1.49,0
V4450,81.18,0.964,13.55,76.2,2180.0,98.6,1854.0,11.61,0
V4451,74.96,1.342,13.02,97.4,1950.0,80.8,41463.0,2.19,0
V4452,95.18,5.164,11.71,19.5,1621.0,63.5,24982.0,6.23,1
V4453,80.52,3.416,11.66,35.2,2481.0,64.6,82784.0,4.06,0
V4454,61.56,1.073,13.79,32.8,2328.0,69.7,106978.0,1.52,0
V4455,121.1,,11.22,16.5,1712.0,64.1,15190.0,0.53,1
V4456,93.71,0.49,13.16,97.5,2270.0,86.4,68997.0,6.39,0
V4457,81.99,0.472,13.15,15.4,2444.0,87.7,16685.0,5.75,0
V4458,85.15,0.887,12.54,87.1,2003.0,93.9,15771.0,0.74,0
V4459,75.63,5.334,12.85,79.1,2387.0,68.6,9629.0,1.15,0
V4460,98.57,0.875,12.53,43.8,2202.0,92.3,51063.0,5.81,0
V4461,100.18,2.147,13.83,11.7,2090.0,100.0,13652.0,16.45,0
V4462,99.84,5.123,9.86,10.5,1720.0,55.1,28135.0,7.42,1
V4463,102.83,3.91,11.04,28.4,2300.0,67.7,75240.0,4.61,1
V4464,100.0,7.246,11.98,54.4,1163.0,73.4,70641.0,9.88,1
V4465,74.31,1.226,13.9,51.2,2919.0,87.3,87034.0,1.34,0
V4466,81.71,3.831,13.42,62.7,2794.0,95.1,7903.0,0.1,0
V4467,86.06,3.913,12.02,79.5,1688.0,49.0,39782.0,1.55,0
V4468,94.83,1.465,11.5,44.0,1481.0,65.0,110845.0,14.29,1
V4469,83.25,3.477,13.43,24.4,2785.0,92.2,1933.0,8.55,0
V4470,84.27,3.465,14.34,82.0,2117.0,62.2,71210.0,0.21,0
V4471,101.15,3.971,11.43,39.9,2230.0,87.0,12720.0,2.79,1
V4472,85.42,1.405,12.29,35.8,2212.0,83.6,49843.0,0.33,0
V4473,76.52,2.554,13.19,78.8,1543.0,,56868.0,6.22,0
V4474,79.26,6.861,12.97,94.1,2593.0,86.9,116914.0,1.86,0
V4475,74.72,4.437,13.28,92.3,2424.0,68.6,31991.0,9.72,0
V4476,106.86,5.067,12.62,22.4,2209.0,71.0,84843.0,0.22,1
V4477,68.15,0.262,13.19,55.3,1066.0,69.8,2087.0,5.3,0
V4478,94.23,1.942,13.32,18.4,2452.0,78.4,24555.0,2.04,0
V4479,96.09,0.257,13.98,96.5,2389.0,43.0,26053.0,1.25,0
V4480,82.58,0.409,12.83,29.4,2153.0,82.2,34776.0,2.91,0
V4481,64.17,0.997,12.27,27.8,2683.0,100.0,29543.0,2.66,0
V4482,82.11,2.15,13.19,90.0,2764.0,78.0,154837.0,1.72,0
V4483,84.49,1.108,12.23,97.1,2368.0,73.2,3681.0,4.19,0
V4484,76.92,4.738,12.33,72.8,1444.0,76.1,13856.0,4.33,0
V4485,80.88,1.954,12.51,20.9,1567.0,83.0,155784.0,0.32,0
V4486,97.24,1.151,12.25,53.7,1851.0,92.2,26520.0,3.62,0
V4487,97.68,5.829,11.99,83.5,2076.0,74.0,38100.0,4.96,1
V4488,77.6,1.039,13.03,61.5,2621.0,72.5,3802.0,0.32,0
V4489,72.22,2.19,13.42,21.9,2365.0,54.4,15037.0,4.31,0
V4490,91.94,,11.64,25.5,2117.0,75.7,1821.0,6.52,1
V4491,83.29,1.024,12.87,87.8,2514.0,57.0,6657.0,7.13,0
V4492,98.35,6.606,11.43,57.4,1812.0,66.8,45146.0,0.17,1
V4493,95.67,6.001,10.8,73.5,2513.0,88.2,64905.0,4.78,1
V4494,89.09,2.378,12.9,43.6,2314.0,90.3,91839.0,6.38,0
V4495,100.48,3.117,12.58,57.9,2462.0,81.9,13034.0,2.02,0
V4496,104.44,7.623,11.58,97.9,2623.0,93.2,18214.0,3.13,1
V4497,91.55,3.184,12.3,39.7,2176.0,50.2,37916.0,1.23,1
V4498,83.53,1.271,13.36,70.7,1204.0,99.4,3933.0,1.49,0
V4499,102.06,6.113,12.33,25.5,1870.0,62.3,73962.0,2.79,1
V4500,94.45,1.68,13.51,21.0,2591.0,79.5,29712.0,0.66,0
V4501,79.98,1.247,13.46,80.5,1918.0,65.0,151516.0,1.85,0
V4502,85.36,1.514,12.02,86.0,1868.0,79.7,5615.0,1.43,0
V4503,90.32,4.576,12.36,70.1,2231.0,75.3,6437.0,1.09,1
V4504,80.99,0.312,13.07,24.2,2747.0,92.1,19287.0,2.65,0
V4505,74.02,2.811,12.82,31.7,2429.0,100.0,10423.0,7.3,0
V4506,104.03,4.493,12.77,92.0,3070.0,88.2,53670.0,1.11,1
V4507,97.16,1.868,10.78,36.0,2401.0,73.2,132025.0,4.31,1
V4508,89.0,0.553,12.73,83.7,2381.0,98.0,4239.0,1.17,0
V4509,80.73,3.208,12.49,35.7,2083.0,49.5,12482.0,0.61,0
V4510,102.43,4.534,11.72,94.6,1424.0,66.3,12225.0,11.48,1
V4511,77.99,0.717,12.38,92.3,2274.0,71.5,32016.0,4.01,0
V4512,109.84,5.698,10.34,13.9,2221.0,70.8,27069.0,0.44,1
V4513,71.02,0.415,13.26,79.3,2532.0,63.9,58401.0,4.01,0
V4514,102.97,4.692,10.83,25.3,2352.0,85.4,59361.0,0.78,1
V4515,101.57,2.935,12.02,29.4,2335.0,75.0,38268.0,8.75,1
V4516,78.64,1.715,13.49,51.4,2768.0,73.0,40234.0,1.14,0
V4517,92.3,3.261,11.43,61.9,2069.0,96.1,83122.0,6.58,1
V4518,95.24,0.645,12.13,39.3,2619.0,68.3,22758.0,0.89,0
V4519,67.27,1.974,12.28,61.8,2844.0,90.4,559.0,3.27,0
V4520,99.7,3.479,10.72,25.4,1923.0,70.9,10780.0,9.74,1
V4521,65.05,0.172,12.92,12.0,1996.0,71.2,1620.0,1.4,0
V4522,77.27,0.399,12.6,61.4,1816.0,63.6,22502.0,0.34,0
V4523,98.03,1.419,12.89,56.6,1521.0,53.2,19931.0,3.22,0
V4524,80.35,1.587,13.1,72.1,3122.0,65.1,4673.0,0.76,0
V4525,75.61,0.954,14.14,68.5,3793.0,48.4,63297.0,5.21,0
V4526,83.42,5.143,13.35,90.8,2305.0,78.8,36240.0,3.57,0
V4527,115.15,4.775,11.44,51.4,2035.0,70.3,11511.0,1.7,1
V4528,87.55,5.824,10.11,10.8,3069.0,91.3,64057.0,4.89,1
V4529,76.59,0.869,13.02,66.8,2501.0,64.1,49609.0,1.09,0
V4530,96.98,0.772,13.53,70.8,1823.0,71.1,9571.0,9.96,0
V4531,113.38,4.377,11.22,56.9,1761.0,93.3,183060.0,1.7,1
V4532,84.17,1.567,12.37,72.0,2609.0,88.4,8789.0,5.76,0
V4533,75.09,2.424,12.77,39.1,2392.0,77.0,66469.0,1.2,0
V4534,101.77,1.55,13.04,23.4,2761.0,59.5,155296.0,5.02,0
V4535,109.29,3.969,11.3,69.8,2552.0,,58177.0,0.13,1
V4536,106.33,5.104,11.38,32.1,1590.0,70.7,49318.0,1.4,1
V4537,78.5,1.717,11.71,51.1,1813.0,67.2,105136.0,0.39,0
V4538,84.61,2.824,12.54,54.2,1761.0,95.0,14109.0,2.4,0
V4539,97.66,9.391,11.7,52.9,2309.0,97.0,14605.0,2.28,1
V4540,100.55,4.746,11.63,63.9,2138.0,61.7,46120.0,1.78,1
V4541,96.61,0.6,13.05,12.7,1972.0,100.0,96221.0,15.89,0
V4542,92.04,1.677,13.64,99.1,2045.0,73.7,43231.0,1.12,0
V4543,76.38,1.721,12.95,74.5,2537.0,86.7,169847.0,6.26,0
V4544,96.01,2.472,12.47,48.3,2110.0,100.0,11349.0,2.37,0
V4545,87.51,1.412,12.72,27.2,1859.0,72.6,78660.0,1.63,0
V4546,90.5,1.943,13.3,17.2,1547.0,78.9,117941.0,0.91,0
V4547,96.73,2.065,12.84,70.5,1749.0,85.9,25059.0,4.01,0
V4548,83.76,3.503,10.46,38.5,2734.0,98.7,147137.0,1.62,1
V4549,84.71,0.597,12.07,30.7,1866.0,,10162.0,6.7,0
V4550,85.63,4.088,11.92,44.2,3107.0,87.1,137434.0,13.83,1
V4551,84.08,9.421,11.81,63.4,2515.0,63.4,104898.0,1.03,1
V4552,101.74,3.707,11.16,70.5,1792.0,52.8,3080.0,0.55,1
V4553,112.94,3.688,11.36,68.1,1894.0,64.8,33154.0,1.52,1
V4554,70.28,3.164,13.93,87.7,1146.0,64.8,33865.0,2.52,0
V4555,84.74,0.809,13.36,29.7,1980.0,89.6,2640.0,1.43,0
V4556,101.82,7.925,13.05,67.3,3174.0,73.9,1815.0,14.09,1
V4557,85.98,2.001,12.04,19.1,3017.0,65.8,500.0,6.04,0
V4558,84.09,5.744,13.19,59.3,3004.0,61.7,33453.0,13.54,0
V4559,93.5,4.644,11.72,62.6,2505.0,68.7,28047.0,1.87,1
V4560,86.86,1.692,13.01,29.5,2111.0,88.8,126950.0,1.45,0
V4561,78.95,1.304,14.11,45.3,2249.0,61.6,18856.0,2.09,0
V4562,67.48,1.156,11.96,84.4,2472.0,73.1,48312.0,2.96,0
V4563,94.56,1.215,12.66,23.4,2192.0,69.3,500.0,5.41,0
V4564,107.56,5.878,11.6,49.1,1807.0,80.3,49017.0,8.52,1
V4565,99.41,4.927,11.15,93.9,2164.0,100.0,110122.0,2.49,1
V4566,165.75,6.398,11.72,55.4,1524.0,65.2,19717.0,1.37,1
V4567,104.56,4.951,12.31,75.3,2497.0,79.8,16963.0,1.54,1
V4568,86.79,0.441,13.8,84.4,1746.0,74.8,44261.0,4.78,0
V4569,92.23,1.214,13.35,28.3,2485.0,68.0,17924.0,3.35,0
V4570,93.46,4.523,9.71,29.6,1660.0,75.8,23169.0,2.67,1
V4571,95.5,2.394,13.17,78.3,2117.0,100.0,14355.0,0.91,0
V4572,87.57,1.621,13.52,77.8,2337.0,74.0,19033.0,8.33,0
V4573,86.55,1.937,13.23,15.4,2118.0,74.0,51192.0,6.08,0
V4574,74.84,1.437,12.97,39.0,2520.0,69.3,115014.0,0.61,0
V4575,87.3,3.64,13.85,45.9,2424.0,81.2,39373.0,1.83,0
V4576,95.04,5.881,10.54,84.6,1989.0,60.0,500.0,3.12,1
V4577,139.89,1.534,12.9,48.0,1905.0,76.8,13787.0,2.42,0
V4578,84.75,4.282,12.67,93.3,1869.0,81.7,136869.0,2.03,1
V4579,,1.538,13.19,99.7,1798.0,62.3,108519.0,5.08,0
V4580,114.18,5.765,11.74,80.3,3249.0,99.0,5530.0,0.22,1
V4581,103.05,6.426,11.45,70.0,1885.0,98.4,107573.0,2.55,1
V4582,121.33,2.888,12.49,45.3,2746.0,100.0,150257.0,1.22,1
V4583,75.22,1.165,12.78,16.0,2282.0,83.6,17658.0,0.35,0
V4584,85.57,1.855,12.58,61.6,2022.0,81.2,54330.0,2.5,0
V4585,83.89,3.389,11.21,42.6,2297.0,73.8,36942.0,0.75,1
V4586,79.43,1.022,13.91,41.6,2327.0,76.0,18497.0,1.19,0
V4587,90.03,3.853,12.18,71.9,1321.0,88.9,7490.0,2.83,1
V4588,94.92,3.303,13.36,51.7,2161.0,75.3,20572.0,14.55,0
V4589,81.83,2.137,13.07,77.7,2203.0,72.7,118272.0,4.61,0
V4590,111.33,4.532,12.58,45.8,2035.0,83.4,75030.0,1.31,1
V4591,89.83,3.655,,23.6,1139.0,65.6,18067.0,1.93,0
V4592,103.43,0.652,13.36,51.5,2034.0,98.7,35701.0,2.08,0
V4593,73.16,1.638,12.57,95.6,3007.0,75.1,23437.0,0.67,0
V4594,95.07,6.644,12.33,82.1,2475.0,86.5,28251.0,0.7,0
V4595,94.17,2.174,13.0,28.5,1674.0,63.0,64448.0,0.64,0
V4596,77.21,1.475,13.71,45.2,2647.0,74.3,35239.0,2.95,0
V4597,93.06,2.665,13.38,93.5,1646.0,69.1,8988.0,4.49,0
V4598,87.69,2.662,11.75,21.1,2334.0,69.7,14103.0,3.57,0
V4599,83.18,4.328,13.44,32.9,2339.0,57.9,37748.0,15.22,0
V4600,94.84,5.395,10.97,33.6,2016.0,90.8,53114.0,0.54,1
V4601,92.92,4.712,11.39,61.4,2721.0,82.3,31928.0,17.21,1
V4602,101.4,1.853,13.33,47.0,2577.0,53.7,43566.0,2.51,0
V4603,85.01,2.031,12.91,17.2,1812.0,71.8,70096.0,0.99,0
V4604,91.26,1.801,13.44,66.6,2055.0,71.7,35474.0,11.48,0
V4605,93.14,3.682,11.35,18.9,1772.0,81.0,170128.0,2.53,1
V4606,78.76,0.449,13.09,64.6,1913.0,72.8,12088.0,1.71,0
V4607,93.66,1.352,12.14,55.6,2525.0,91.3,113483.0,0.96,0
V4608,74.2,1.813,12.85,54.4,2193.0,89.5,12805.0,1.25,0
V4609,81.68,2.487,13.55,16.1,2715.0,100.0,34134.0,15.49,0
V4610,85.27,2.042,12.2,67.5,1410.0,41.6,27389.0,1.45,0
V4611,85.89,1.982,13.49,48.8,2338.0,95.5,20998.0,15.23,0
V4612,93.82,6.44,9.88,47.0,2616.0,86.9,148036.0,1.6,1
V4613,88.17,4.87,12.29,63.7,2251.0,72.4,14304.0,1.05,0
V4614,90.54,1.631,12.81,64.6,1519.0,71.2,50559.0,0.81,0
V4615,90.88,0.949,13.09,11.4,1675.0,73.7,73350.0,2.12,0
V4616,88.99,6.949,10.84,21.3,2654.0,78.7,9873.0,1.08,1
V4617,82.73,2.711,12.64,31.3,1934.0,66.9,162792.0,4.78,0
V4618,94.56,1.534,13.66,71.0,1810.0,50.9,35598.0,1.1,0
V4619,92.16,3.698,13.71,61.9,2031.0,67.2,110661.0,7.22,0
V4620,74.02,0.921,12.75,78.2,2073.0,71.0,49063.0,7.18,0
V4621,87.81,1.641,12.76,76.7,2793.0,83.6,47168.0,1.34,0
V4622,86.76,1.833,12.22,86.8,1327.0,57.2,19081.0,5.6,1
V4623,,3.823,14.33,43.9,2488.0,84.6,66251.0,7.79,0
V4624,100.18,2.363,13.01,41.1,2930.0,56.9,1361.0,3.57,0
V4625,77.42,0.694,13.94,84.8,2673.0,81.0,36519.0,1.82,0
V4626,78.33,8.063,13.44,31.4,3362.0,83.3,1470.0,2.33,0
V4627,102.48,2.576,10.39,51.5,1971.0,73.0,16494.0,6.17,1
V4628,72.66,1.103,12.61,27.5,2646.0,75.7,4556.0,1.39,0
V4629,79.94,4.627,13.47,92.2,2157.0,85.5,109160.0,1.63,0
V4630,100.41,5.88,10.89,46.7,1941.0,66.3,44530.0,0.7,1
V4631,79.93,1.716,12.77,29.1,1090.0,79.6,49687.0,2.04,0
V4632,83.11,1.798,13.4,72.3,1968.0,69.7,85710.0,0.36,0
V4633,107.47,4.527,11.15,32.0,2733.0,98.3,59428.0,1.55,1
V4634,93.88,4.528,11.16,94.9,1342.0,83.1,5968.0,1.87,1
V4635,98.7,3.781,10.69,43.1,3249.0,59.3,43251.0,1.18,1
V4636,82.29,1.259,12.59,69.8,2405.0,100.0,172103.0,0.43,0
V4637,87.96,1.035,13.27,41.1,1647.0,90.0,10843.0,2.95,0
V4638,84.01,2.156,13.02,82.7,2314.0,56.9,43507.0,8.01,0
V4639,88.66,1.052,12.19,90.7,2543.0,52.1,37315.0,1.64,0
V4640,94.43,5.44,10.92,80.9,1956.0,56.6,22365.0,1.08,1
V4641,95.2,5.531,11.15,86.4,1888.0,60.3,139186.0,1.34,1
V4642,77.08,1.894,12.78,19.2,3187.0,77.3,19831.0,7.92,0
V4643,84.72,2.229,13.36,93.2,2030.0,76.2,4426.0,3.0,0
V4644,78.51,3.831,12.58,66.2,2128.0,86.0,147805.0,0.56,0
V4645,76.09,1.618,14.62,88.2,2862.0,70.3,58790.0,4.94,0
V4646,101.38,4.437,12.36,71.6,2164.0,71.1,18866.0,0.67,1
V4647,86.7,0.118,13.83,28.2,2582.0,76.7,14815.0,0.25,0
V4648,91.26,2.087,,64.9,1964.0,91.9,118416.0,1.18,0
V4649,81.55,1.212,11.78,18.2,1851.0,46.6,14381.0,0.74,0
V4650,88.26,1.53,12.8,72.6,2390.0,71.2,34667.0,3.72,0
V4651,89.41,0.216,13.18,46.8,1710.0,94.8,10891.0,2.65,0
V4652,102.32,2.788,11.17,23.7,2404.0,76.0,240398.0,5.15,1
V4653,78.39,0.722,12.68,98.1,1741.0,70.6,66039.0,2.87,0
V4654,86.19,0.6,11.96,91.1,2399.0,62.8,37732.0,2.17,0
V4655,87.91,0.813,12.6,90.4,2818.0,88.5,61638.0,2.99,0
V4656,95.08,,12.28,81.0,1203.0,67.8,111660.0,2.28,1
V4657,68.31,3.41,12.7,72.3,1994.0,67.7,148509.0,0.15,0
V4658,86.28,3.973,12.7,69.0,1220.0,95.5,69384.0,4.57,0
V4659,114.74,4.63,9.82,19.5,2053.0,59.3,85091.0,13.09,1
V4660,93.43,7.789,12.66,91.1,2368.0,99.5,22822.0,2.19,1
V4661,79.18,1.465,13.43,89.3,2030.0,77.5,22378.0,2.2,0
V4662,87.99,0.914,13.57,77.3,1130.0,75.4,74331.0,0.19,0
V4663,87.5,1.816,13.16,93.5,2649.0,79.3,64150.0,8.84,0
V4664,104.3,1.212,10.67,59.8,1470.0,75.3,104060.0,10.59,1
V4665,74.94,1.962,13.44,50.3,2618.0,67.1,6423.0,6.71,0
V4666,90.85,2.954,13.81,97.1,1827.0,80.2,52821.0,0.45,0
V4667,89.72,0.814,13.9,51.8,1765.0,67.7,46941.0,9.22,0
V4668,94.8,7.512,11.65,67.7,2205.0,81.4,72093.0,0.1,1
V4669,87.71,6.908,13.0,43.6,2733.0,100.0,1119.0,2.35,0
V4670,105.42,8.771,11.4,67.3,3178.0,84.9,78757.0,2.78,1
V4671,91.98,0.308,13.31,74.8,1995.0,72.2,17782.0,7.18,0
V4672,75.86,1.265,12.02,66.2,1549.0,78.8,52287.0,5.56,0
V4673,100.99,4.659,11.83,56.3,2373.0,70.2,43136.0,6.38,1
V4674,94.02,1.192,11.73,37.0,1530.0,72.2,26108.0,8.1,1
V4675,85.58,0.579,14.33,67.9,2572.0,73.3,61674.0,2.59,0
V4676,85.59,0.28,12.82,91.8,2422.0,82.1,146242.0,6.06,0
V4677,83.8,1.951,13.12,10.6,2877.0,88.6,17585.0,0.28,0
V4678,94.53,2.43,13.09,22.1,2727.0,100.0,62103.0,2.35,0
V4679,84.33,3.849,12.58,20.8,2270.0,84.7,16995.0,0.12,0
V4680,76.04,2.709,13.27,93.1,2216.0,,84085.0,9.88,0
V4681,81.85,3.031,13.21,69.6,1756.0,55.8,25873.0,12.72,0
V4682,86.43,0.371,13.61,95.7,1746.0,74.0,26843.0,0.35,0
V4683,111.16,4.479,11.3,62.5,2179.0,90.0,66505.0,3.04,1
V4684,111.17,5.554,11.95,51.6,1661.0,71.9,30848.0,1.57,1
V4685,86.46,2.97,11.25,81.3,2066.0,72.1,13956.0,1.68,1
V4686,104.88,1.402,12.53,24.5,1965.0,88.5,243536.0,2.4,0
V4687,87.12,2.441,13.99,44.3,2496.0,74.6,43568.0,0.53,0
V4688,103.99,6.948,11.61,52.0,2189.0,90.5,46623.0,0.8,1
V4689,91.55,8.229,12.56,36.9,2697.0,52.4,46805.0,3.45,1
V4690,97.82,6.616,10.33,43.4,2049.0,82.2,96689.0,0.1,1
V4691,91.72,3.389,14.32,17.0,1615.0,48.4,9143.0,3.66,0
V4692,102.1,,11.46,27.8,2475.0,79.0,2744.0,1.54,1
V4693,93.46,4.004,12.74,40.2,2138.0,88.5,22001.0,7.14,0
V4694,91.98,0.717,13.27,81.6,2065.0,50.6,37449.0,3.67,0
V4695,96.13,5.719,12.83,26.4,1989.0,40.6,15141.0,4.93,1
V4696,80.43,0.857,13.41,41.2,2194.0,87.8,52588.0,0.49,0
V4697,104.47,3.438,10.0,15.8,2065.0,81.7,3456.0,1.24,1
V4698,102.34,5.66,10.92,60.1,2458.0,58.5,70381.0,20.0,1
V4699,83.22,2.629,12.31,65.0,2570.0,78.7,56977.0,2.27,0
V4700,107.31,4.845,10.93,87.9,2015.0,66.9,10833.0,1.78,1
V4701,96.62,1.189,12.99,83.7,3200.0,72.3,15951.0,8.28,0
V4702,77.67,2.036,11.73,35.7,1915.0,71.0,74028.0,0.13,0
V4703,78.3,1.524,13.6,22.3,2209.0,55.0,66793.0,3.06,0
V4704,83.88,2.521,13.45,24.0,1389.0,88.5,75634.0,0.94,0
V4705,87.46,3.924,13.97,97.2,2148.0,59.1,17503.0,1.84,0
V4706,96.09,4.385,10.31,70.6,2098.0,76.4,157156.0,0.89,1
V4707,112.65,2.687,11.24,13.8,2175.0,84.8,56540.0,0.15,1
V4708,96.22,4.838,12.07,22.3,2688.0,62.5,3034.0,2.15,1
V4709,85.32,0.411,13.68,53.7,3040.0,70.9,29231.0,6.23,0
V4710,73.51,3.604,13.81,28.7,2754.0,67.4,49152.0,12.14,0
V4711,74.47,0.202,13.69,82.3,2149.0,100.0,8312.0,3.91,0
V4712,87.25,0.714,13.13,61.6,2298.0,88.7,104419.0,1.97,0
V4713,67.94,1.807,12.72,65.1,2962.0,86.4,63129.0,5.88,0
V4714,93.1,1.49,13.44,51.7,1699.0,100.0,3822.0,2.81,0
V4715,83.73,1.352,12.73,33.0,2592.0,80.3,109986.0,1.83,0
V4716,110.94,5.991,13.06,63.0,1756.0,70.0,23316.0,0.79,0
V4717,103.46,0.631,12.77,74.5,2772.0,53.4,27105.0,6.36,0
V4718,83.55,2.672,13.16,43.4,2133.0,64.5,68776.0,2.78,0
V4719,102.87,8.961,11.98,55.4,1760.0,77.4,46477.0,13.28,1
V4720,108.42,6.39,10.59,85.6,1871.0,89.0,25894.0,6.48,1
V4721,109.31,5.788,10.29,23.4,1951.0,65.2,13527.0,2.18,1
V4722,71.9,2.242,12.94,59.1,2676.0,98.8,32739.0,5.4,0
V4723,81.25,3.438,10.34,41.4,2870.0,51.9,38950.0,2.42,1
V4724,80.02,1.26,13.4,73.3,1999.0,69.4,44855.0,0.33,0
V4725,89.66,0.518,13.07,11.7,1764.0,81.1,41806.0,2.91,0
V4726,97.54,6.584,11.48,70.3,3215.0,77.0,43223.0,8.03,1
V4727,93.56,0.572,13.2,19.3,2610.0,82.2,29059.0,7.74,0
V4728,75.4,1.777,12.12,15.8,1812.0,76.9,37138.0,3.42,0
V4729,75.08,4.253,11.43,75.2,2380.0,84.7,15326.0,1.91,1
V4730,91.86,2.164,12.69,67.6,1994.0,71.3,7759.0,0.1,0
V4731,92.66,5.705,11.7,90.5,1557.0,70.5,42020.0,1.49,1
V4732,68.85,1.305,,56.8,2045.0,62.6,2166.0,18.34,0
V4733,86.16,0.711,13.37,57.7,1515.0,100.0,3034.0,5.19,0
V4734,91.35,1.052,14.2,73.6,1960.0,73.8,12785.0,5.06,0
V4735,84.02,0.843,12.42,39.1,2007.0,81.5,9723.0,5.73,0
V4736,92.16,9.377,10.44,13.3,1930.0,71.8,21086.0,3.87,1
V4737,83.73,4.493,12.28,30.7,2655.0,98.9,20884.0,3.53,0
V4738,82.04,0.502,13.08,31.4,2402.0,74.8,5592.0,2.42,0
V4739,74.22,1.47,12.84,40.2,1880.0,79.9,12736.0,2.35,0
V4740,79.28,0.81,12.58,94.9,2361.0,61.9,500.0,8.19,0
V4741,89.17,1.072,12.96,82.4,2853.0,100.0,19452.0,2.0,0
V4742,87.57,1.198,12.38,94.2,1785.0,78.3,71630.0,7.34,0
V4743,96.46,3.491,12.83,99.9,1543.0,100.0,13926.0,7.27,1
V4744,77.04,3.537,12.58,49.0,1658.0,66.0,46395.0,5.89,0
V4745,83.55,2.401,12.66,30.4,2388.0,68.4,4654.0,0.15,0
V4746,77.53,5.25,9.63,60.4,2945.0,67.1,556.0,0.64,1
V4747,86.43,4.83,12.01,89.3,2624.0,70.7,31048.0,1.51,0
V4748,113.35,5.477,11.7,51.9,2842.0,85.1,27852.0,7.52,1
V4749,73.21,1.907,12.82,55.5,1100.0,44.3,9567.0,8.26,0
V4750,80.31,2.3,13.43,22.1,1783.0,74.3,15196.0,0.17,0
V4751,87.63,3.758,12.1,47.8,1641.0,63.3,1402.0,1.57,0
V4752,114.73,5.988,10.9,44.8,2479.0,,71932.0,7.6,1
V4753,94.41,3.313,11.93,41.7,2100.0,82.0,16133.0,1.15,1
V4754,79.46,2.598,13.41,89.9,700.0,79.5,11149.0,14.92,0
V4755,79.38,3.765,,15.3,2580.0,87.9,73485.0,2.69,1
V4756,85.83,3.045,12.3,97.5,2784.0,80.8,1803.0,11.08,0
V4757,101.34,4.56,13.32,10.7,3205.0,77.7,15066.0,2.24,0
V4758,97.54,6.024,13.4,95.1,2283.0,66.6,13717.0,1.57,1
V4759,84.82,3.172,13.84,59.3,2510.0,61.1,13731.0,1.8,0
V4760,87.58,1.404,,73.2,1629.0,84.0,520.0,8.63,0
V4761,95.76,6.907,11.92,26.8,1379.0,71.2,122775.0,1.61,1
V4762,78.5,0.702,12.64,68.9,2822.0,81.0,89828.0,4.43,0
V4763,91.59,2.198,11.48,89.4,2474.0,74.9,24087.0,2.54,0
V4764,97.47,3.042,10.88,22.6,2824.0,44.3,26531.0,11.37,1
V4765,97.62,2.14,11.4,21.4,2072.0,82.3,33420.0,0.69,1
V4766,77.2,1.763,12.79,37.4,3385.0,65.6,29281.0,2.24,0
V4767,95.43,0.336,12.52,24.6,2357.0,88.0,67959.0,0.53,0
V4768,90.32,3.173,13.2,20.0,1823.0,47.1,30161.0,3.45,0
V4769,92.81,10.442,12.08,71.0,2041.0,100.0,9417.0,2.06,1
V4770,101.18,65.08500000000001,12.18,29.2,1398.0,66.1,5598.0,0.25,1
V4771,81.02,4.779,13.47,70.0,1729.0,82.1,112696.0,7.58,0
V4772,88.94,5.798,11.91,87.6,2006.0,64.3,2232.0,1.88,1
V4773,78.92,0.443,13.66,68.7,2975.0,66.4,102532.0,2.72,0
V4774,70.83,0.636,12.28,20.7,2167.0,85.3,52773.0,2.09,0
V4775,88.77,2.168,12.82,61.6,2742.0,72.0,23341.0,2.68,0
V4776,70.35,3.04,13.19,45.4,2150.0,73.0,9326.0,0.1,0
V4777,91.21,6.749,10.86,40.9,1687.0,87.7,16729.0,6.76,1
V4778,68.4,1.812,12.7,38.7,2473.0,77.8,33964.0,1.62,0
V4779,96.38,5.086,11.49,93.6,1778.0,81.7,48132.0,5.16,1
V4780,94.41,4.904,10.96,76.8,2001.0,65.6,52917.0,0.27,1
V4781,82.39,4.806,11.91,22.0,3216.0,85.0,26682.0,2.97,0
V4782,136.66,3.887,12.47,52.8,2502.0,76.7,21076.0,9.58,0
V4783,75.62,2.731,12.19,38.6,1790.0,81.5,65807.0,2.03,0
V4784,103.02,4.64,11.53,98.0,2566.0,80.5,116811.0,0.88,1
V4785,90.4,8.426,11.05,98.0,1731.0,91.9,110647.0,0.42,1
V4786,87.53,0.667,12.06,38.8,1323.0,82.6,36095.0,7.84,0
V4787,77.92,2.295,12.02,41.7,2746.0,57.6,3704.0,1.09,0
V4788,101.37,10.637,10.72,63.9,2347.0,66.1,3425.0,14.77,1
V4789,95.43,0.656,13.02,53.1,2101.0,78.4,23194.0,1.14,0
V4790,102.69,9.84,11.98,29.2,1367.0,81.0,59398.0,2.62,1
V4791,81.7,,13.21,69.4,2042.0,55.1,30953.0,2.45,0
V4792,87.06,3.122,13.19,40.1,2296.0,60.1,44422.0,0.26,0
V4793,83.07,4.69,13.32,68.8,1617.0,91.4,83409.0,3.04,0
V4794,,4.104,12.15,44.5,2221.0,100.0,1853.0,4.47,0
V4795,82.4,0.439,12.83,73.0,2975.0,50.2,115858.0,5.42,0
V4796,83.69,0.423,13.65,70.1,2313.0,78.9,18082.0,2.96,0
V4797,96.72,1.112,10.66,55.8,2492.0,,2156.0,6.7,1
V4798,77.05,2.461,12.51,73.4,1980.0,90.2,81198.0,5.58,0
V4799,76.87,4.273,12.71,51.5,1674.0,82.4,122420.0,0.86,0
V4800,73.89,1.578,12.69,20.5,1919.0,87.4,65867.0,2.05,0
V4801,72.2,0.984,13.07,26.4,2727.0,40.8,73452.0,0.62,0
V4802,86.65,4.352,11.13,32.1,2151.0,74.9,92265.0,0.57,1
V4803,86.28,1.528,11.79,15.7,2099.0,61.4,33251.0,4.98,0
V4804,98.86,4.531,12.89,74.0,1947.0,61.8,51340.0,3.02,1
V4805,89.11,1.95,13.3,43.1,1564.0,56.6,15188.0,3.67,0
V4806,85.28,1.034,13.09,18.4,2884.0,78.4,12928.0,5.27,0
V4807,69.25,1.078,12.94,83.8,2096.0,80.0,42251.0,1.3,0
V4808,105.86,2.091,11.73,71.5,1934.0,84.5,59695.0,2.05,1
V4809,91.49,4.404,12.52,50.7,2240.0,69.0,22773.0,3.73,0
V4810,77.05,1.38,11.87,32.3,1935.0,95.8,23009.0,0.41,0
V4811,88.36,1.001,,23.7,2356.0,61.0,138789.0,7.16,0
V4812,78.15,0.301,13.01,51.3,1858.0,53.5,32885.0,1.68,0
V4813,85.78,0.236,12.03,89.7,2262.0,78.3,193015.0,4.3,0
V4814,74.88,0.7,12.38,27.0,2174.0,64.7,89398.0,20.0,0
V4815,70.66,2.546,13.18,61.2,3128.0,83.0,45932.0,2.58,0
V4816,92.87,4.67,11.87,96.6,3155.0,65.1,500.0,0.97,1
V4817,84.01,1.496,12.55,67.3,2594.0,66.3,15789.0,0.98,0
V4818,96.09,3.421,10.69,49.6,2156.0,65.1,24330.0,0.25,1
V4819,87.84,2.538,10.49,74.5,2602.0,64.0,47605.0,5.83,1
V4820,90.25,4.223,10.37,84.2,2586.0,75.0,22653.0,1.39,1
V4821,87.15,1.515,12.71,63.1,1965.0,78.6,79166.0,0.76,0
V4822,96.42,4.459,11.79,88.5,1375.0,64.0,48933.0,5.0,1
V4823,86.46,0.455,13.92,56.3,1248.0,57.4,19189.0,1.48,0
V4824,79.64,1.416,12.73,84.7,2140.0,82.5,69052.0,3.67,0
V4825,94.37,0.675,13.15,95.7,1948.0,80.8,16249.0,2.16,0
V4826,75.59,1.19,13.96,55.1,1928.0,85.7,2918.0,1.63,0
V4827,98.67,9.442,10.63,64.5,1798.0,59.3,8524.0,2.69,1
V4828,94.46,0.838,12.63,64.9,1776.0,62.6,500.0,1.51,0
V4829,88.85,0.698,12.68,80.3,2527.0,87.3,80365.0,8.18,0
V4830,90.8,14.466,10.28,84.1,685.0,88.4,44391.0,0.3,1
V4831,80.77,2.948,12.84,12.5,2494.0,68.9,38038.0,0.12,0
V4832,98.94,4.445,11.85,76.0,2062.0,60.7,48818.0,2.09,1
V4833,73.62,0.876,13.51,80.5,2920.0,64.5,47707.0,0.76,0
V4834,77.24,7.041,13.71,73.0,2333.0,60.5,37510.0,5.45,0
V4835,81.82,0.489,12.62,74.2,1333.0,87.0,83149.0,1.74,0
V4836,94.9,4.074,12.32,13.7,1264.0,85.7,26168.0,1.21,0
V4837,88.04,4.464,14.35,49.8,1629.0,76.2,73520.0,1.78,0
V4838,77.26,5.152,13.13,83.6,2332.0,64.8,69514.0,0.99,0
V4839,87.37,7.61,11.23,94.1,1344.0,61.8,10014.0,1.42,1
V4840,80.09,1.57,14.54,30.7,2255.0,65.8,27212.0,3.36,0
V4841,97.96,4.672,10.89,62.1,2551.0,61.7,81063.0,7.98,1
V4842,114.29,2.874,10.16,82.4,1936.0,78.4,79965.0,1.85,1
V4843,87.18,1.906,11.89,77.7,1756.0,86.4,1093.0,1.55,1
V4844,97.87,1.489,11.61,65.7,1125.0,86.9,11357.0,6.09,0
V4845,111.01,8.792,11.54,11.7,2955.0,61.7,24814.0,0.1,1
V4846,93.73,0.523,13.51,75.1,3113.0,66.0,2174.0,1.44,0
V4847,81.3,3.471,13.41,79.6,2810.0,66.7,13588.0,2.41,0
V4848,83.8,3.588,13.93,75.1,2062.0,90.3,13446.0,3.67,0
V4849,90.82,4.597,11.81,78.9,2173.0,55.0,10868.0,0.68,1
V4850,,3.729,14.11,48.8,2543.0,75.0,22737.0,2.27,0
V4851,100.87,3.342,12.9,99.4,2273.0,61.9,75452.0,3.34,1
V4852,95.37,0.662,12.75,79.4,642.0,72.1,12594.0,2.86,0
V4853,76.14,1.363,12.79,62.1,2659.0,85.4,39260.0,3.42,0
V4854,86.66,5.065,12.26,94.1,2809.0,70.2,36697.0,4.34,1
V4855,83.79,6.696,12.62,91.7,2736.0,63.7,76650.0,1.91,0
V4856,73.83,2.075,13.51,83.3,2426.0,86.2,22539.0,0.26,0
V4857,104.12,4.383,11.73,60.7,2679.0,76.9,11387.0,0.23,1
V4858,79.21,4.355,12.49,57.4,1494.0,82.2,99954.0,7.83,0
V4859,83.44,0.562,13.71,39.6,2153.0,79.0,80525.0,4.53,0
V4860,81.38,0.455,13.26,32.6,1866.0,56.8,43720.0,5.78,0
V4861,93.22,9.816,9.66,56.1,2926.0,94.6,4404.0,10.57,1
V4862,84.94,0.99,12.49,62.0,2292.0,72.0,731.0,5.55,0
V4863,99.1,8.522,10.05,32.0,2120.0,87.6,9075.0,4.71,1
V4864,95.12,7.166,11.87,93.0,1691.0,69.7,9853.0,4.27,1
V4865,79.17,3.848,12.84,60.2,1670.0,83.5,6591.0,1.2,0
V4866,87.56,4.343,12.72,57.4,1636.0,90.2,13683.0,12.61,0
V4867,107.89,7.647,12.76,49.2,2573.0,88.2,18554.0,3.12,1
V4868,86.12,0.18,13.25,15.2,2499.0,76.6,63189.0,1.0,0
V4869,92.97,2.542,14.48,89.4,2325.0,69.9,55630.0,0.94,0
V4870,73.88,2.149,13.32,38.5,2596.0,53.9,4961.0,6.76,0
V4871,86.26,1.225,13.33,67.8,1797.0,56.4,169962.0,1.15,0
V4872,90.73,4.368,12.23,64.7,1278.0,91.7,62770.0,0.17,1
V4873,79.66,4.147,11.35,62.6,2542.0,62.6,8030.0,2.24,1
V4874,79.09,1.554,12.61,57.3,2172.0,87.1,5983.0,6.8,0
V4875,,4.71,12.86,26.3,2616.0,88.7,4123.0,2.14,0
V4876,92.6,1.564,12.89,35.3,2413.0,81.8,59219.0,6.51,0
V4877,98.58,12.743,10.78,57.2,2163.0,80.9,12130.0,7.02,1
V4878,85.32,5.206,11.54,81.0,2303.0,57.5,3410.0,7.8,1
V4879,103.59,5.076,12.09,48.9,2905.0,54.8,24655.0,3.56,1
V4880,87.41,1.688,12.69,28.4,2055.0,65.1,55503.0,4.81,0
V4881,86.4,0.976,12.56,17.9,2568.0,99.8,16344.0,1.21,0
V4882,70.25,1.681,13.13,69.7,2355.0,95.6,29656.0,0.42,0
V4883,77.88,1.196,12.44,48.1,1363.0,75.6,9631.0,3.04,0
V4884,,3.486,12.74,21.3,1543.0,94.4,25228.0,0.1,0
V4885,89.29,1.346,12.68,70.7,2180.0,61.0,20009.0,2.51,0
V4886,67.43,0.864,14.46,28.7,1951.0,69.5,25606.0,0.43,0
V4887,83.7,1.477,12.24,55.8,1725.0,98.8,28207.0,0.46,0
V4888,93.18,4.352,10.97,37.6,2735.0,100.0,4358.0,8.19,1
V4889,91.8,1.609,12.67,93.9,1452.0,86.6,4411.0,4.09,0
V4890,101.73,12.734,11.25,30.5,2101.0,51.2,13587.0,4.15,1
V4891,89.66,2.862,13.6,47.8,1763.0,95.2,5536.0,2.07,0
V4892,78.6,0.63,12.85,96.4,2941.0,71.0,13113.0,2.13,0
V4893,69.74,3.197,12.21,38.7,3459.0,85.8,1118.0,1.44,0
V4894,81.86,2.482,13.86,68.0,2044.0,76.5,19436.0,2.28,0
V4895,93.01,2.939,13.16,38.5,2624.0,90.1,10802.0,3.54,0
V4896,96.15,3.181,13.25,20.0,2835.0,75.7,100214.0,0.83,0
V4897,108.02,6.729,11.93,66.5,2649.0,100.0,87887.0,1.21,1
V4898,103.85,,10.11,92.4,2596.0,89.5,16077.0,2.73,1
V4899,88.04,1.925,13.0,50.7,1314.0,56.1,29038.0,1.94,0
V4900,80.55,1.084,13.49,66.4,2788.0,49.8,140348.0,6.85,0
V4901,95.51,3.508,11.17,64.8,2380.0,50.0,33414.0,6.9,1
V4902,98.35,0.99,13.18,47.4,2085.0,83.9,84903.0,1.64,0
V4903,88.22,3.432,11.06,65.3,2161.0,89.4,78789.0,2.4,1
V4904,109.89,10.097,11.37,33.3,2329.0,35.8,127581.0,15.02,1
V4905,82.42,1.891,12.38,44.0,2073.0,93.3,16418.0,7.03,0
V4906,95.6,2.895,11.63,49.8,2023.0,80.3,1999.0,0.97,0
V4907,73.75,1.225,13.14,87.8,1711.0,99.3,4939.0,1.32,0
V4908,102.41,9.722,12.44,41.3,2455.0,60.5,38115.0,0.35,1
V4909,79.11,1.665,,67.2,2119.0,79.4,34003.0,4.53,0
V4910,89.38,7.769,11.91,29.2,1804.0,79.2,15951.0,1.52,1
V4911,100.89,,12.76,32.7,2249.0,63.4,12869.0,3.08,1
V4912,102.62,4.005,11.82,68.4,2221.0,56.0,55608.0,5.85,1
V4913,90.58,4.786,11.15,78.6,2453.0,89.0,18732.0,7.23,1
V4914,73.01,1.877,13.92,51.6,2185.0,78.4,41680.0,1.57,0
V4915,144.26999999999998,1.781,13.12,40.2,2508.0,80.9,56062.0,1.08,0
V4916,84.3,2.438,12.86,91.9,2063.0,95.4,25332.0,7.55,0
V4917,89.39,0.284,12.91,22.2,2099.0,74.4,9672.0,1.92,0
V4918,92.6,1.224,13.35,74.9,2339.0,79.7,88727.0,6.9,0
V4919,84.52,3.488,12.63,72.1,2394.0,80.3,4419.0,0.65,0
V4920,113.07,7.073,12.98,72.1,2806.0,80.7,79598.0,9.72,1
V4921,98.18,11.518,12.42,94.2,2724.0,53.9,81542.0,2.64,1
V4922,82.23,,13.01,75.5,2178.0,74.7,38083.0,0.75,0
V4923,72.11,3.873,13.04,37.1,1495.0,92.4,44678.0,3.06,0
V4924,94.18,4.153,11.44,41.8,2542.0,73.1,19944.0,8.16,1
V4925,82.31,4.625,12.62,45.2,2464.0,67.9,82914.0,1.97,0
V4926,92.68,2.276,12.32,12.8,2309.0,89.5,13776.0,0.78,0
V4927,93.09,7.49,10.48,92.2,2587.0,75.2,36921.0,3.44,1
V4928,75.57,2.157,13.04,16.6,2016.0,65.6,500.0,7.19,0
V4929,86.38,4.556,12.05,73.0,1402.0,62.1,126486.0,0.52,0
V4930,107.03,3.721,11.39,75.7,1763.0,74.2,133300.0,0.17,1
V4931,112.47,5.579,10.55,85.9,752.0,65.1,55769.0,0.23,1
V4932,92.1,1.317,13.25,59.8,2422.0,88.5,24765.0,1.05,0
V4933,102.99,9.903,12.52,75.3,2167.0,63.6,8854.0,0.1,1
V4934,91.62,5.091,11.7,37.2,2630.0,79.2,30518.0,2.24,1
V4935,98.37,6.054,11.59,77.1,2577.0,81.3,70532.0,4.79,1
V4936,110.57,8.08,12.72,40.9,1955.0,84.5,41830.0,4.96,1
V4937,74.34,5.049,13.49,91.3,1788.0,98.5,33737.0,4.05,0
V4938,82.2,33.15,13.1,24.7,1806.0,54.7,85204.0,1.41,0
V4939,78.82,3.484,12.72,38.4,3158.0,84.1,16903.0,5.33,0
V4940,88.03,1.013,12.93,54.9,2124.0,84.3,88463.0,3.44,0
V4941,94.84,2.486,13.98,79.8,2063.0,58.7,26048.0,7.9,0
V4942,91.15,4.55,11.18,77.4,2346.0,78.9,500.0,2.6,1
V4943,65.88,5.521,13.0,29.0,1407.0,68.7,59245.0,0.79,0
V4944,81.7,0.645,13.89,23.0,2001.0,96.0,94610.0,4.03,0
V4945,92.31,0.866,12.86,37.4,1772.0,66.5,29806.0,0.65,0
V4946,89.3,0.422,12.52,53.5,1667.0,71.8,27293.0,13.2,0
V4947,88.43,0.723,13.68,58.5,2069.0,69.3,73668.0,4.86,0
V4948,92.01,7.493,10.69,48.6,2224.0,62.4,97239.0,5.65,1
V4949,74.77,1.286,13.24,69.7,1573.0,51.8,164968.0,4.55,0
V4950,104.64,4.979,,48.5,2017.0,62.5,19085.0,0.41,1
V4951,78.33,0.897,13.19,95.2,2240.0,77.2,40640.0,2.5,0
V4952,102.47,1.415,11.55,33.5,2426.0,79.2,77901.0,4.22,0
V4953,109.42,10.741,11.37,66.5,2064.0,87.2,34154.0,1.04,1
V4954,,2.645,12.96,65.0,2365.0,90.7,27883.0,4.55,0
V4955,80.11,3.107,13.37,35.3,2024.0,,38181.0,6.86,0
V4956,84.26,1.874,13.3,47.1,2841.0,86.9,19863.0,1.29,0
V4957,94.88,5.3,11.58,42.9,2472.0,82.9,9598.0,0.89,1
V4958,93.93,4.301,12.76,25.5,1864.0,58.5,3103.0,8.59,0
V4959,86.49,1.713,12.77,53.0,1952.0,80.7,42370.0,0.1,0
V4960,90.99,3.773,11.72,44.8,2396.0,75.2,21449.0,1.18,1
V4961,100.12,4.881,13.1,26.0,1937.0,66.5,96533.0,2.09,0
V4962,85.39,2.147,12.75,50.5,1235.0,75.2,11352.0,4.46,0
V4963,91.15,1.558,13.57,48.0,2348.0,80.4,16744.0,20.0,0
V4964,80.13,1.649,12.8,21.8,2008.0,72.0,158561.0,1.85,0
V4965,100.69,3.079,,21.8,2540.0,89.9,36566.0,11.89,1
V4966,87.49,2.127,13.36,68.3,2220.0,80.1,19161.0,1.83,0
V4967,69.88,1.444,14.13,73.6,2523.0,88.1,88763.0,4.76,0
V4968,115.41,3.881,10.47,94.7,3460.0,93.8,61206.0,0.72,1
V4969,95.33,1.14,12.92,17.8,2841.0,69.1,38309.0,2.47,0
V4970,81.82,2.684,13.64,20.6,2025.0,68.3,98961.0,8.2,0
V4971,76.18,2.974,13.34,14.7,2412.0,92.4,4440.0,1.54,0
V4972,104.97,6.308,11.46,57.9,2259.0,63.5,22576.0,0.44,1
V4973,85.69,3.013,13.02,66.0,2334.0,,74863.0,2.96,0
V4974,87.85,4.154,11.41,46.3,1416.0,67.7,21945.0,2.32,0
V4975,86.53,2.253,13.15,81.8,2727.0,60.1,117616.0,1.04,0
V4976,89.05,2.108,13.22,71.8,1047.0,82.5,7447.0,9.44,0
V4977,96.58,1.27,13.68,98.7,2191.0,71.0,18470.0,3.68,0
V4978,89.54,3.572,12.55,22.4,1322.0,,24960.0,1.71,0
V4979,76.6,1.339,14.01,15.2,1848.0,88.9,52264.0,20.0,0
V4980,106.94,2.208,10.99,34.7,2305.0,55.1,9781.0,0.59,1
V4981,98.12,1.22,12.71,11.7,2634.0,72.8,500.0,7.53,0
V4982,121.61,5.081,11.3,93.9,2711.0,88.4,168802.0,1.05,1
V4983,76.01,3.255,13.63,37.4,2103.0,88.7,103060.0,1.1,0
V4984,86.94,2.483,12.34,59.7,2695.0,81.4,16065.0,2.76,0
V4985,75.63,9.955,11.02,38.6,2169.0,61.8,29729.0,4.34,1
V4986,97.34,3.919,10.98,32.1,1844.0,77.4,30205.0,4.69,1
V4987,80.61,1.054,12.97,23.7,2387.0,80.3,91543.0,0.1,0
V4988,100.39,0.974,12.09,38.8,1741.0,68.4,40904.0,1.35,0
V4989,78.8,3.01,13.47,65.4,2133.0,80.6,78803.0,4.32,0
V4990,71.49,5.383,,97.4,1961.0,52.8,109366.0,8.82,0
V4991,81.23,2.087,13.33,60.2,1425.0,48.7,37557.0,4.43,0
V4992,69.2,2.753,12.89,57.9,2365.0,65.4,15127.0,1.24,0
V4993,91.01,2.857,13.32,13.2,2272.0,85.4,31075.0,2.84,0
V4994,81.19,11.317,11.43,85.6,2775.0,87.9,85632.0,4.17,1
V4995,85.23,3.992,13.44,14.0,1266.0,55.8,39427.0,0.58,0
V4996,68.38,4.671,13.32,91.6,1843.0,97.0,101731.0,3.15,0
V4997,82.44,1.018,13.12,58.5,2764.0,76.3,101608.0,2.55,0
V4998,98.15,1.335,12.46,25.2,2465.0,51.8,21032.0,1.64,0
V4999,87.89,1.251,12.74,50.7,2562.0,79.6,26749.0,3.91,0
V5000,78.09,1.74,12.54,99.5,2926.0,94.1,50982.0,4.04,0
V5001,,5.11,12.42,37.5,1818.0,67.7,5298.0,14.23,1
V5002,85.14,2.616,13.47,34.3,1768.0,89.7,28194.0,2.24,0
V5003,88.78,1.977,13.02,20.6,2628.0,96.6,7281.0,3.03,0
V5004,74.07,1.228,12.66,63.7,2517.0,75.6,84761.0,0.69,0
V5005,100.79,2.787,11.63,18.0,2137.0,63.8,128742.0,3.18,1
V5006,63.36,2.812,13.07,78.9,2123.0,92.6,6868.0,0.15,0
V5007,79.96,3.417,14.11,92.7,1715.0,92.5,49529.0,0.65,0
V5008,81.09,1.8,13.0,93.9,2989.0,56.1,45544.0,0.75,0
V5009,90.07,0.456,13.72,19.7,3213.0,73.5,64234.0,4.01,0
V5010,85.18,3.964,13.17,60.2,2759.0,85.8,53550.0,3.35,0
V5011,73.76,1.741,13.34,18.7,2526.0,86.6,11015.0,6.4,0
V5012,77.12,0.624,12.71,61.5,2495.0,70.7,15489.0,2.5,0
V5013,86.59,2.067,12.88,83.3,2366.0,60.6,8127.0,2.58,0
V5014,84.37,4.151,12.5,58.4,1319.0,98.6,114306.0,0.7,0
V5015,80.37,1.508,13.18,88.5,1962.0,76.3,33200.0,5.43,0
V5016,81.15,0.146,12.85,82.2,2610.0,72.3,168140.0,0.1,0
V5017,90.57,1.671,13.22,34.9,1777.0,66.2,26847.0,2.21,0
V5018,80.86,1.177,12.41,66.7,2278.0,72.0,36206.0,0.83,0
V5019,84.3,2.356,13.27,10.7,2778.0,51.4,70078.0,5.9,0
V5020,102.36,2.104,13.1,45.6,2786.0,90.0,71804.0,4.48,0
V5021,73.61,1.405,13.08,31.4,2669.0,70.9,11829.0,4.91,0
V5022,70.19,,13.23,94.3,2342.0,43.5,15303.0,0.64,0
V5023,102.89,6.801,11.23,46.5,2599.0,60.2,4632.0,4.42,1
V5024,,3.347,13.22,68.9,2079.0,89.4,73671.0,4.7,1
V5025,82.45,2.93,13.28,75.9,3052.0,72.9,71064.0,0.1,0
V5026,78.75,3.811,13.06,79.6,1405.0,63.2,3814.0,1.53,0
V5027,82.92,1.73,13.45,76.2,2234.0,77.0,13394.0,0.37,0
V5028,106.08,7.078,11.64,36.0,1964.0,70.5,26892.0,4.58,1
V5029,91.42,2.635,12.67,71.7,2541.0,76.7,35118.0,0.95,0
V5030,100.97,4.772,12.4,59.4,2030.0,79.8,33268.0,1.23,1
V5031,73.67,2.611,13.53,63.8,3409.0,,183554.0,0.33,0
V5032,75.79,1.667,13.72,10.1,2658.0,66.4,65000.0,2.65,0
V5033,83.72,3.279,10.71,33.2,1701.0,64.0,5405.0,0.13,1
V5034,78.52,4.425,12.92,93.8,867.0,64.4,15635.0,7.47,0
V5035,92.65,,13.2,36.1,1631.0,65.6,19070.0,0.11,0
V5036,89.14,0.835,13.43,49.4,2481.0,,17035.0,0.25,0
V5037,98.76,6.211,12.22,26.8,2068.0,65.9,69369.0,4.09,1
V5038,94.68,2.369,10.46,22.5,1913.0,77.4,20122.0,9.95,1
V5039,79.49,0.457,13.31,28.8,1838.0,70.3,30515.0,8.91,0
V5040,86.64,0.81,13.19,59.8,2615.0,64.4,34308.0,0.35,0
V5041,,1.052,13.19,92.7,2034.0,46.1,14188.0,1.36,0
V5042,72.07,2.72,12.34,39.4,1982.0,61.5,17534.0,2.94,0
V5043,87.4,1.809,12.44,39.1,2697.0,69.5,68135.0,0.11,0
V5044,92.46,3.926,14.09,60.8,2981.0,89.4,90676.0,3.01,0
V5045,99.35,3.154,11.63,42.1,1643.0,74.0,1700.0,2.38,1
V5046,101.48,3.515,11.74,91.9,2789.0,52.3,41817.0,3.55,1
V5047,126.64,4.957,11.19,44.0,2145.0,76.5,45161.0,10.12,1
V5048,93.56,4.638,13.56,54.1,2659.0,68.2,60155.0,1.28,1
V5049,103.83,3.287,10.82,58.0,2528.0,83.6,53265.0,4.08,1
V5050,79.1,0.819,12.93,80.4,2210.0,53.1,94456.0,2.25,0
V5051,102.9,3.459,10.75,60.8,2231.0,93.2,3678.0,2.28,1
V5052,97.8,3.516,11.3,31.5,2534.0,81.7,22123.0,4.17,1
V5053,86.56,4.084,11.99,21.2,1652.0,71.9,68565.0,12.09,0
V5054,76.84,0.61,13.31,94.4,1629.0,51.8,84356.0,7.95,0
V5055,86.65,4.408,13.76,82.1,3240.0,53.1,13841.0,4.08,0
V5056,117.8,4.931,11.69,12.1,2784.0,85.3,39607.0,2.48,1
V5057,100.16,6.886,11.17,83.9,2696.0,87.0,8972.0,2.21,1
V5058,92.7,2.098,11.62,63.2,2122.0,90.6,85640.0,6.19,0
V5059,83.1,2.573,13.2,56.7,1381.0,100.0,58992.0,0.98,0
V5060,91.0,3.295,13.79,11.1,1935.0,86.2,11300.0,3.54,0
V5061,87.23,0.893,12.04,80.3,2405.0,81.1,43990.0,2.81,0
V5062,77.39,3.563,12.78,27.8,2775.0,100.0,32038.0,4.19,0
V5063,97.96,4.522,12.15,75.5,2414.0,66.8,13478.0,0.83,1
V5064,77.07,0.952,12.5,11.4,2428.0,73.5,100623.0,4.76,0
V5065,79.94,2.244,11.96,81.7,2114.0,51.9,7199.0,3.94,0
V5066,86.51,0.943,12.55,12.1,2525.0,84.4,28354.0,0.79,0
V5067,87.38,2.043,12.66,31.2,1745.0,71.9,39338.0,2.39,0
V5068,75.49,1.453,11.87,34.1,2262.0,65.7,78061.0,4.54,0
V5069,93.43,2.332,13.64,24.2,2085.0,66.0,7323.0,9.28,0
V5070,89.58,2.432,13.93,53.3,2923.0,63.1,42277.0,0.52,0
V5071,79.36,4.814,13.02,35.5,772.0,72.5,500.0,0.1,0
V5072,72.7,3.164,13.44,99.4,2124.0,53.4,77816.0,0.72,0
V5073,83.84,2.786,12.11,62.2,2325.0,54.7,12039.0,18.14,0
V5074,88.38,2.185,11.39,61.0,1273.0,58.4,57431.0,5.85,1
V5075,85.91,3.995,12.65,29.9,2570.0,65.7,41445.0,3.81,0
V5076,82.1,1.503,13.25,46.8,2134.0,68.0,2314.0,0.57,0
V5077,128.94,0.82,11.38,21.2,1723.0,44.3,9108.0,2.15,0
V5078,81.89,7.374,12.82,78.6,2709.0,67.3,14023.0,5.02,0
V5079,90.26,3.997,11.85,39.8,1828.0,62.4,98008.0,9.05,1
V5080,90.07,5.163,13.14,77.7,2604.0,86.7,29496.0,1.92,0
V5081,95.73,3.919,11.66,43.5,2293.0,61.5,110144.0,20.0,1
V5082,98.43,3.011,12.64,99.0,1995.0,90.1,2188.0,0.6,0
V5083,69.71,2.056,,25.4,1695.0,100.0,500.0,1.96,0
V5084,95.49,0.974,13.66,10.1,1843.0,92.5,133257.0,8.33,0
V5085,101.0,4.593,12.06,63.5,2640.0,60.3,57917.0,4.2,1
V5086,91.88,36.99,13.94,95.8,2777.0,82.8,68819.0,6.66,0
V5087,85.64,2.44,13.04,68.2,2547.0,60.5,111358.0,9.54,0
V5088,107.73,4.841,12.26,17.7,2185.0,62.6,187624.0,2.83,1
V5089,81.9,1.702,14.4,58.6,2546.0,63.6,4627.0,1.07,0
V5090,90.01,5.243,10.62,91.9,2358.0,77.0,7754.0,4.73,1
V5091,96.36,2.955,13.27,10.6,1899.0,61.9,9403.0,3.32,0
V5092,84.09,3.705,13.73,25.0,1742.0,75.6,76772.0,5.93,0
V5093,93.43,4.471,11.93,83.3,2043.0,93.9,19771.0,2.87,1
V5094,94.88,1.654,13.04,90.5,1883.0,58.5,40482.0,6.67,0
V5095,87.92,4.579,10.2,73.6,2265.0,50.9,86965.0,9.29,1
V5096,110.9,5.641,12.04,99.2,3003.0,65.4,51721.0,5.54,1
V5097,80.28,0.451,13.64,18.1,2340.0,96.4,3044.0,5.44,0
V5098,93.36,13.043,11.76,59.1,2935.0,85.3,26550.0,3.54,1
V5099,85.58,1.241,12.99,71.6,2200.0,62.2,3145.0,2.55,0
V5100,73.0,4.705,12.81,73.2,2116.0,59.3,29327.0,14.39,0
V5101,78.77,1.476,13.0,81.4,1442.0,79.9,11141.0,4.14,0
V5102,95.81,3.133,14.02,92.6,2520.0,76.5,500.0,7.34,0
V5103,108.3,7.762,11.5,42.5,1872.0,84.3,75486.0,2.82,1
V5104,84.5,3.012,13.89,13.9,1770.0,57.7,156879.0,3.24,0
V5105,86.94,5.99,12.91,42.6,1693.0,73.7,149757.0,4.35,0
V5106,95.36,6.489,10.07,70.4,2377.0,88.4,15998.0,5.22,1
V5107,106.06,4.732,9.83,29.2,1911.0,91.9,79415.0,2.38,1
V5108,91.94,4.02,11.22,82.9,3023.0,56.4,51103.0,1.76,1
V5109,100.48,7.677,11.88,29.8,2760.0,73.7,72442.0,1.09,1
V5110,94.17,1.159,,10.9,1933.0,70.7,84256.0,2.2,0
V5111,91.87,7.051,13.47,55.7,1013.0,62.4,176673.0,0.95,1
V5112,101.6,2.03,10.32,75.4,2259.0,64.0,7405.0,2.16,1
V5113,72.76,4.079,13.43,41.5,2045.0,83.5,66086.0,8.31,0
V5114,102.51,5.338,11.61,77.4,2645.0,63.5,59618.0,15.1,1
V5115,95.34,3.853,11.92,49.5,2207.0,73.2,15269.0,3.44,1
V5116,83.06,1.292,11.82,25.5,2775.0,82.3,22435.0,0.63,0
V5117,,3.426,13.64,18.2,2447.0,100.0,8753.0,2.23,0
V5118,81.36,0.32,12.91,74.0,1562.0,79.5,110025.0,3.69,0
V5119,76.68,1.096,12.8,44.7,1827.0,85.8,95163.0,1.85,0
V5120,80.14,2.08,13.5,92.1,1973.0,78.9,42840.0,0.92,0
V5121,100.59,7.681,12.35,58.6,2116.0,71.9,32251.0,1.03,1
V5122,107.17,2.921,9.92,41.4,2065.0,71.6,11931.0,2.57,1
V5123,98.85,3.998,10.3,41.4,2559.0,73.3,70144.0,0.98,1
V5124,87.46,3.08,13.72,21.8,2451.0,42.9,500.0,1.15,0
V5125,83.11,2.186,11.79,63.4,1989.0,70.1,27961.0,8.26,1
V5126,77.95,1.578,13.11,62.4,2531.0,81.6,88653.0,6.04,0
V5127,109.43,4.604,10.72,82.0,1614.0,63.9,43362.0,0.23,1
V5128,79.12,32.49,13.26,28.1,2550.0,96.8,45369.0,1.54,0
V5129,111.36,4.73,11.7,36.2,2634.0,76.9,3300.0,3.04,1
V5130,104.98,2.914,12.71,18.8,2338.0,73.0,15204.0,0.25,1
V5131,100.37,2.91,11.51,36.6,2463.0,87.5,50420.0,4.6,1
V5132,93.56,4.904,13.53,48.5,2529.0,83.5,2290.0,1.94,0
V5133,95.18,1.199,14.11,96.8,2724.0,92.0,18084.0,2.02,0
V5134,84.11,2.738,12.13,68.8,2571.0,94.9,19659.0,1.23,0
V5135,81.89,0.886,14.08,80.5,2804.0,97.0,31076.0,1.63,0
V5136,84.55,5.389,13.12,39.3,1414.0,81.9,20250.0,7.91,0
V5137,87.7,0.42,13.04,23.0,2266.0,59.4,27241.0,6.22,0
V5138,92.13,4.581,12.67,33.1,2177.0,71.4,35634.0,10.98,0
V5139,85.03,2.27,12.78,33.1,2276.0,99.6,6181.0,4.8,0
V5140,89.95,3.365,12.55,62.5,2650.0,78.9,8956.0,3.45,0
V5141,110.09,5.917,10.87,40.7,2264.0,68.5,80408.0,1.2,1
V5142,88.05,2.525,13.27,87.2,2244.0,66.8,27709.0,4.4,0
V5143,,8.89,11.98,99.0,2434.0,58.8,19743.0,9.46,1
V5144,72.85,4.899,12.37,40.9,1447.0,88.8,25603.0,0.29,0
V5145,63.95,3.291,12.58,73.5,2978.0,68.2,8647.0,2.34,0
V5146,88.11,4.386,13.15,69.2,2148.0,60.3,12341.0,0.65,0
V5147,84.24,2.109,12.33,27.5,2939.0,62.0,32611.0,6.66,0
V5148,80.88,0.982,13.15,92.6,1773.0,35.9,20008.0,3.81,0
V5149,86.95,8.849,12.84,27.9,1744.0,85.6,29035.0,8.47,0
V5150,99.16,5.444,10.6,76.3,2086.0,71.4,7298.0,0.26,1
V5151,94.02,2.615,,41.3,2218.0,56.6,7657.0,9.45,0
V5152,85.69,0.641,12.66,43.0,1946.0,95.8,21799.0,0.28,0
V5153,79.02,5.158,13.62,51.0,1798.0,75.7,21429.0,1.36,0
V5154,92.92,2.564,12.88,87.8,2385.0,41.4,96679.0,0.68,0
V5155,83.26,3.078,,22.6,2925.0,85.8,1531.0,0.63,0
V5156,99.21,7.097,10.79,14.9,3030.0,59.8,222363.0,0.75,1
V5157,93.49,4.549,11.23,46.2,2053.0,83.9,141099.0,2.62,1
V5158,79.8,5.065,14.11,15.0,1660.0,82.6,35165.0,6.14,0
V5159,85.67,2.766,13.36,71.9,2069.0,77.1,57084.0,9.14,0
V5160,85.1,0.312,12.65,78.4,3056.0,56.2,123178.0,3.35,0
V5161,166.49,7.728,11.06,86.9,2714.0,56.5,13017.0,0.69,1
V5162,82.85,1.962,12.94,76.9,2393.0,74.3,17067.0,0.33,0
V5163,70.31,1.278,12.91,92.5,1966.0,60.9,5291.0,2.73,0
V5164,91.13,4.888,11.06,77.3,2656.0,93.3,37339.0,5.8,1
V5165,91.35,1.579,12.42,94.2,3331.0,73.5,7816.0,3.87,0
V5166,82.62,1.443,13.59,27.4,2129.0,59.9,120230.0,3.5,0
V5167,83.03,4.724,13.52,55.0,1215.0,90.0,25419.0,0.2,0
V5168,103.39,3.839,12.3,99.5,1687.0,46.3,113482.0,2.12,1
V5169,79.3,0.574,13.76,71.3,2231.0,73.0,10329.0,3.2,0
V5170,72.66,3.101,13.35,89.1,2122.0,,53293.0,3.65,0
V5171,84.11,7.259,10.91,12.7,2880.0,59.6,46933.0,0.1,1
V5172,81.13,1.663,12.79,88.5,1904.0,68.5,22963.0,0.89,0
V5173,77.27,7.171,13.89,72.8,2113.0,64.9,102877.0,11.97,0
V5174,90.5,8.614,10.5,25.4,1876.0,58.1,25676.0,2.84,1
V5175,107.01,7.211,11.18,12.3,2589.0,76.1,9953.0,4.86,1
V5176,84.93,3.039,13.43,33.4,1770.0,87.8,169723.0,1.47,0
V5177,87.46,2.803,12.83,92.4,2083.0,100.0,26211.0,3.52,0
V5178,99.51,1.303,13.34,70.1,1438.0,86.4,10498.0,1.76,0
V5179,92.31,9.649,10.98,92.8,1936.0,71.0,20339.0,1.41,1
V5180,100.78,7.978,10.33,50.2,3031.0,91.7,42779.0,2.12,1
V5181,90.84,8.767,11.1,94.3,3088.0,58.1,32287.0,2.46,1
V5182,78.23,2.117,11.99,51.7,2537.0,67.0,45368.0,1.61,0
V5183,80.32,1.686,12.34,28.4,2421.0,89.3,48793.0,1.19,0
V5184,81.17,3.664,13.38,23.6,1885.0,65.1,5926.0,3.91,0
V5185,87.88,1.5,13.72,99.4,2300.0,75.9,17018.0,1.92,0
V5186,115.77,4.819,10.78,40.0,2283.0,64.5,62150.0,0.9,1
V5187,93.28,3.651,10.79,24.4,2209.0,71.8,47289.0,5.68,1
V5188,93.88,3.893,13.09,10.8,2603.0,74.0,4162.0,5.15,1
V5189,84.5,3.284,13.7,35.7,1728.0,82.1,17035.0,8.71,0
V5190,108.08,6.095,12.31,90.0,3481.0,77.5,120525.0,3.24,1
V5191,87.11,3.761,12.13,58.1,3012.0,85.7,89127.0,1.31,0
V5192,95.27,4.209,13.31,66.9,1794.0,80.9,49978.0,7.97,0
V5193,74.97,8.063,11.2,93.0,2254.0,72.0,3404.0,1.32,1
V5194,65.9,,13.54,56.2,1901.0,65.9,42034.0,4.26,0
V5195,81.03,0.949,13.09,85.4,2518.0,61.3,552.0,0.84,0
V5196,93.78,2.495,12.55,39.1,2155.0,34.1,48696.0,3.97,0
V5197,72.47,0.849,12.76,97.9,1259.0,73.3,59122.0,7.35,0
V5198,60.94,2.752,13.71,17.1,1740.0,57.9,30944.0,3.11,0
V5199,89.57,0.879,,75.2,2863.0,61.9,500.0,2.55,0
V5200,86.95,1.048,12.22,69.5,2091.0,70.5,49430.0,20.0,0
V5201,76.28,0.476,14.02,27.3,2086.0,67.2,77101.0,0.1,0
V5202,77.12,2.596,13.69,45.0,2535.0,83.2,39671.0,1.61,0
V5203,77.24,0.675,14.0,38.2,2670.0,72.5,55580.0,10.03,0
V5204,85.88,3.141,13.68,18.5,2155.0,99.4,4260.0,4.12,0
V5205,79.99,3.512,12.44,62.6,1117.0,100.0,56538.0,3.12,0
V5206,,1.222,13.2,99.4,1798.0,70.4,42859.0,4.06,0
V5207,62.16,3.854,13.36,60.4,1128.0,62.3,18090.0,1.55,0
V5208,78.15,3.56,12.19,59.1,1500.0,48.6,52031.0,0.3,0
V5209,75.99,4.519,12.3,13.6,2239.0,100.0,46678.0,1.29,0
V5210,82.95,1.135,13.45,22.5,2223.0,64.1,41172.0,1.64,0
V5211,80.7,1.096,13.49,56.2,2838.0,66.9,9092.0,2.61,0
V5212,91.38,3.384,14.42,98.7,2184.0,64.5,15808.0,2.0,0
V5213,81.57,,11.49,88.9,1761.0,70.1,213930.0,2.94,1
V5214,85.36,2.642,11.99,40.6,2801.0,67.8,25541.0,0.87,0
V5215,89.47,5.374,12.91,58.9,3076.0,87.4,2757.0,0.81,0
V5216,110.97,2.798,12.55,59.7,2658.0,33.8,103171.0,1.73,1
V5217,81.15,3.564,12.78,71.7,2166.0,72.2,8544.0,2.57,0
V5218,102.36,5.998,12.13,71.9,2046.0,85.8,23252.0,1.67,1
V5219,78.95,5.822,11.55,81.1,1604.0,64.6,14658.0,3.44,1
V5220,65.86,1.89,13.72,12.2,1805.0,83.8,149435.0,1.48,0
V5221,91.76,0.824,13.45,94.9,1976.0,76.3,21374.0,0.78,0
V5222,84.96,1.348,12.51,16.3,1538.0,64.2,55506.0,7.95,0
V5223,94.43,1.211,12.69,52.9,2033.0,47.8,41052.0,0.9,0
V5224,74.01,0.115,12.59,92.8,2059.0,81.1,1977.0,13.6,0
V5225,101.62,5.952,9.68,53.9,2837.0,79.8,21826.0,17.5,1
V5226,99.95,1.702,12.54,15.7,1390.0,63.9,22245.0,4.77,0
V5227,88.36,1.916,11.94,30.6,2286.0,86.4,206489.0,2.79,0
V5228,102.35,5.552,11.57,62.1,1520.0,67.7,75192.0,6.35,1
V5229,97.58,4.56,12.08,17.9,1222.0,90.5,87412.0,8.26,1
V5230,72.43,5.904,12.82,48.1,1953.0,79.5,16928.0,4.95,0
V5231,95.84,,13.12,39.6,2209.0,97.2,17958.0,0.43,0
V5232,80.11,6.626,13.64,83.4,2836.0,80.4,32619.0,0.1,0
V5233,112.43,6.368,11.08,19.9,2065.0,75.4,44865.0,0.85,1
V5234,72.5,1.493,14.2,71.5,1931.0,46.7,58636.0,0.84,0
V5235,75.56,1.64,13.16,46.6,1849.0,75.8,77367.0,0.81,0
V5236,96.48,1.032,13.87,62.9,1941.0,71.4,92932.0,2.85,0
V5237,82.22,0.313,13.06,28.5,600.0,99.2,1122.0,2.94,0
V5238,108.89,6.228,11.75,64.9,1790.0,78.2,71555.0,5.14,1
V5239,98.6,3.393,12.12,70.7,2601.0,86.7,42469.0,0.9,1
V5240,70.26,1.795,13.33,16.3,973.0,96.1,34176.0,0.39,0
V5241,104.19,5.012,10.81,84.2,1992.0,95.1,44555.0,4.39,1
V5242,80.28,1.427,12.51,87.5,2056.0,73.7,96145.0,2.65,0
V5243,,1.274,13.04,15.7,2558.0,100.0,35464.0,4.39,0
V5244,85.2,,11.87,64.3,2258.0,67.4,7963.0,1.92,0
V5245,72.66,1.055,12.82,63.5,2411.0,95.0,25834.0,5.56,0
V5246,86.31,1.113,12.41,11.1,1827.0,63.8,116239.0,4.59,0
V5247,117.91,7.501,11.2,40.8,1321.0,87.9,75808.0,4.2,1
V5248,88.94,3.554,12.53,97.2,1935.0,60.5,10213.0,0.11,0
V5249,88.35,4.681,11.62,60.0,2129.0,84.3,56352.0,7.81,1
V5250,96.27,6.779,12.69,94.0,2779.0,62.2,13321.0,1.89,1
V5251,86.69,2.344,13.03,70.8,1486.0,59.4,19284.0,0.58,0
V5252,86.68,1.44,12.77,12.6,3244.0,60.5,28478.0,5.64,0
V5253,76.27,3.391,13.62,17.0,2286.0,82.5,26162.0,2.67,0
V5254,86.87,2.177,13.54,75.0,1819.0,82.4,1337.0,0.13,0
V5255,110.83,2.327,10.94,59.9,1793.0,,66927.0,6.09,1
V5256,78.31,3.393,13.81,21.4,2120.0,78.3,84299.0,2.28,0
V5257,96.4,1.946,12.89,65.3,2166.0,67.7,34066.0,5.62,0
V5258,84.27,5.6,13.12,82.9,2207.0,64.2,8545.0,5.64,0
V5259,77.9,3.877,12.66,77.8,2519.0,59.5,12822.0,0.42,0
V5260,92.98,2.48,12.76,32.2,1869.0,58.6,6078.0,3.8,0
V5261,82.71,1.614,12.62,33.2,2253.0,93.2,8358.0,1.79,0
V5262,91.08,2.133,13.41,97.1,2033.0,59.1,94081.0,3.16,0
V5263,82.67,1.01,13.23,89.9,3023.0,61.0,29441.0,0.37,0
V5264,84.52,2.48,12.37,38.7,1296.0,60.0,5295.0,3.55,0
V5265,97.26,10.217,12.35,84.2,3273.0,55.1,13231.0,6.01,1
V5266,96.98,11.291,12.83,24.6,1758.0,79.6,134361.0,17.31,1
V5267,69.04,4.784,12.6,27.7,1657.0,67.0,32033.0,1.54,0
V5268,76.03,2.377,12.57,26.3,2052.0,72.5,32621.0,0.67,0
V5269,105.4,2.429,12.22,17.9,2308.0,73.3,33561.0,1.82,1
V5270,83.94,2.036,13.83,86.9,2018.0,79.3,5326.0,0.1,0
V5271,80.81,4.051,12.74,62.1,2499.0,,158268.0,2.1,0
V5272,74.13,3.748,14.11,33.3,1975.0,92.8,3972.0,9.84,0
V5273,76.36,1.893,12.37,86.4,1878.0,65.0,54185.0,0.86,0
V5274,68.83,1.778,13.11,82.2,1738.0,66.1,2678.0,2.6,0
V5275,101.91,5.278,10.27,19.1,2830.0,73.7,26381.0,3.4,1
V5276,80.21,2.232,12.44,68.0,2392.0,73.9,103472.0,0.79,0
V5277,87.19,4.885,11.49,75.0,1622.0,52.8,65832.0,1.6,1
V5278,92.43,5.851,11.81,74.4,1974.0,51.4,18337.0,9.69,1
V5279,100.13,7.151,12.16,75.1,1538.0,72.9,36068.0,1.4,1
V5280,101.75,,12.58,25.3,3563.0,95.8,8129.0,4.04,0
V5281,72.9,1.699,13.25,38.4,2292.0,97.3,140684.0,0.59,0
V5282,94.28,1.775,12.2,86.0,1205.0,58.2,55500.0,4.43,0
V5283,92.78,2.425,,90.9,1520.0,68.5,21099.0,1.31,0
V5284,78.77,2.18,13.79,35.1,1575.0,77.4,17218.0,1.05,0
V5285,93.99,4.859,12.75,12.1,2346.0,79.6,12269.0,0.53,1
V5286,81.34,0.945,13.62,87.4,1351.0,60.4,69489.0,0.19,0
V5287,99.39,4.984,11.93,43.9,1517.0,100.0,25661.0,13.75,1
V5288,97.07,3.332,13.17,39.7,2074.0,66.4,18036.0,2.14,0
V5289,100.79,5.322,11.43,41.2,2159.0,80.5,106030.0,6.01,1
V5290,105.93,5.755,11.64,47.4,1923.0,70.1,7325.0,10.11,1
V5291,81.56,2.314,,44.0,1992.0,70.1,13784.0,0.91,0
V5292,73.13,2.207,13.17,61.0,1482.0,86.4,19024.0,8.16,0
V5293,83.33,1.647,13.25,17.1,2423.0,89.8,13541.0,4.92,0
V5294,94.65,2.505,13.59,97.4,1199.0,85.2,39620.0,3.45,0
V5295,72.78,1.306,13.24,94.3,2118.0,61.8,41349.0,6.62,0
V5296,85.51,6.492,,94.1,3090.0,54.8,2534.0,0.47,1
V5297,98.35,8.511,11.87,89.1,2017.0,100.0,7025.0,1.22,1
V5298,85.81,6.553,12.41,69.4,1500.0,79.6,9959.0,0.56,1
V5299,78.66,1.139,12.86,29.9,2142.0,61.5,3282.0,9.05,0
V5300,92.8,7.385,9.43,14.5,2046.0,89.1,5997.0,0.42,1
V5301,90.0,5.258,11.63,18.9,2292.0,61.4,12329.0,15.64,1
V5302,77.21,2.809,13.35,39.2,2284.0,100.0,19083.0,0.47,0
V5303,105.22,5.804,11.46,55.3,2681.0,68.9,70511.0,4.34,1
V5304,74.54,2.031,11.83,99.4,1949.0,87.9,11060.0,4.32,0
V5305,72.22,0.76,13.13,49.2,1782.0,74.3,49893.0,10.71,0
V5306,93.08,5.844,12.29,57.2,1795.0,52.1,2683.0,1.56,1
V5307,90.86,0.999,12.42,72.6,1872.0,60.2,48314.0,1.61,0
V5308,83.42,,13.34,26.3,2343.0,63.5,71252.0,7.49,0
V5309,94.27,3.629,11.47,94.0,1508.0,64.7,41777.0,15.37,1
V5310,96.21,4.212,11.28,57.6,1727.0,77.8,10120.0,0.12,1
V5311,75.2,8.716,11.24,34.9,2225.0,38.5,18049.0,4.03,1
V5312,88.96,2.147,13.1,94.2,2802.0,77.9,73606.0,1.12,0
V5313,100.52,,12.95,66.3,1758.0,45.4,25451.0,5.21,1
V5314,81.73,0.493,12.48,53.5,2375.0,80.4,13261.0,5.93,0
V5315,107.96,5.868,11.86,62.2,2096.0,63.0,121431.0,5.75,1
V5316,75.98,2.544,13.64,77.3,2452.0,77.0,45645.0,2.29,0
V5317,94.02,7.515,,23.9,2230.0,55.0,73729.0,0.69,0
V5318,86.24,1.222,13.62,87.8,2214.0,65.6,1116.0,3.52,0
V5319,82.31,4.826,13.63,96.4,3476.0,44.3,18653.0,6.22,0
V5320,84.84,1.928,13.19,61.0,3665.0,56.3,27637.0,9.73,0
V5321,100.76,,10.87,71.4,2068.0,96.0,39840.0,2.41,1
V5322,94.76,1.576,12.61,87.4,1741.0,96.4,9481.0,1.13,0
V5323,76.39,2.34,12.57,43.7,2321.0,56.3,31008.0,0.51,0
V5324,78.9,1.444,13.19,99.4,2502.0,69.9,52073.0,6.39,0
V5325,93.29,0.785,11.27,71.2,2860.0,81.9,19101.0,3.07,0
V5326,80.24,1.014,12.67,48.2,1078.0,76.2,52913.0,4.49,0
V5327,92.2,3.106,12.58,71.0,1995.0,66.4,22218.0,0.69,0
V5328,110.31,2.401,10.41,57.0,1946.0,51.6,28524.0,0.1,1
V5329,81.79,1.294,13.11,20.0,1796.0,88.2,6489.0,13.72,0
V5330,100.71,4.785,10.63,81.6,1452.0,67.4,47406.0,6.66,1
V5331,89.63,5.57,11.69,60.8,2088.0,50.3,11428.0,2.04,1
V5332,91.04,9.938,13.55,81.6,2552.0,74.3,79435.0,2.44,0
V5333,86.6,3.017,13.82,23.9,1578.0,69.8,36279.0,10.58,0
V5334,88.78,1.174,12.68,58.5,2244.0,67.4,36970.0,0.93,0
V5335,79.84,2.589,13.12,79.0,2410.0,76.9,109613.0,6.49,0
V5336,71.71,,13.49,98.9,3022.0,,8244.0,0.1,0
V5337,102.97,3.577,11.73,89.6,2518.0,91.8,33998.0,8.34,1
V5338,68.49,5.501,12.66,87.8,2157.0,61.3,21672.0,3.56,0
V5339,96.23,6.189,11.64,32.3,2356.0,63.4,152594.0,2.6,1
V5340,92.53,2.719,12.88,85.4,2581.0,86.6,70815.0,4.9,0
V5341,96.8,4.73,10.93,25.2,2260.0,100.0,63754.0,0.28,1
V5342,111.93,5.26,9.61,27.8,2593.0,100.0,10274.0,0.87,1
V5343,93.2,3.371,12.45,19.9,2034.0,86.0,12191.0,2.09,0
V5344,79.77,24.465,11.58,87.2,2800.0,69.7,1333.0,3.85,0
V5345,85.22,3.372,,19.7,1945.0,67.0,45792.0,0.62,0
V5346,84.62,2.433,13.85,22.4,1857.0,69.2,20851.0,1.91,0
V5347,72.34,,11.89,32.1,1966.0,48.9,16831.0,1.21,0
V5348,77.48,1.55,13.27,61.5,1715.0,85.2,45605.0,4.15,0
V5349,80.51,2.381,13.73,89.2,2577.0,94.8,79392.0,10.07,0
V5350,,2.691,12.06,47.6,1414.0,73.0,6424.0,0.73,0
V5351,85.38,1.893,14.08,59.2,1983.0,100.0,112911.0,0.84,0
V5352,83.01,2.737,12.95,25.0,2362.0,100.0,1569.0,3.67,0
V5353,71.62,1.148,13.81,33.9,2206.0,88.3,4497.0,2.42,0
V5354,88.23,0.871,13.16,22.1,2179.0,64.9,81943.0,5.06,0
V5355,104.78,3.833,11.02,46.9,2129.0,62.1,30540.0,1.36,1
V5356,86.82,3.071,11.26,63.1,2282.0,86.6,126048.0,3.15,0
V5357,82.41,0.517,12.33,35.6,1699.0,90.8,27866.0,1.96,0
V5358,89.73,2.717,13.41,86.1,1960.0,65.1,117241.0,1.32,0
V5359,93.78,3.063,13.11,98.3,2071.0,57.6,12328.0,5.23,1
V5360,95.37,5.157,9.84,20.8,2428.0,49.3,43123.0,6.36,1
V5361,93.22,5.246,11.62,11.6,2671.0,59.3,233874.0,1.6,1
V5362,87.21,8.83,12.73,81.1,2134.0,68.7,21227.0,3.9,0
V5363,112.7,5.24,10.84,27.2,2567.0,91.4,500.0,0.79,1
V5364,80.23,0.99,13.05,41.8,2245.0,66.4,2979.0,6.26,0
V5365,178.29000000000002,9.214,11.6,45.5,2165.0,29.0,88174.0,1.32,1
V5366,94.74,3.849,11.8,92.5,2592.0,65.2,30467.0,0.75,1
V5367,96.91,3.743,11.07,69.3,1476.0,70.0,34624.0,11.25,1
V5368,79.62,3.798,13.01,13.7,2421.0,69.7,72296.0,2.2,0
V5369,100.09,6.129,11.84,11.3,1857.0,36.2,75108.0,4.13,1
V5370,71.06,1.545,12.56,28.0,2719.0,69.9,29204.0,6.63,0
V5371,89.44,4.822,11.71,38.6,1871.0,94.8,87856.0,4.64,1
V5372,82.59,3.629,9.91,53.6,2045.0,68.0,28436.0,3.33,1
V5373,86.08,5.698,13.27,85.4,1418.0,64.9,50580.0,1.86,0
V5374,108.92,6.538,11.94,38.3,2384.0,63.4,1527.0,10.03,1
V5375,103.34,8.551,11.59,43.9,1991.0,,6682.0,0.57,1
V5376,66.03,4.279,13.2,39.6,1931.0,,85798.0,8.61,0
V5377,112.85,5.739,9.71,10.8,2214.0,58.0,16902.0,4.95,1
V5378,87.36,1.296,13.5,96.0,1365.0,91.8,18341.0,3.39,0
V5379,78.79,0.894,13.54,22.5,1853.0,85.1,48944.0,1.57,0
V5380,86.26,4.56,12.7,35.9,2107.0,66.9,40401.0,0.63,0
V5381,86.41,1.463,12.58,21.6,2932.0,82.3,3859.0,2.34,0
V5382,94.62,1.844,11.12,54.1,2292.0,61.2,65314.0,6.13,1
V5383,86.58,1.222,12.45,93.9,2398.0,61.0,43214.0,5.47,0
V5384,80.14,4.749,12.55,19.1,2231.0,60.7,86999.0,4.15,0
V5385,97.28,2.196,11.84,49.7,3905.0,51.5,34505.0,19.57,1
V5386,79.51,1.552,13.49,12.0,2649.0,73.6,24075.0,14.39,0
V5387,87.78,3.04,11.16,79.4,1183.0,100.0,20887.0,2.04,1
V5388,86.17,2.477,14.73,67.7,2311.0,45.0,500.0,0.86,0
V5389,89.68,0.956,13.75,73.0,2745.0,100.0,1827.0,2.49,0
V5390,89.12,1.882,13.44,52.5,1475.0,34.3,6329.0,7.45,0
V5391,91.56,3.847,13.42,91.7,2252.0,82.5,119370.0,2.45,0
V5392,87.59,7.523,13.05,46.9,1931.0,47.1,95656.0,1.64,0
V5393,80.74,0.812,13.3,56.3,1773.0,82.7,30940.0,5.41,0
V5394,91.72,0.931,13.12,72.6,2868.0,62.8,8941.0,4.2,0
V5395,74.14,,13.63,56.9,1868.0,85.8,7108.0,13.86,0
V5396,96.17,6.288,11.12,27.0,1873.0,62.9,13315.0,3.19,1
V5397,77.29,0.865,12.8,38.5,1749.0,82.4,107723.0,13.7,0
V5398,93.64,,,18.3,1656.0,71.8,33166.0,1.38,0
V5399,92.54,1.692,12.72,48.9,1927.0,93.1,73343.0,8.0,0
V5400,102.8,10.534,11.28,64.8,1902.0,72.1,31804.0,1.73,1
V5401,93.58,1.316,12.55,20.7,1606.0,78.1,42309.0,6.64,0
V5402,77.97,1.253,13.45,66.8,2186.0,75.8,42384.0,10.41,0
V5403,98.03,6.385,13.21,90.4,935.0,88.1,1433.0,3.9,1
V5404,84.0,2.583,12.47,40.4,2251.0,89.0,26517.0,5.22,0
V5405,107.84,4.298,12.3,30.0,2688.0,75.5,89796.0,12.74,1
V5406,84.08,4.969,13.09,90.4,1935.0,49.0,30221.0,1.88,0
V5407,,0.608,13.68,72.3,2377.0,60.3,25719.0,2.87,0
V5408,106.79,4.441,11.85,19.5,2074.0,86.7,33646.0,9.14,1
V5409,92.01,1.609,13.71,46.7,3376.0,51.7,21567.0,4.47,0
V5410,79.65,1.85,13.18,70.7,2687.0,63.9,32599.0,8.27,0
V5411,98.82,3.582,11.06,61.7,1767.0,65.8,6544.0,3.85,1
V5412,76.53,1.881,,65.7,2846.0,71.4,154816.0,5.38,0
V5413,80.07,3.902,12.02,61.0,3406.0,69.3,1563.0,0.1,1
V5414,86.6,0.173,13.28,81.8,2092.0,75.5,29705.0,1.66,0
V5415,89.87,1.416,12.77,38.8,2443.0,58.9,10607.0,5.89,0
V5416,87.1,1.061,14.21,73.8,2706.0,61.9,2706.0,2.07,0
V5417,79.34,8.727,10.96,99.2,1640.0,100.0,47462.0,1.8,1
V5418,82.19,2.815,11.75,45.1,1283.0,95.9,189534.0,12.11,0
V5419,67.25,1.011,12.93,81.2,2280.0,82.6,62312.0,3.22,0
V5420,95.96,1.357,12.38,32.1,1789.0,84.1,13188.0,0.86,0
V5421,76.31,1.656,14.14,35.4,2091.0,78.8,30601.0,2.56,0
V5422,95.04,1.333,11.67,94.1,2712.0,73.9,2298.0,2.92,0
V5423,102.79,4.253,11.91,12.3,2483.0,61.7,34136.0,17.94,1
V5424,77.8,5.65,13.07,29.6,2479.0,96.5,4714.0,5.07,0
V5425,75.94,0.1,13.49,53.5,2136.0,100.0,71227.0,2.93,0
V5426,105.85,4.354,11.1,46.2,1878.0,66.4,2627.0,2.26,1
V5427,101.77,12.459,13.86,66.6,1846.0,91.2,500.0,9.88,1
V5428,85.82,1.628,13.55,27.3,3072.0,68.1,88978.0,4.15,0
V5429,81.14,2.479,11.9,16.3,3328.0,62.7,128552.0,1.76,0
V5430,70.75,0.234,13.84,43.2,2739.0,68.0,4074.0,2.5,0
V5431,77.36,5.745,12.56,57.2,2060.0,68.8,14715.0,1.3,1
V5432,101.59,3.166,11.25,60.6,1644.0,83.5,60913.0,12.92,1
V5433,80.51,2.766,12.81,64.1,3561.0,67.7,34910.0,4.84,0
V5434,91.85,1.892,11.58,59.4,2427.0,87.2,134126.0,1.99,1
V5435,102.43,3.435,11.02,32.1,2416.0,63.5,22183.0,0.81,1
V5436,94.39,2.587,13.64,78.8,1901.0,73.5,500.0,0.78,0
V5437,82.82,3.432,13.48,17.9,2544.0,57.4,897.0,2.6,0
V5438,142.28,1.931,12.64,27.9,2096.0,54.8,37443.0,2.52,0
V5439,98.26,3.337,9.45,76.5,1672.0,79.9,62764.0,2.16,1
V5440,74.14,8.47,13.66,35.2,2031.0,76.0,70362.0,7.64,0
V5441,86.79,3.342,11.78,54.4,2401.0,67.5,109123.0,15.49,0
V5442,89.42,,14.3,39.4,2967.0,60.5,11707.0,1.75,0
V5443,90.44,4.408,12.13,55.6,1413.0,57.0,60343.0,1.4,0
V5444,69.51,1.332,13.01,41.2,1581.0,79.8,78976.0,5.88,0
V5445,98.12,8.601,11.26,99.5,1987.0,64.1,81431.0,2.39,1
V5446,77.97,3.384,13.22,42.2,1732.0,98.9,23861.0,0.98,0
V5447,95.17,8.252,11.88,66.4,2201.0,77.1,44255.0,0.8,1
V5448,98.74,3.399,11.55,90.0,1954.0,82.4,36090.0,1.32,1
V5449,96.97,0.78,12.74,67.4,2262.0,95.7,40951.0,0.1,0
V5450,81.04,2.332,12.87,60.9,2284.0,62.1,14910.0,11.35,0
V5451,89.73,3.827,11.67,61.2,1523.0,81.3,51732.0,2.25,1
V5452,109.47,10.749,11.43,54.7,2096.0,82.1,55707.0,0.35,1
V5453,87.37,0.59,11.95,82.7,1801.0,66.8,9814.0,0.72,0
V5454,101.72,6.712,10.99,14.5,2769.0,51.5,26385.0,1.56,1
V5455,93.89,2.241,11.31,89.7,1860.0,42.2,24676.0,3.21,1
V5456,75.74,0.933,13.5,62.8,1952.0,60.9,62195.0,4.87,0
V5457,74.33,0.401,12.82,86.4,1746.0,91.3,49415.0,1.47,0
V5458,84.76,1.737,11.93,10.9,2185.0,62.8,29099.0,12.64,1
V5459,90.3,1.726,13.33,88.2,2124.0,89.0,47569.0,5.71,0
V5460,94.51,1.198,12.92,20.8,2941.0,63.1,13724.0,6.99,0
V5461,99.79,2.764,,74.9,2185.0,75.2,11899.0,1.56,0
V5462,102.81,2.566,10.35,47.5,2873.0,82.5,12345.0,1.92,1
V5463,94.3,0.243,13.8,71.3,2969.0,90.0,1347.0,3.09,0
V5464,80.36,0.889,12.67,66.5,2023.0,67.7,52860.0,2.4,0
V5465,75.75,1.541,12.89,24.7,2112.0,64.9,191606.0,1.2,0
V5466,106.25,6.103,11.41,56.3,1913.0,44.9,16635.0,20.0,1
V5467,88.34,2.221,12.54,35.0,1586.0,68.1,119560.0,7.54,0
V5468,85.86,1.391,13.99,60.4,3379.0,100.0,41975.0,1.09,0
V5469,105.6,4.011,11.95,76.4,1916.0,71.3,11466.0,8.92,1
V5470,87.59,2.295,12.82,17.3,1749.0,53.2,537.0,3.54,0
V5471,110.86,5.937,11.74,56.4,1670.0,72.3,57887.0,0.1,1
V5472,95.36,1.595,13.0,65.6,1887.0,85.7,53668.0,1.7,0
V5473,89.35,0.968,13.43,36.6,2048.0,65.6,11718.0,0.1,0
V5474,103.97,5.904,11.76,95.8,2821.0,58.3,18204.0,0.37,1
V5475,89.11,4.397,13.13,56.8,3106.0,100.0,102746.0,0.79,0
V5476,81.31,1.772,12.45,26.4,1159.0,80.6,7698.0,2.65,0
V5477,91.05,3.326,12.82,19.7,2994.0,98.0,81203.0,1.92,0
V5478,73.84,1.451,13.09,58.7,3039.0,69.0,8343.0,0.65,0
V5479,105.3,4.613,11.55,43.8,1890.0,100.0,29576.0,2.01,1
V5480,75.44,5.143,12.75,27.3,1745.0,88.6,31099.0,1.45,0
V5481,87.29,3.798,12.7,12.8,2461.0,82.7,28747.0,2.11,0
V5482,88.99,7.484,11.98,61.0,1881.0,56.6,15281.0,0.76,1
V5483,89.43,6.3,13.28,63.9,2949.0,64.0,13148.0,3.76,0
V5484,84.73,1.659,13.59,22.8,2445.0,81.8,59449.0,0.18,0
V5485,72.24,2.98,13.12,64.2,1823.0,69.8,14513.0,1.96,0
V5486,88.37,1.703,11.75,95.7,2346.0,80.6,42363.0,9.01,0
V5487,89.41,6.308,12.36,98.0,2235.0,67.8,84373.0,2.18,1
V5488,110.38,5.825,11.09,90.0,1240.0,81.3,81640.0,2.33,1
V5489,85.01,3.969,12.75,82.6,1706.0,65.2,8231.0,0.28,0
V5490,88.16,2.104,12.97,28.8,1871.0,81.8,47855.0,3.72,0
V5491,91.24,4.414,11.11,24.1,2390.0,59.9,41490.0,11.02,1
V5492,80.29,1.731,12.51,50.0,2483.0,69.9,14907.0,1.38,0
V5493,81.33,3.267,13.37,65.8,2803.0,71.8,22351.0,2.0,0
V5494,103.14,5.374,11.53,86.6,1848.0,61.5,15103.0,3.55,1
V5495,109.56,,11.46,30.9,1459.0,65.4,34658.0,0.39,1
V5496,85.2,5.423,10.46,53.2,1776.0,79.2,73248.0,12.01,1
V5497,107.42,3.653,11.21,68.3,1847.0,85.6,94485.0,2.52,1
V5498,67.64,3.622,12.35,50.1,1799.0,78.8,57740.0,0.49,0
V5499,75.45,6.506,12.69,50.9,2189.0,82.6,29726.0,1.63,0
V5500,77.33,1.541,13.14,30.3,2549.0,76.3,142756.0,1.87,0
V5501,86.56,6.962,10.86,98.8,1994.0,64.6,37343.0,1.69,1
V5502,72.33,2.201,12.71,52.8,2451.0,49.1,29301.0,4.73,0
V5503,88.3,2.798,13.06,57.9,2685.0,67.1,87450.0,1.7,0
V5504,83.29,3.763,12.7,29.7,2195.0,73.2,9185.0,1.57,0
V5505,108.09,5.034,10.75,56.3,1631.0,65.6,7732.0,1.55,1
V5506,90.52,1.467,11.97,33.0,2060.0,98.3,68659.0,6.02,0
V5507,87.12,2.648,13.2,28.2,2710.0,79.1,92008.0,1.47,0
V5508,90.26,,12.69,34.8,2515.0,73.6,3400.0,0.1,0
V5509,84.44,0.531,12.0,10.2,1666.0,83.2,64993.0,1.82,0
V5510,75.5,5.364,13.75,61.3,2789.0,100.0,24860.0,1.3,0
V5511,93.46,2.902,13.2,44.9,2035.0,70.8,54741.0,9.59,0
V5512,85.3,6.714,10.65,90.9,1664.0,60.5,6525.0,2.6,1
V5513,77.52,2.457,12.58,13.7,2184.0,79.8,162558.0,1.07,0
V5514,83.58,0.413,13.63,13.9,1438.0,57.8,95895.0,15.98,0
V5515,92.48,7.796,12.15,89.7,2525.0,60.7,23437.0,1.13,1
V5516,92.52,5.156,12.17,21.4,2772.0,96.4,100723.0,5.76,1
V5517,87.75,1.714,13.45,10.2,1699.0,94.4,101389.0,4.19,0
V5518,87.79,4.706,12.9,26.1,2116.0,84.8,27833.0,2.48,0
V5519,77.82,0.951,13.74,84.1,2636.0,80.8,132089.0,2.08,0
V5520,88.87,3.225,10.89,82.2,1535.0,56.7,169473.0,8.23,1
V5521,93.59,1.509,12.66,40.6,1589.0,62.9,11020.0,2.58,0
V5522,88.97,0.925,13.01,70.1,2081.0,94.8,3105.0,1.88,0
V5523,114.04,3.997,12.68,55.7,2061.0,67.4,18099.0,1.75,1
V5524,101.8,1.93,11.62,91.4,2224.0,63.0,30198.0,1.29,1
V5525,94.15,5.267,13.06,15.1,2147.0,72.2,4377.0,2.1,0
V5526,73.9,0.492,12.52,83.2,1535.0,83.7,6822.0,0.51,0
V5527,105.91,2.188,10.33,25.4,1392.0,71.9,160419.0,0.27,1
V5528,84.58,1.597,13.58,45.2,1541.0,72.3,60154.0,3.12,0
V5529,80.59,2.042,13.64,27.3,2451.0,42.3,93553.0,2.42,0
V5530,86.34,1.184,13.62,73.2,2676.0,73.9,159561.0,0.76,0
V5531,102.23,7.05,12.45,71.0,2156.0,90.0,21377.0,0.45,1
V5532,89.01,1.779,13.27,59.3,2555.0,74.0,52394.0,0.62,0
V5533,77.97,3.022,13.26,72.8,1896.0,100.0,9152.0,1.51,0
V5534,90.94,5.013,13.08,67.6,2016.0,64.2,36100.0,2.4,0
V5535,79.9,6.164,13.34,79.9,2662.0,67.7,10601.0,0.86,0
V5536,86.73,1.627,12.97,31.5,2433.0,64.9,7869.0,5.64,0
V5537,82.57,2.216,13.34,48.6,2288.0,64.5,4663.0,0.86,0
V5538,99.91,4.238,12.91,23.6,2126.0,83.1,39009.0,0.53,1
V5539,91.13,1.67,12.25,48.7,1621.0,70.9,134674.0,20.0,0
V5540,76.68,0.873,13.66,73.2,2243.0,100.0,5866.0,2.37,0
V5541,111.48,7.976,10.71,72.2,2355.0,78.7,31400.0,0.75,1
V5542,70.43,0.873,13.87,73.8,3304.0,61.9,52280.0,9.0,0
V5543,97.75,5.293,12.42,37.8,2161.0,60.1,30821.0,1.05,1
V5544,100.7,5.136,11.54,69.6,2015.0,100.0,109254.0,10.39,1
V5545,89.67,2.483,13.0,43.1,2341.0,78.3,8184.0,0.51,0
V5546,84.2,1.117,11.88,95.0,2924.0,94.6,1101.0,7.38,0
V5547,84.54,0.295,12.77,40.9,2376.0,76.0,21738.0,0.81,0
V5548,88.28,4.125,13.21,64.3,2110.0,75.2,36485.0,11.14,0
V5549,83.15,1.104,13.51,77.5,1807.0,95.1,13217.0,3.42,0
V5550,96.15,2.992,13.04,91.6,1784.0,80.6,8300.0,0.84,0
V5551,91.71,3.108,13.27,49.4,2591.0,80.4,73527.0,7.45,0
V5552,105.93,3.601,10.38,42.4,2056.0,68.9,9403.0,1.98,1
V5553,77.27,2.505,12.99,48.7,3203.0,88.1,26308.0,5.28,0
V5554,84.36,2.834,12.65,39.1,2242.0,73.9,139033.0,4.13,0
V5555,82.6,2.356,13.17,68.9,2444.0,66.7,42686.0,5.01,0
V5556,76.96,1.009,13.83,93.9,1923.0,100.0,30987.0,1.68,0
V5557,101.22,3.154,11.8,21.3,1789.0,70.5,20101.0,11.18,1
V5558,80.7,1.192,12.18,60.5,2582.0,63.1,33065.0,3.28,0
V5559,,1.52,13.12,90.8,2798.0,92.1,59644.0,0.32,0
V5560,85.91,8.58,12.49,19.0,1703.0,85.2,77802.0,0.28,1
V5561,98.75,0.717,12.45,54.4,1833.0,65.1,47222.0,5.36,0
V5562,77.83,5.7,13.75,87.9,1871.0,73.8,70297.0,7.59,0
V5563,107.35,8.619,11.07,91.0,2538.0,85.0,4166.0,4.75,1
V5564,91.33,1.229,12.54,56.3,2381.0,78.2,652.0,1.3,0
V5565,89.27,10.989,10.05,12.2,2150.0,86.8,59661.0,1.02,1
V5566,100.95,3.901,11.27,19.5,1810.0,74.9,13653.0,3.33,1
V5567,75.17,1.613,14.09,62.8,3004.0,87.3,94550.0,0.88,0
V5568,112.78,6.298,11.67,21.1,2689.0,70.4,34540.0,1.91,1
V5569,85.11,2.422,12.56,23.4,1202.0,65.3,29299.0,3.96,0
V5570,80.23,2.164,13.31,79.5,2628.0,90.8,66690.0,1.34,0
V5571,82.61,1.178,13.48,77.6,2056.0,79.4,60808.0,1.88,0
V5572,91.47,1.269,13.7,85.8,1899.0,85.3,54825.0,1.79,0
V5573,80.32,2.222,12.26,19.5,2583.0,93.4,52689.0,2.47,0
V5574,79.01,5.195,13.93,27.8,2375.0,66.4,32599.0,4.49,0
V5575,95.25,3.236,12.7,85.0,2244.0,83.0,117456.0,6.1,1
V5576,75.58,1.917,14.05,74.9,1750.0,100.0,99591.0,4.38,0
V5577,99.56,0.589,13.09,82.5,2707.0,72.6,17982.0,0.11,0
V5578,80.47,1.125,13.35,99.1,1582.0,56.9,73494.0,9.09,0
V5579,91.65,3.308,12.43,87.8,2587.0,87.3,99783.0,3.48,0
V5580,99.24,3.18,12.58,56.8,2245.0,50.0,43335.0,10.12,1
V5581,77.12,4.332,12.35,38.0,2182.0,58.5,36494.0,13.28,0
V5582,84.95,0.943,13.16,61.3,1924.0,75.1,50148.0,2.52,0
V5583,108.54,5.354,10.59,67.5,2282.0,74.6,8010.0,9.93,1
V5584,83.49,0.333,12.95,40.2,1512.0,77.8,4113.0,1.82,0
V5585,104.41,7.535,11.61,79.4,2817.0,100.0,77204.0,1.21,1
V5586,102.44,6.862,10.85,18.3,1999.0,76.3,38328.0,0.31,1
V5587,92.35,0.605,13.66,80.1,1855.0,66.3,5881.0,2.4,0
V5588,96.89,3.5,11.17,12.9,2102.0,65.4,24228.0,4.67,1
V5589,76.36,1.512,13.08,54.8,2013.0,68.2,15937.0,15.06,0
V5590,81.45,3.896,12.44,87.5,2822.0,56.8,93747.0,2.95,1
V5591,86.57,6.984,13.07,17.8,1333.0,83.4,31846.0,5.3,0
V5592,95.35,3.594,11.68,56.6,2163.0,79.5,38772.0,9.06,1
V5593,67.63,0.991,13.08,24.3,2991.0,82.0,12072.0,3.13,0
V5594,84.94,0.377,12.8,90.5,2234.0,87.0,72214.0,0.73,0
V5595,86.26,1.036,12.4,84.9,2294.0,84.3,119732.0,7.54,0
V5596,82.78,5.183,14.24,94.1,2186.0,54.3,70767.0,3.41,0
V5597,113.66,5.502,10.95,88.7,1875.0,70.8,30553.0,5.68,1
V5598,88.37,2.406,12.09,76.3,2470.0,71.4,81106.0,4.3,0
V5599,111.21,,11.45,26.6,2104.0,95.7,9369.0,0.25,1
V5600,83.27,4.645,13.21,37.2,2270.0,97.0,5417.0,0.74,0
V5601,,3.029,12.88,54.7,2475.0,68.6,25949.0,1.35,0
V5602,98.08,1.424,12.97,63.0,2421.0,60.1,9015.0,1.34,0
V5603,95.49,0.864,12.9,80.4,2248.0,77.4,13499.0,7.31,0
V5604,76.26,1.921,13.26,30.4,2649.0,70.2,39589.0,3.65,0
V5605,91.3,3.453,11.67,21.5,2706.0,73.7,23281.0,0.35,1
V5606,98.95,6.939,11.64,53.4,2592.0,93.2,90405.0,1.96,1
V5607,88.91,2.241,14.55,24.2,2728.0,79.0,11506.0,3.25,0
V5608,90.49,1.134,13.62,72.4,2878.0,67.8,258377.0,1.16,0
V5609,78.29,0.162,13.0,61.8,1597.0,65.1,20040.0,0.16,0
V5610,147.9,4.056,11.77,76.7,3579.0,53.5,32600.0,1.91,1
V5611,68.84,1.163,13.07,15.7,2278.0,83.4,6388.0,2.47,0
V5612,105.88,4.336,11.96,96.8,2078.0,79.2,38962.0,9.41,1
V5613,80.9,1.811,13.49,10.0,2284.0,83.5,146319.0,9.56,0
V5614,85.45,6.203,11.89,39.3,1462.0,74.7,62275.0,2.78,0
V5615,82.52,2.05,13.07,71.2,2317.0,59.2,12590.0,2.55,0
V5616,111.31,4.968,10.99,14.1,1803.0,75.8,26302.0,4.09,1
V5617,62.3,1.486,13.9,17.5,2236.0,92.1,24936.0,1.19,0
V5618,84.87,0.944,13.07,16.9,2272.0,75.9,4639.0,1.35,0
V5619,100.97,5.46,10.71,62.3,1904.0,99.6,97661.0,0.1,1
V5620,81.37,1.094,13.22,90.6,1298.0,78.8,21617.0,0.33,0
V5621,103.31,5.932,10.27,60.0,2337.0,100.0,30678.0,0.79,1
V5622,77.9,0.673,13.27,64.3,2199.0,100.0,15491.0,4.09,0
V5623,,2.596,14.55,41.1,2296.0,61.5,7440.0,0.96,0
V5624,99.18,2.926,12.57,11.7,1989.0,65.3,104576.0,0.53,1
V5625,95.09,5.421,13.16,11.9,1872.0,68.1,1715.0,3.83,0
V5626,79.66,2.791,12.6,89.9,2092.0,49.4,22978.0,4.22,0
V5627,79.14,1.834,13.76,19.2,2270.0,82.0,59036.0,0.25,0
V5628,93.77,3.602,13.38,100.0,2537.0,81.5,16623.0,5.93,0
V5629,103.37,3.391,12.0,24.8,1795.0,77.9,26579.0,3.73,1
V5630,72.64,3.047,12.68,70.7,2596.0,56.6,37404.0,2.02,0
V5631,96.42,6.603,10.45,95.4,2527.0,98.8,239165.0,16.34,1
V5632,105.56,6.052,12.29,42.6,2460.0,46.8,63903.0,0.1,1
V5633,100.98,5.54,11.91,76.1,3115.0,55.2,153664.0,3.15,1
V5634,79.57,2.957,13.1,41.6,1320.0,88.3,53162.0,0.7,0
V5635,61.69,1.541,13.56,37.4,3175.0,79.7,14104.0,1.6,0
V5636,89.19,2.279,12.73,28.2,1873.0,65.8,15253.0,0.57,0
V5637,75.24,1.22,13.39,83.9,2321.0,75.8,77786.0,4.41,0
V5638,68.86,1.008,13.73,33.2,2222.0,76.9,25115.0,2.05,0
V5639,79.55,3.094,12.44,35.5,1531.0,92.7,20808.0,17.16,1
V5640,91.51,1.757,13.42,99.9,2465.0,56.8,130596.0,4.24,0
V5641,86.03,2.69,13.24,39.5,2632.0,79.4,599.0,9.97,0
V5642,83.19,4.863,13.01,48.0,2411.0,91.2,33497.0,1.1,0
V5643,109.45,7.117,12.3,99.1,1462.0,60.0,67140.0,1.54,1
V5644,105.66,5.15,12.95,43.2,1580.0,74.2,59960.0,1.8,1
V5645,97.93,4.46,13.51,43.0,1851.0,74.1,20619.0,7.29,0
V5646,73.86,2.065,12.88,84.5,2836.0,50.8,34520.0,0.95,0
V5647,84.72,2.989,12.9,38.1,2248.0,79.4,500.0,11.73,0
V5648,72.07,1.546,12.92,31.0,1200.0,80.3,34441.0,0.18,0
V5649,83.16,2.025,13.57,48.1,3232.0,97.4,40166.0,8.82,0
V5650,96.21,85.575,11.56,73.1,2950.0,74.7,93500.0,2.4,1
V5651,90.01,0.455,,13.9,1657.0,81.6,10650.0,2.99,0
V5652,85.36,,13.28,43.7,1995.0,97.1,78471.0,20.0,0
V5653,89.99,0.611,,41.2,2057.0,65.4,56974.0,8.16,0
V5654,90.63,2.549,13.89,32.0,2462.0,57.3,49352.0,9.37,0
V5655,111.42,6.29,10.11,68.9,2299.0,76.8,22568.0,3.52,1
V5656,82.48,4.449,13.12,36.1,1859.0,72.0,20609.0,12.53,0
V5657,77.47,3.011,12.76,64.6,2856.0,73.6,54671.0,4.66,0
V5658,99.38,3.339,12.12,55.4,3072.0,,208249.0,6.84,1
V5659,78.58,0.982,12.83,29.5,2175.0,62.4,23390.0,5.11,0
V5660,96.86,2.226,12.65,34.0,1913.0,89.0,112877.0,6.07,0
V5661,82.73,1.312,13.56,25.4,2998.0,74.7,39744.0,4.06,0
V5662,80.48,0.559,13.77,15.1,1103.0,100.0,91179.0,5.18,0
V5663,92.31,3.269,11.42,65.7,1753.0,59.4,11019.0,2.29,1
V5664,,1.537,12.95,70.6,2690.0,100.0,64641.0,4.91,0
V5665,83.74,4.824,13.76,24.9,2896.0,79.4,81066.0,1.3,0
V5666,79.87,0.397,13.7,65.4,2040.0,75.3,80316.0,4.03,0
V5667,98.32,0.696,13.62,98.4,3340.0,58.5,69110.0,2.97,0
V5668,78.15,,12.76,16.7,978.0,65.1,16321.0,9.15,0
V5669,94.65,5.182,10.72,54.1,2747.0,93.9,33212.0,4.47,1
V5670,,2.683,12.91,76.0,2243.0,35.0,16031.0,3.63,1
V5671,71.95,25.155,,14.1,1957.0,48.1,18901.0,1.5,0
V5672,88.84,0.549,12.56,80.0,2639.0,50.8,16129.0,7.95,0
V5673,76.56,1.335,,98.2,2005.0,92.6,15048.0,0.22,0
V5674,106.81,3.215,11.45,18.0,1656.0,85.2,53203.0,9.2,1
V5675,77.3,3.25,12.94,84.0,2258.0,59.8,47276.0,4.23,0
V5676,98.34,2.599,11.53,44.1,2173.0,,10282.0,0.84,1
V5677,93.85,2.408,13.74,23.0,1810.0,76.9,52924.0,9.33,0
V5678,106.04,3.482,12.51,54.4,1913.0,90.3,15480.0,1.58,1
V5679,87.01,4.422,14.35,16.4,1993.0,59.8,10138.0,0.74,0
V5680,83.15,1.349,13.77,57.0,1387.0,77.0,61891.0,1.54,0
V5681,80.39,0.562,13.08,11.7,1355.0,69.8,20285.0,12.98,0
V5682,96.77,1.141,13.85,75.6,2667.0,73.5,37911.0,5.59,0
V5683,79.4,0.308,13.21,53.9,1488.0,61.6,10048.0,9.95,0
V5684,76.7,0.395,14.45,51.3,2191.0,78.1,42801.0,1.42,0
V5685,90.32,2.781,12.81,27.7,1265.0,,10493.0,0.34,0
V5686,78.63,2.558,13.27,42.5,2953.0,76.4,8216.0,3.31,0
V5687,77.4,2.892,12.64,26.4,2065.0,98.4,21988.0,2.64,0
V5688,86.69,2.853,11.43,76.2,2759.0,90.7,70242.0,5.1,1
V5689,,0.874,12.8,27.9,3257.0,95.8,8741.0,3.13,0
V5690,95.64,9.911,,65.5,1556.0,79.7,5601.0,2.02,1
V5691,86.94,2.201,13.12,35.2,1860.0,92.0,1447.0,0.1,0
V5692,103.76,3.712,10.61,69.1,2636.0,48.0,24201.0,2.52,1
V5693,101.0,6.933,11.21,58.6,1884.0,49.6,14909.0,0.51,1
V5694,83.47,4.762,12.42,48.1,2345.0,59.9,15546.0,10.2,0
V5695,88.44,5.875,11.21,70.6,2251.0,61.0,180637.0,10.19,1
V5696,89.08,1.741,13.69,47.4,1029.0,90.7,9712.0,6.51,0
V5697,95.18,0.99,12.19,83.9,2672.0,52.4,27597.0,0.69,0
V5698,95.51,4.548,9.99,75.7,2131.0,54.6,193291.0,0.64,1
V5699,,4.324,12.0,58.7,1603.0,73.2,1399.0,3.31,0
V5700,77.06,1.1,12.77,88.9,2973.0,77.1,53680.0,5.2,0
V5701,73.44,0.664,11.99,84.6,1849.0,88.1,20869.0,9.4,0
V5702,105.17,4.95,11.32,57.9,1821.0,71.0,106447.0,8.98,1
V5703,105.77,5.997,11.16,16.2,1300.0,72.3,109339.0,0.68,1
V5704,89.62,1.136,13.19,60.9,2498.0,88.3,22038.0,20.0,0
V5705,83.97,1.225,12.45,42.0,2221.0,61.5,11265.0,0.68,0
V5706,96.26,0.232,13.22,58.6,1331.0,76.8,25138.0,7.33,0
V5707,94.74,2.781,11.25,68.2,2323.0,83.5,151254.0,3.54,1
V5708,92.64,4.054,13.32,68.0,2614.0,69.4,14870.0,4.54,0
V5709,84.69,0.885,12.38,70.6,2431.0,87.9,179108.0,3.71,0
V5710,103.5,11.502,12.81,71.1,2862.0,62.1,77014.0,8.15,1
V5711,89.74,1.952,12.32,19.8,1898.0,98.4,14005.0,4.05,0
V5712,88.28,0.515,12.62,27.3,3084.0,70.3,70459.0,7.55,0
V5713,87.86,2.351,13.31,66.7,2202.0,68.4,2299.0,0.67,0
V5714,94.85,4.487,11.31,46.7,2600.0,53.1,35740.0,8.06,1
V5715,92.61,6.56,12.33,78.7,2839.0,58.2,19897.0,19.82,1
V5716,104.11,4.52,12.81,21.2,3525.0,62.8,25054.0,4.33,0
V5717,104.57,7.584,,27.2,1659.0,58.1,28813.0,14.98,1
V5718,104.59,4.631,10.24,60.3,1830.0,57.3,31436.0,0.99,1
V5719,85.89,1.396,14.07,55.1,2295.0,75.7,48074.0,7.07,0
V5720,104.21,3.287,11.03,34.0,2015.0,84.0,53698.0,0.74,1
V5721,94.72,6.064,12.22,46.8,1799.0,79.2,167285.0,2.9,1
V5722,85.21,0.967,14.08,13.1,1438.0,27.0,64744.0,4.36,0
V5723,82.57,1.435,12.7,13.3,2263.0,59.4,52385.0,4.32,0
V5724,84.35,1.0,13.01,18.5,2598.0,92.1,22425.0,4.45,0
V5725,59.64,1.107,12.38,61.9,2376.0,54.8,5641.0,1.55,0
V5726,86.68,3.033,12.21,87.7,1385.0,73.2,2726.0,14.56,0
V5727,81.09,1.051,14.13,33.4,1397.0,58.6,29227.0,0.1,0
V5728,97.74,3.073,14.14,13.1,2231.0,94.6,49653.0,3.88,0
V5729,92.71,,,73.8,2081.0,63.1,47263.0,8.04,1
V5730,75.49,1.264,13.59,87.0,2041.0,85.3,137460.0,8.87,0
V5731,98.12,3.324,12.04,22.4,2061.0,64.1,21688.0,5.09,1
V5732,76.63,3.901,12.56,44.7,1951.0,38.6,44473.0,3.42,0
V5733,103.08,5.292,11.73,24.3,2274.0,82.1,98466.0,2.45,1
V5734,95.48,3.527,10.75,19.6,2751.0,46.2,23294.0,2.39,1
V5735,108.09,3.237,9.71,68.3,1733.0,61.3,29232.0,2.21,1
V5736,78.67,2.615,13.67,97.1,2426.0,100.0,115362.0,4.81,0
V5737,85.27,0.449,13.33,71.0,2241.0,100.0,35957.0,5.26,0
V5738,74.08,5.806,12.21,98.6,1308.0,75.3,72337.0,2.89,0
V5739,90.61,3.683,12.78,49.1,1872.0,61.6,123436.0,5.4,0
V5740,89.15,1.982,13.63,90.8,2205.0,75.4,38090.0,3.01,0
V5741,88.97,5.611,13.08,28.5,3282.0,55.3,5203.0,0.41,0
V5742,85.01,5.006,11.98,20.6,1837.0,68.7,77593.0,7.63,0
V5743,88.32,1.688,12.27,73.2,1895.0,99.0,76615.0,8.18,0
V5744,97.83,1.587,14.11,43.4,2407.0,78.1,5497.0,1.24,0
V5745,82.72,1.637,13.04,38.6,2143.0,53.7,35745.0,6.18,0
V5746,86.11,2.936,13.64,70.4,1569.0,81.1,30044.0,2.86,0
V5747,76.31,2.773,14.1,40.0,1332.0,49.3,84527.0,0.53,0
V5748,78.05,0.306,12.72,61.5,1269.0,46.8,14448.0,2.03,0
V5749,85.78,2.638,13.21,37.0,2625.0,86.5,25002.0,0.32,0
V5750,153.82999999999998,2.626,11.82,80.5,1685.0,63.5,41775.0,6.18,0
V5751,,1.651,12.64,38.1,3385.0,98.6,32771.0,0.87,0
V5752,96.51,4.204,11.72,58.1,1936.0,59.2,139583.0,0.72,1
V5753,81.74,0.38,12.88,12.1,2586.0,93.4,145595.0,0.94,0
V5754,80.72,0.645,13.27,81.3,1619.0,99.6,3829.0,1.03,0
V5755,87.36,0.966,13.56,65.8,2295.0,77.3,15912.0,4.48,0
V5756,73.02,2.964,13.34,27.3,2907.0,70.5,500.0,4.07,0
V5757,104.98,7.017,11.92,29.4,2025.0,66.0,24347.0,0.55,1
V5758,96.93,5.156,11.77,33.6,1657.0,66.9,48830.0,5.16,1
V5759,94.93,3.828,10.42,61.9,2014.0,51.0,28679.0,1.72,1
V5760,74.84,3.286,12.45,59.3,2092.0,84.6,3130.0,2.45,0
V5761,90.35,0.106,13.81,34.6,1707.0,84.1,9815.0,0.53,0
V5762,90.38,,13.48,72.5,3026.0,71.6,8564.0,4.93,0
V5763,88.07,1.781,12.53,90.0,2209.0,75.4,32204.0,1.89,0
V5764,94.81,8.272,11.31,13.9,2840.0,68.2,50949.0,4.0,1
V5765,87.0,3.138,12.16,47.5,2737.0,56.8,17112.0,2.23,0
V5766,75.54,1.025,12.71,63.4,3051.0,55.4,6291.0,0.2,0
V5767,82.98,2.367,13.32,62.8,1570.0,66.5,72110.0,4.86,0
V5768,93.24,1.105,13.16,11.8,2522.0,69.1,87952.0,3.22,0
V5769,110.6,4.729,11.3,29.0,1948.0,92.3,14564.0,2.28,1
V5770,85.12,6.275,12.47,15.6,2129.0,85.0,24571.0,0.9,0
V5771,77.2,2.761,12.35,61.2,1660.0,98.1,3847.0,3.92,0
V5772,105.49,4.221,12.06,68.1,3363.0,85.4,11627.0,1.29,1
V5773,85.16,3.686,14.02,24.4,1832.0,51.2,65552.0,2.24,0
V5774,66.44,0.936,13.33,40.0,2526.0,52.7,20450.0,0.23,0
V5775,106.11,7.237,11.37,39.7,1557.0,59.1,41764.0,6.0,1
V5776,84.81,0.789,13.74,83.8,2073.0,69.7,131499.0,0.38,0
V5777,113.97,8.256,12.19,27.5,2730.0,63.4,57872.0,8.86,1
V5778,76.24,1.295,13.63,59.3,2374.0,85.4,27186.0,8.09,0
V5779,59.59,2.969,12.64,80.5,1729.0,92.7,20569.0,14.17,0
V5780,99.66,6.233,11.84,84.7,1842.0,56.9,9512.0,9.56,1
V5781,87.33,2.345,12.8,70.0,2281.0,50.4,63502.0,14.22,0
V5782,71.47,1.42,12.94,37.0,2191.0,99.7,5367.0,8.73,0
V5783,77.17,2.412,13.55,84.1,1543.0,78.5,2851.0,0.48,0
V5784,116.78,5.52,10.55,76.8,2009.0,67.0,4983.0,2.3,1
V5785,82.56,2.03,12.64,73.4,2127.0,98.7,12522.0,0.32,0
V5786,90.85,0.45,13.13,16.1,2484.0,,44393.0,3.15,0
V5787,,5.255,11.75,13.9,2707.0,66.1,88905.0,3.02,1
V5788,68.28,2.294,11.98,72.6,2536.0,88.1,220919.0,10.21,0
V5789,83.64,0.335,12.53,95.0,2370.0,92.3,59168.0,13.99,0
V5790,92.23,5.182,10.6,79.6,2381.0,87.6,7101.0,1.2,1
V5791,81.8,0.202,12.58,84.8,2439.0,94.0,14639.0,3.49,0
V5792,84.08,2.064,12.74,59.0,2678.0,60.8,6370.0,2.5,0
V5793,87.11,2.906,,37.4,3046.0,75.4,5526.0,3.17,0
V5794,90.77,1.935,9.64,71.0,1714.0,99.7,37742.0,3.03,1
V5795,74.89,1.069,13.39,74.1,1976.0,69.2,106748.0,9.82,0
V5796,88.89,1.432,12.69,70.8,2705.0,65.3,51887.0,9.06,0
V5797,69.41,1.064,12.8,95.2,1702.0,76.7,72571.0,0.52,0
V5798,68.6,0.902,13.58,43.0,1552.0,51.3,31926.0,1.69,0
V5799,104.56,,12.13,13.6,1879.0,79.9,29024.0,5.59,1
V5800,89.06,1.034,12.61,91.8,2237.0,50.0,124755.0,4.61,0
V5801,84.54,0.466,12.6,24.4,1961.0,94.0,57600.0,3.99,0
V5802,73.84,4.385,12.79,72.8,2385.0,50.7,27674.0,20.0,0
V5803,79.34,4.924,12.6,88.6,2058.0,87.7,18195.0,1.64,0
V5804,95.67,4.654,10.74,37.9,2027.0,64.1,4399.0,2.9,1
V5805,82.66,6.258,12.35,84.7,1365.0,59.1,77412.0,15.48,1
V5806,79.09,0.959,12.6,39.9,2499.0,75.4,8348.0,4.76,0
V5807,90.22,2.887,13.06,81.5,2506.0,79.5,32564.0,4.18,0
V5808,96.42,2.833,14.03,16.3,2106.0,76.4,45635.0,0.67,0
V5809,91.44,4.176,10.9,69.0,2274.0,80.1,61330.0,1.13,1
V5810,96.08,4.939,,70.9,2273.0,85.4,3916.0,1.9,1
V5811,69.69,1.953,12.84,54.2,2726.0,44.8,500.0,2.5,0
V5812,90.28,2.369,13.08,71.8,2311.0,77.0,55089.0,2.75,0
V5813,87.95,4.395,11.66,93.1,1532.0,54.5,27263.0,9.3,1
V5814,87.46,0.853,12.66,76.0,3154.0,56.0,8993.0,0.45,0
V5815,83.02,4.721,12.01,96.5,2844.0,58.5,180851.0,1.14,0
V5816,,,11.78,50.4,2225.0,45.4,70520.0,0.62,1
V5817,78.0,3.37,12.46,57.5,2277.0,74.8,38878.0,5.32,0
V5818,90.02,1.24,13.88,33.7,2345.0,48.5,54496.0,14.1,0
V5819,82.76,2.756,12.78,98.7,1815.0,81.1,7580.0,8.98,0
V5820,97.49,5.109,10.54,15.0,2757.0,97.8,147425.0,5.14,1
V5821,83.53,0.937,12.72,42.3,2705.0,98.5,252797.0,0.1,0
V5822,78.23,1.976,13.09,36.8,2157.0,58.6,47043.0,1.7,0
V5823,84.89,1.539,12.48,44.8,2536.0,57.2,49660.0,7.97,0
V5824,95.05,4.154,10.72,92.6,2722.0,86.7,54853.0,4.23,1
V5825,101.66,5.695,12.75,43.1,2314.0,75.9,49319.0,0.94,1
V5826,85.68,1.806,12.39,92.5,1685.0,73.9,25975.0,2.51,0
V5827,91.38,3.638,13.33,48.1,2543.0,55.4,35010.0,0.37,0
V5828,92.39,2.948,13.5,86.9,2228.0,76.8,14953.0,2.94,0
V5829,76.6,2.142,13.4,57.0,1653.0,88.0,26646.0,9.25,0
V5830,91.95,3.946,13.14,38.0,2717.0,,25780.0,0.16,0
V5831,75.51,3.734,11.92,50.4,2318.0,82.0,15294.0,3.81,0
V5832,89.7,2.145,12.27,48.2,2085.0,77.4,69529.0,1.06,0
V5833,89.96,2.268,12.19,33.4,3236.0,65.2,23718.0,18.58,0
V5834,69.71,3.975,12.77,36.1,1927.0,74.2,36105.0,0.27,0
V5835,100.28,3.53,11.56,26.8,1729.0,59.3,7637.0,3.84,1
V5836,81.25,4.688,12.29,40.2,2278.0,87.8,28993.0,1.18,0
V5837,94.31,4.193,11.23,66.2,2122.0,59.6,64494.0,8.56,1
V5838,95.81,0.722,13.41,44.8,1921.0,66.0,26457.0,0.52,0
V5839,89.35,3.119,11.68,74.1,2904.0,88.5,36714.0,2.24,1
V5840,78.55,0.308,12.51,98.8,1639.0,67.1,54435.0,0.82,0
V5841,85.61,1.048,13.71,43.9,2355.0,61.0,22168.0,6.43,0
V5842,90.48,3.057,12.44,51.6,2244.0,77.8,19613.0,1.73,0
V5843,101.48,3.872,11.54,24.8,2194.0,100.0,4034.0,0.83,1
V5844,94.33,0.93,13.74,45.3,2778.0,92.5,39282.0,5.18,0
V5845,89.25,1.265,12.29,75.4,3227.0,84.2,55235.0,6.8,0
V5846,67.57,2.441,12.34,29.6,2200.0,89.9,39172.0,2.48,0
V5847,80.76,1.319,12.86,26.4,2644.0,82.7,15004.0,1.9,0
V5848,80.51,1.645,13.04,43.9,2220.0,78.4,13692.0,4.0,0
V5849,88.83,0.481,12.62,83.7,2239.0,88.7,7818.0,4.22,0
V5850,64.0,4.319,14.18,66.1,2426.0,80.2,2166.0,4.32,0
V5851,120.97,8.864,11.96,96.2,2284.0,74.2,25050.0,1.29,1
V5852,89.25,0.975,12.52,91.4,1744.0,77.8,7874.0,11.34,0
V5853,86.19,1.495,12.18,23.6,2866.0,80.0,52819.0,0.96,0
V5854,94.45,0.266,12.96,13.8,2425.0,79.6,146843.0,1.87,0
V5855,163.75,4.079,13.26,45.9,2177.0,80.5,3434.0,1.33,0
V5856,151.97,0.63,14.1,57.0,1887.0,60.2,100553.0,10.7,0
V5857,92.59,1.908,13.05,56.4,2346.0,71.9,48245.0,7.05,0
V5858,94.97,1.458,11.69,22.1,2078.0,56.0,88565.0,6.67,1
V5859,83.87,1.942,12.41,21.2,2291.0,78.9,7577.0,0.1,0
V5860,81.19,3.56,13.22,14.2,2106.0,80.2,106632.0,4.63,0
V5861,96.03,5.889,11.71,86.6,1784.0,94.8,142517.0,1.05,1
V5862,79.5,3.089,11.93,95.3,3005.0,79.5,106744.0,13.74,0
V5863,74.2,0.563,13.04,20.4,1728.0,69.4,69275.0,3.03,0
V5864,93.34,5.079,9.74,29.2,1810.0,68.7,4259.0,3.33,1
V5865,71.52,6.768,12.19,18.1,2539.0,84.7,11223.0,1.76,0
V5866,96.59,5.069,12.55,89.0,2355.0,64.8,109953.0,3.08,1
V5867,84.71,1.997,13.53,96.3,2530.0,77.3,11728.0,5.54,0
V5868,86.18,1.597,12.64,33.6,2452.0,89.3,19227.0,3.3,0
V5869,80.82,2.18,12.9,37.3,1823.0,100.0,2331.0,4.1,0
V5870,109.61,,12.81,42.6,2535.0,92.3,44510.0,2.56,0
V5871,95.88,6.007,12.32,55.2,1878.0,67.1,37283.0,5.04,0
V5872,89.89,5.445,11.59,71.4,2727.0,63.8,146888.0,9.19,1
V5873,86.86,1.765,13.47,55.4,1701.0,84.5,100297.0,0.21,0
V5874,95.25,2.949,10.67,95.6,1804.0,71.8,31730.0,0.45,1
V5875,76.88,1.044,13.28,19.0,1818.0,52.8,42296.0,4.63,0
V5876,74.28,1.914,12.67,81.9,2355.0,100.0,23988.0,1.9,0
V5877,98.25,3.81,10.66,40.1,2174.0,77.6,6394.0,1.32,1
V5878,79.55,3.141,13.72,44.0,2257.0,93.7,91052.0,0.79,0
V5879,92.74,1.809,11.72,73.8,2141.0,70.0,35887.0,3.4,0
V5880,92.95,2.157,14.07,93.6,2173.0,74.5,24933.0,1.71,0
V5881,109.08,4.381,12.18,74.5,1959.0,77.3,3191.0,2.84,1
V5882,78.18,2.523,13.11,79.8,1444.0,70.9,49265.0,12.73,0
V5883,99.03,5.248,10.79,77.6,1502.0,63.6,22962.0,5.68,1
V5884,98.31,8.883,12.72,38.9,1799.0,100.0,13168.0,6.36,1
V5885,81.21,1.582,13.12,78.1,2039.0,80.3,94211.0,0.53,0
V5886,78.83,0.851,13.11,80.6,2932.0,51.3,9130.0,1.57,0
V5887,114.23,5.471,11.97,58.0,1690.0,76.5,32564.0,0.45,1
V5888,86.82,0.662,13.04,58.3,1654.0,53.4,71480.0,13.83,0
V5889,90.09,1.545,13.16,78.4,1290.0,62.3,85094.0,4.59,0
V5890,78.42,0.501,12.82,83.5,2451.0,76.6,76843.0,0.1,0
V5891,87.49,13.856,13.02,40.3,2093.0,83.1,102123.0,2.58,1
V5892,94.99,5.516,11.73,82.1,1553.0,37.2,6911.0,1.22,1
V5893,100.89,6.789,10.97,83.3,2186.0,100.0,126949.0,3.11,1
V5894,91.83,8.178,10.75,31.1,1908.0,65.1,500.0,0.79,1
V5895,100.93,5.443,12.23,74.5,2848.0,71.6,13301.0,0.23,1
V5896,71.49,2.347,12.57,26.8,1865.0,98.0,3950.0,1.56,0
V5897,87.78,5.725,11.54,18.4,3049.0,100.0,130957.0,1.4,1
V5898,90.37,4.594,13.84,61.7,2286.0,65.7,24819.0,5.05,0
V5899,89.83,4.799,13.1,91.8,2003.0,90.9,17043.0,2.57,0
V5900,94.05,2.483,11.13,13.2,2072.0,77.4,8227.0,1.38,1
V5901,76.86,1.771,11.34,84.4,2347.0,100.0,7622.0,3.38,0
V5902,76.78,2.101,13.37,55.6,2066.0,64.9,42828.0,0.3,0
V5903,89.41,6.807,11.64,87.5,1737.0,99.7,2170.0,4.34,1
V5904,90.16,1.051,13.78,85.9,2515.0,66.2,40600.0,0.64,0
V5905,102.73,2.66,9.97,88.8,2696.0,58.9,67054.0,1.31,1
V5906,81.03,0.612,12.78,79.2,2714.0,70.5,41347.0,1.33,0
V5907,87.18,3.714,10.5,85.9,2120.0,50.4,78841.0,2.51,1
V5908,87.14,1.531,13.75,25.8,2746.0,61.0,13871.0,12.24,0
V5909,145.4,6.854,12.62,37.3,2358.0,70.2,3614.0,1.57,1
V5910,92.15,5.757,11.19,31.8,2054.0,71.2,57443.0,1.32,1
V5911,95.6,3.853,13.78,76.8,1919.0,88.7,79246.0,0.74,0
V5912,91.62,0.825,12.81,23.8,2660.0,87.3,31343.0,1.99,0
V5913,101.91,5.755,12.31,26.4,1359.0,74.5,77320.0,0.8,1
V5914,146.42000000000002,6.159,12.07,89.1,2894.0,48.9,27555.0,0.59,1
V5915,96.28,4.946,12.36,73.5,2263.0,43.0,9959.0,7.79,1
V5916,105.49,4.848,11.89,88.8,1901.0,67.1,28944.0,0.22,1
V5917,92.73,3.572,12.98,22.5,1843.0,62.5,10948.0,4.96,1
V5918,95.81,2.149,12.95,45.9,1978.0,66.1,28742.0,0.91,0
V5919,95.34,3.38,13.18,35.5,2553.0,99.3,7184.0,0.1,0
V5920,108.92,4.87,11.49,10.9,2356.0,65.9,9237.0,6.34,1
V5921,87.44,0.371,13.19,35.6,1971.0,62.0,96518.0,4.85,0
V5922,89.7,0.82,13.18,44.2,1930.0,74.9,5541.0,1.63,0
V5923,111.91,8.653,12.26,18.3,2357.0,67.2,11428.0,0.33,1
V5924,88.58,0.709,13.27,61.0,3572.0,84.0,243366.0,1.79,0
V5925,91.3,4.931,11.81,44.5,3567.0,78.7,38613.0,0.8,1
V5926,81.41,0.356,13.15,14.2,2726.0,100.0,39665.0,10.78,0
V5927,99.36,0.68,11.49,73.4,1813.0,70.6,83886.0,3.02,1
V5928,74.68,2.316,13.33,75.6,2577.0,100.0,33435.0,13.28,0
V5929,83.85,1.99,12.66,85.1,1828.0,85.5,11284.0,1.73,0
V5930,103.01,6.536,10.22,53.7,2086.0,83.0,24705.0,3.25,1
V5931,80.15,4.869,10.92,97.2,2883.0,45.2,63293.0,0.84,1
V5932,97.28,0.851,12.3,92.3,2078.0,42.9,92666.0,6.61,0
V5933,93.98,1.671,12.68,59.6,2059.0,50.9,14360.0,0.17,0
V5934,98.58,2.562,11.74,50.0,1947.0,78.2,13670.0,4.76,1
V5935,100.5,0.754,11.15,10.3,1791.0,86.3,17861.0,1.99,1
V5936,93.7,8.189,11.52,74.0,2069.0,83.0,40809.0,3.45,1
V5937,94.84,2.06,13.31,60.8,2570.0,75.6,14690.0,3.59,0
V5938,92.86,2.34,13.23,94.4,2538.0,88.6,100629.0,4.96,0
V5939,73.8,3.186,12.81,63.5,2347.0,92.9,171768.0,0.91,0
V5940,89.7,3.216,13.75,99.4,2788.0,70.4,51151.0,3.03,0
V5941,83.35,3.456,12.44,86.8,1338.0,83.4,158247.0,2.23,0
V5942,,1.482,13.6,95.8,2226.0,80.8,15276.0,1.33,0
V5943,79.17,1.344,13.09,39.5,1846.0,87.1,75974.0,2.74,0
V5944,113.43,6.299,11.51,23.4,3192.0,79.9,51056.0,12.15,1
V5945,105.38,9.031,12.19,81.7,2072.0,79.0,13744.0,11.89,1
V5946,79.08,0.355,13.33,80.8,2571.0,65.9,17250.0,1.31,0
V5947,74.32,4.087,12.35,29.0,2699.0,78.1,30179.0,8.62,0
V5948,81.91,1.672,13.22,78.8,2013.0,69.9,70583.0,8.37,0
V5949,98.84,4.027,,62.4,2665.0,59.0,92586.0,1.15,1
V5950,86.92,0.107,13.6,19.9,2721.0,79.5,45224.0,3.65,0
V5951,108.7,4.338,11.58,55.2,2595.0,59.7,57538.0,8.16,1
V5952,91.32,1.257,13.39,93.8,1939.0,74.4,13784.0,2.89,0
V5953,92.76,0.174,12.74,55.6,1485.0,69.5,60804.0,1.85,0
V5954,97.26,7.475,11.44,81.0,3269.0,66.6,41797.0,4.21,1
V5955,73.89,2.32,12.85,12.6,2055.0,96.1,11350.0,0.76,0
V5956,105.32,2.979,10.74,75.5,2702.0,99.6,134977.0,0.71,1
V5957,109.26,7.091,12.32,95.2,1968.0,70.5,32364.0,7.15,1
V5958,86.44,6.951,10.63,55.0,3249.0,90.0,71196.0,0.17,1
V5959,89.02,0.596,13.16,40.4,1951.0,51.3,33558.0,6.51,0
V5960,82.45,3.784,12.8,68.2,2250.0,57.3,121595.0,1.37,0
V5961,76.76,0.45,12.86,92.5,3361.0,74.1,6854.0,2.64,0
V5962,95.39,5.351,11.47,25.9,1401.0,59.0,35550.0,3.14,1
V5963,93.78,8.596,11.08,46.3,2803.0,80.6,1146.0,5.83,1
V5964,79.75,3.103,13.27,24.1,2187.0,79.3,9895.0,8.61,0
V5965,97.36,3.634,11.66,54.7,2554.0,74.3,14847.0,6.52,1
V5966,86.43,8.72,11.11,58.6,2026.0,100.0,28792.0,3.4,1
V5967,103.63,5.133,11.92,95.0,3018.0,80.5,77209.0,1.71,1
V5968,82.64,0.875,13.82,47.1,1794.0,83.6,28286.0,2.99,0
V5969,96.62,1.177,14.21,61.0,2219.0,82.3,37066.0,0.12,0
V5970,97.23,1.144,12.84,89.7,2668.0,61.5,115998.0,1.12,0
V5971,84.35,7.332,13.11,38.9,1790.0,100.0,63575.0,1.82,0
V5972,76.93,3.066,13.15,70.7,2264.0,53.9,2318.0,1.54,0
V5973,68.31,3.144,13.4,78.1,1687.0,79.3,8737.0,0.4,0
V5974,73.22,2.784,14.05,39.7,1999.0,86.2,1754.0,0.21,0
V5975,74.01,2.442,13.29,24.8,3512.0,89.8,3220.0,2.18,0
V5976,111.29,4.151,11.46,55.3,2871.0,70.3,18620.0,0.31,1
V5977,95.19,4.377,10.44,42.1,2533.0,86.2,58564.0,1.35,1
V5978,88.12,2.609,14.23,34.0,2385.0,59.3,12608.0,2.58,0
V5979,67.24,6.221,12.71,97.6,1417.0,100.0,22412.0,0.94,0
V5980,89.32,6.763,9.95,55.2,2107.0,72.6,22530.0,0.33,1
V5981,104.58,7.938,9.5,87.1,2661.0,67.5,40156.0,2.26,1
V5982,87.29,0.342,13.2,27.6,1979.0,65.4,100538.0,2.38,0
V5983,83.82,2.522,12.24,94.5,2380.0,79.5,183960.0,9.89,0
V5984,89.52,1.288,13.03,81.5,1698.0,51.3,41755.0,0.55,0
V5985,98.09,0.833,12.1,82.8,1656.0,88.3,31650.0,3.82,0
V5986,90.57,8.374,12.09,45.1,3341.0,66.0,51539.0,1.54,1
V5987,85.55,,13.34,53.7,3265.0,94.6,49622.0,0.53,0
V5988,86.54,3.061,13.11,63.4,2157.0,56.4,33400.0,2.0,0
V5989,117.22,6.108,11.4,81.1,1811.0,77.0,60095.0,2.23,1
V5990,68.21,0.594,13.53,86.4,1729.0,,30413.0,1.81,0
V5991,99.27,6.848,11.84,17.0,2401.0,84.9,253943.0,5.81,1
V5992,84.08,1.516,12.89,91.4,3167.0,67.2,2261.0,7.31,0
V5993,89.53,3.727,12.69,94.4,1851.0,56.5,26351.0,0.64,0
V5994,79.74,0.961,12.84,63.4,2300.0,68.1,22765.0,0.74,0
V5995,84.61,1.308,14.12,26.8,2274.0,92.5,66195.0,2.19,0
V5996,104.79,4.401,12.14,83.7,3033.0,100.0,9528.0,1.54,1
V5997,113.05,4.312,10.81,59.4,2340.0,50.7,25618.0,6.85,1
V5998,105.75,5.057,11.11,83.5,1502.0,63.9,53872.0,20.0,1
V5999,78.22,0.268,12.83,83.3,2576.0,49.0,41594.0,0.8,0
V6000,81.61,0.707,12.52,17.8,2285.0,66.8,35448.0,5.75,0
V6001,97.35,5.518,12.43,64.6,1766.0,65.4,25688.0,3.74,1
V6002,70.63,3.148,12.15,53.5,2730.0,57.1,62746.0,4.14,0
V6003,82.36,2.201,12.93,95.2,2044.0,99.9,46785.0,1.23,0
V6004,90.86,2.892,13.61,36.7,2367.0,92.2,93471.0,0.41,0
V6005,74.81,1.443,12.62,28.5,2272.0,78.7,59423.0,3.13,0
V6006,93.39,0.241,13.26,90.7,2051.0,73.3,6808.0,3.8,0
V6007,88.9,1.595,12.98,23.4,1794.0,88.4,43487.0,13.19,0
V6008,79.13,1.625,12.98,71.8,2480.0,,2050.0,4.5,0
V6009,83.87,4.488,13.31,37.0,1590.0,78.6,22050.0,2.35,0
V6010,105.1,,10.95,61.1,2664.0,65.9,23892.0,20.0,1
V6011,90.87,0.767,13.72,65.5,1773.0,100.0,86860.0,1.87,0
V6012,85.07,0.167,11.86,47.6,1618.0,54.6,8951.0,0.71,0
V6013,83.1,1.837,13.68,97.7,2901.0,70.9,46419.0,3.85,0
V6014,101.01,2.145,11.87,21.9,2247.0,55.6,9615.0,1.24,1
V6015,80.91,5.913,13.28,45.2,1248.0,86.3,133627.0,10.21,0
V6016,68.16,4.582,13.97,48.7,2194.0,86.2,33928.0,2.23,0
V6017,101.34,0.593,13.71,66.8,2506.0,,55428.0,0.65,0
V6018,86.24,3.213,13.49,46.7,2519.0,56.4,46800.0,0.61,0
V6019,102.83,5.284,10.79,18.7,1813.0,69.2,16285.0,4.2,1
V6020,84.54,2.787,12.78,95.3,1884.0,,104159.0,1.82,0
V6021,79.12,9.78,13.5,47.4,2282.0,76.0,44408.0,1.81,0
V6022,83.51,1.884,13.27,40.8,2719.0,99.3,32130.0,3.79,0
V6023,72.2,3.492,13.18,50.2,1542.0,84.9,33819.0,1.0,0
V6024,110.52,6.529,11.11,29.5,1571.0,86.4,99611.0,0.63,1
V6025,75.12,2.619,12.76,19.0,2885.0,74.9,2742.0,4.28,0
V6026,90.36,8.933,10.37,23.4,2809.0,100.0,22174.0,0.1,1
V6027,81.48,2.347,13.39,25.0,1729.0,76.7,82926.0,9.52,0
V6028,95.3,3.698,12.89,27.8,2006.0,85.9,1721.0,0.81,0
V6029,90.93,2.083,11.22,47.8,3254.0,91.5,45872.0,2.38,1
V6030,75.11,0.702,11.91,66.2,2640.0,74.2,23233.0,0.95,0
V6031,95.03,2.964,13.06,66.6,2175.0,78.1,10300.0,0.98,0
V6032,101.15,3.192,10.18,10.0,2771.0,66.5,42535.0,7.21,1
V6033,89.31,2.045,12.74,92.9,1959.0,75.3,80020.0,3.52,0
V6034,90.73,1.564,13.48,84.1,2279.0,97.0,28344.0,1.49,0
V6035,115.31,7.989,11.4,96.8,2045.0,92.5,7141.0,1.16,1
V6036,107.89,3.237,12.22,42.4,2554.0,85.3,16448.0,0.96,1
V6037,93.05,10.561,11.0,69.8,2551.0,88.7,179194.0,3.23,1
V6038,106.05,4.947,10.13,25.1,2312.0,74.4,5299.0,5.25,1
V6039,98.45,4.9,12.05,83.5,2452.0,89.2,7884.0,1.17,1
V6040,102.79,6.14,12.18,24.5,2768.0,72.7,208040.0,1.62,1
V6041,86.57,4.447,9.72,39.3,2433.0,50.5,96207.0,5.1,1
V6042,83.64,0.732,12.94,54.2,2313.0,100.0,55261.0,5.35,0
V6043,78.5,1.742,13.15,63.5,2413.0,71.9,7365.0,0.93,0
V6044,91.62,1.073,13.26,60.4,2806.0,90.8,12382.0,1.93,0
V6045,107.29,6.165,11.86,19.2,1738.0,69.6,8940.0,8.16,1
V6046,68.4,2.479,11.94,48.0,2408.0,34.6,44858.0,5.39,0
V6047,84.82,3.792,12.98,93.1,1257.0,73.9,22902.0,0.71,0
V6048,109.27,6.12,11.97,88.5,2059.0,47.4,2203.0,1.95,1
V6049,96.18,5.221,13.2,63.2,3143.0,86.3,15494.0,14.49,1
V6050,90.83,4.096,14.62,61.5,1805.0,71.6,88686.0,2.98,0
V6051,87.81,4.534,13.39,20.1,1384.0,93.3,71543.0,5.08,0
V6052,86.65,1.456,11.53,28.0,1727.0,78.5,46352.0,0.39,1
V6053,82.83,2.715,13.41,32.7,2556.0,59.5,4024.0,7.15,0
V6054,86.62,8.892,10.43,53.9,2134.0,85.0,96471.0,3.71,1
V6055,76.03,1.72,12.68,75.8,1697.0,51.6,34411.0,0.77,0
V6056,90.67,2.054,12.02,51.5,2804.0,70.4,30706.0,1.91,0
V6057,97.04,3.433,12.05,21.3,2414.0,47.0,122358.0,0.35,1
V6058,83.89,2.284,12.27,49.5,1622.0,80.3,500.0,6.0,0
V6059,94.59,1.941,11.06,24.6,2089.0,78.7,36526.0,5.46,1
V6060,93.85,4.933,12.03,77.6,3266.0,76.9,70497.0,2.7,1
V6061,93.38,3.327,12.98,25.0,2045.0,61.0,2961.0,2.41,0
V6062,98.57,5.39,12.06,53.4,1353.0,95.3,19885.0,2.49,1
V6063,74.27,6.258,13.2,72.4,2435.0,88.6,170711.0,0.15,0
V6064,90.95,,12.25,30.5,2391.0,78.5,10709.0,1.84,0
V6065,83.36,3.712,14.04,16.8,2866.0,,34089.0,0.55,0
V6066,85.25,0.178,12.38,60.7,2004.0,69.8,61681.0,0.82,0
V6067,97.86,2.163,13.02,14.9,2421.0,74.8,22271.0,13.09,0
V6068,,0.134,13.37,62.9,2323.0,,23582.0,1.21,0
V6069,87.31,2.275,13.41,77.8,2197.0,87.8,2941.0,2.64,0
V6070,81.11,5.53,11.63,39.6,2362.0,93.9,9488.0,8.75,1
V6071,83.24,1.599,12.04,54.0,2501.0,100.0,95641.0,2.13,0
V6072,,3.795,10.42,93.6,2475.0,69.8,76747.0,3.01,1
V6073,72.56,3.501,13.08,52.4,2659.0,95.7,16350.0,0.74,0
V6074,,0.1,13.29,99.7,1060.0,96.6,21636.0,1.34,0
V6075,98.73,2.193,12.16,24.1,1452.0,65.5,26125.0,2.82,1
V6076,85.33,5.213,12.69,73.8,2307.0,59.9,19105.0,1.82,0
V6077,93.3,0.715,12.46,68.7,2258.0,91.3,47748.0,0.16,0
V6078,87.68,1.184,12.67,88.5,1692.0,66.8,581.0,2.05,0
V6079,96.82,0.258,14.36,18.3,2033.0,64.0,95475.0,6.75,0
V6080,91.82,3.897,13.42,35.2,1787.0,87.2,16092.0,0.49,1
V6081,86.09,1.92,12.9,21.9,2494.0,54.2,92639.0,0.1,0
V6082,95.66,12.876,12.11,94.0,1754.0,68.3,27263.0,0.51,1
V6083,76.45,2.789,12.66,48.4,2307.0,47.0,67391.0,4.64,0
V6084,103.77,,11.76,91.9,2713.0,62.4,78635.0,6.33,1
V6085,103.6,0.459,12.17,36.5,1765.0,65.1,16133.0,0.2,0
V6086,92.22,1.671,11.29,21.4,1530.0,63.7,46015.0,8.74,1
V6087,89.04,0.992,13.61,36.7,1819.0,68.5,42075.0,3.95,0
V6088,85.68,0.203,12.8,63.7,1765.0,44.2,29083.0,2.92,0
V6089,79.29,0.693,13.37,86.1,2220.0,59.9,28533.0,1.17,0
V6090,70.43,1.492,12.66,44.7,1349.0,95.2,16386.0,1.86,0
V6091,79.35,1.679,13.18,92.3,3003.0,79.5,16710.0,11.75,0
V6092,73.86,3.457,12.71,32.0,1572.0,67.3,35748.0,9.7,0
V6093,115.64,7.687,11.45,72.4,1525.0,65.2,1476.0,3.93,1
V6094,84.08,1.648,12.24,76.2,2231.0,86.5,122086.0,3.46,0
V6095,82.23,,12.39,34.7,2139.0,76.3,47239.0,0.95,0
V6096,92.11,1.453,13.78,12.4,2886.0,58.2,26369.0,12.25,0
V6097,76.03,0.915,11.52,42.9,2063.0,67.0,2871.0,5.63,0
V6098,99.81,7.175,10.98,14.1,2057.0,56.4,44743.0,1.93,1
V6099,92.62,4.851,10.72,91.1,2524.0,64.6,806.0,6.77,1
V6100,93.23,1.029,13.21,95.8,2674.0,85.3,51256.0,0.95,0
V6101,89.01,0.874,12.71,76.2,1228.0,83.8,3388.0,0.96,0
V6102,86.99,0.397,12.32,75.4,2233.0,90.4,48033.0,6.26,0
V6103,85.62,2.11,13.74,31.7,3278.0,77.1,23431.0,3.28,0
V6104,88.2,1.242,13.63,16.7,1888.0,52.4,48896.0,3.25,0
V6105,104.24,4.66,12.14,82.2,2275.0,56.3,6708.0,3.41,1
V6106,76.76,6.328,11.93,60.3,2710.0,82.1,5619.0,0.54,0
V6107,85.37,0.869,13.18,71.3,2443.0,76.5,12791.0,1.72,0
V6108,76.41,0.554,13.11,80.2,1675.0,57.6,23859.0,3.4,0
V6109,85.65,5.482,12.6,46.8,2166.0,69.9,13128.0,1.14,0
V6110,81.15,2.277,11.83,23.0,1580.0,100.0,3851.0,2.8,0
V6111,116.47,6.112,12.14,81.6,1666.0,89.0,17689.0,3.26,1
V6112,84.68,2.609,13.46,50.8,2754.0,97.5,55051.0,11.45,0
V6113,84.76,,12.48,84.4,2628.0,57.3,39369.0,1.13,1
V6114,83.93,4.362,12.97,49.4,3093.0,100.0,148754.0,2.31,0
V6115,100.39,5.915,10.73,29.5,2662.0,67.2,25765.0,15.96,1
V6116,98.39,0.711,13.44,25.4,2129.0,98.6,18210.0,0.83,0
V6117,80.28,0.309,12.32,77.0,1693.0,80.4,53241.0,6.06,0
V6118,72.34,0.717,12.19,61.7,2899.0,84.4,23893.0,0.78,0
V6119,91.53,0.432,12.95,46.4,2513.0,85.4,43342.0,7.59,0
V6120,73.96,3.502,13.93,54.3,2600.0,76.5,131585.0,2.68,0
V6121,81.51,1.169,13.95,59.5,2487.0,83.8,31119.0,14.33,0
V6122,89.84,7.211,10.73,31.5,2793.0,59.7,31028.0,0.75,1
V6123,89.78,4.132,11.41,44.0,1438.0,73.1,67158.0,4.66,1
V6124,90.51,1.154,14.46,36.3,1593.0,86.7,63491.0,4.75,0
V6125,79.53,0.885,12.59,45.0,1764.0,,32677.0,5.08,0
V6126,82.81,1.083,13.97,55.1,2382.0,69.7,3011.0,0.43,0
V6127,84.89,0.562,13.59,25.6,1971.0,78.5,177848.0,1.36,0
V6128,102.74,9.264,11.39,45.4,2764.0,54.5,21318.0,1.65,1
V6129,85.78,1.853,12.73,44.7,2192.0,90.7,17137.0,1.57,0
V6130,105.01,5.209,10.77,35.7,3359.0,43.8,179663.0,4.5,1
V6131,101.89,3.942,11.82,99.9,3057.0,74.6,92555.0,0.23,1
V6132,104.21,5.541,12.5,16.6,2270.0,86.4,18036.0,5.24,1
V6133,88.63,0.995,12.02,67.9,1521.0,76.2,16588.0,2.99,0
V6134,72.34,4.539,12.9,25.7,2545.0,68.0,57437.0,0.76,0
V6135,85.4,1.551,13.98,85.6,1643.0,91.5,18312.0,1.03,0
V6136,93.2,4.435,12.06,92.3,1713.0,64.7,13032.0,0.41,1
V6137,106.2,7.455,11.58,46.1,2003.0,100.0,175306.0,2.46,1
V6138,79.46,0.981,12.01,84.1,1994.0,71.9,37532.0,3.61,0
V6139,79.73,2.726,12.4,32.5,2476.0,71.3,64691.0,3.48,0
V6140,85.91,5.822,12.32,22.6,2364.0,85.9,56181.0,13.12,1
V6141,89.29,1.148,13.08,38.4,1695.0,70.3,63389.0,1.4,0
V6142,103.64,5.431,11.13,40.8,2052.0,76.4,105168.0,5.74,1
V6143,81.74,0.661,13.38,45.8,1520.0,83.6,31261.0,5.14,0
V6144,92.26,1.139,12.68,43.6,2401.0,56.6,62995.0,0.25,0
V6145,95.54,5.948,13.71,47.0,1270.0,84.2,71713.0,10.64,1
V6146,,9.132,11.55,73.9,2083.0,,131666.0,10.71,1
V6147,95.68,8.956,10.91,32.1,1877.0,,56187.0,2.02,1
V6148,90.97,2.756,13.53,11.7,2473.0,69.7,100410.0,2.16,0
V6149,87.6,1.58,13.97,54.1,1796.0,55.3,4494.0,6.85,0
V6150,103.21,0.23,13.0,50.3,1775.0,100.0,6065.0,2.73,0
V6151,78.18,3.829,12.54,15.4,2398.0,77.5,7757.0,6.42,0
V6152,89.14,4.221,13.03,22.0,2425.0,65.2,7040.0,0.15,0
V6153,80.77,2.728,12.63,55.9,1677.0,77.1,4121.0,1.15,0
V6154,78.05,1.639,12.85,31.1,2494.0,100.0,5884.0,0.38,0
V6155,106.89,6.578,10.72,89.0,3428.0,60.1,247468.0,2.42,1
V6156,95.35,6.367,11.8,25.6,1964.0,84.9,14297.0,7.7,1
V6157,108.35,1.754,12.31,11.8,1586.0,61.3,29258.0,3.37,0
V6158,83.53,0.433,13.36,50.3,2228.0,82.2,77572.0,2.94,0
V6159,75.96,3.459,12.82,98.8,1509.0,65.1,5666.0,1.82,0
V6160,106.94,4.289,11.65,67.0,2071.0,72.5,17181.0,0.26,1
V6161,79.81,7.17,11.56,41.9,1947.0,77.4,7808.0,5.82,1
V6162,84.26,1.219,13.12,11.5,2546.0,94.8,2907.0,3.38,0
V6163,94.63,3.465,12.01,53.6,1322.0,52.9,145705.0,10.69,1
V6164,98.98,8.483,10.91,28.6,1411.0,100.0,87950.0,2.26,1
V6165,92.79,4.829,11.96,68.3,2391.0,46.2,95149.0,2.05,0
V6166,95.64,4.898,11.4,62.5,2471.0,79.9,91355.0,14.65,1
V6167,96.58,6.307,11.63,33.9,1126.0,75.9,7556.0,0.61,1
V6168,78.87,1.546,12.14,16.2,2960.0,73.0,69170.0,1.16,0
V6169,75.98,1.616,12.41,78.0,2638.0,75.5,58567.0,2.68,0
V6170,87.48,,12.79,62.7,1864.0,82.8,116812.0,2.97,0
V6171,74.81,1.599,11.62,85.8,2248.0,81.9,11142.0,3.18,0
V6172,96.89,5.689,11.26,33.4,1215.0,72.3,24053.0,0.95,1
V6173,77.04,2.178,12.71,68.8,2552.0,85.5,15726.0,10.46,0
V6174,100.94,2.896,11.84,20.7,1777.0,71.6,13423.0,4.86,1
V6175,99.41,2.432,12.36,36.3,2022.0,76.4,47549.0,1.2,0
V6176,74.59,0.758,14.21,69.1,2145.0,92.4,8058.0,1.39,0
V6177,70.18,3.502,12.15,84.3,2804.0,92.8,28131.0,8.49,0
V6178,84.0,4.242,12.7,38.9,2434.0,90.7,46812.0,1.91,0
V6179,103.77,5.685,11.96,81.9,2020.0,59.6,6282.0,3.25,1
V6180,86.75,5.84,12.31,71.0,1905.0,81.4,13366.0,0.51,0
V6181,81.43,4.769,13.05,41.4,2313.0,81.9,154008.0,1.16,0
V6182,83.39,2.461,13.38,88.9,2157.0,,71408.0,2.16,0
V6183,87.94,1.624,12.1,55.8,2079.0,86.9,50848.0,4.27,0
V6184,100.53,7.652,11.22,68.3,2203.0,65.6,87198.0,1.32,1
V6185,69.36,5.914,,54.6,2065.0,69.3,633.0,12.04,0
V6186,82.05,2.608,13.27,50.7,1417.0,36.9,500.0,0.99,0
V6187,86.71,1.348,12.51,86.3,2171.0,73.8,7524.0,6.04,0
V6188,77.66,3.264,14.1,36.5,2189.0,69.5,30767.0,1.81,0
V6189,118.43,6.03,11.75,13.3,2267.0,67.1,37976.0,7.17,1
V6190,79.92,0.883,13.47,89.2,1698.0,63.3,5431.0,10.26,0
V6191,,4.304,12.18,84.3,1800.0,98.1,3376.0,0.83,1
V6192,,4.227,12.06,43.0,3020.0,34.7,79299.0,2.7,0
V6193,89.56,5.069,11.69,26.7,1830.0,56.0,28102.0,0.67,1
V6194,70.23,1.299,12.99,70.8,2455.0,100.0,220145.0,4.89,0
V6195,81.57,4.929,12.85,17.1,1802.0,89.8,11723.0,7.14,0
V6196,93.24,4.141,13.12,48.1,1254.0,79.6,46884.0,1.97,0
V6197,82.3,1.503,11.74,17.7,2148.0,74.9,73423.0,2.02,0
V6198,89.15,9.545,11.88,63.8,2506.0,66.2,92733.0,0.91,1
V6199,97.65,7.405,12.05,12.4,2033.0,55.9,16458.0,1.46,1
V6200,82.35,2.617,11.73,66.6,1202.0,80.5,9665.0,1.57,0
V6201,92.8,3.532,11.97,70.6,1083.0,87.0,11534.0,0.68,1
V6202,99.17,3.366,10.84,53.8,2777.0,64.6,49448.0,1.48,1
V6203,105.63,3.309,11.33,25.8,2193.0,47.7,33248.0,9.51,1
V6204,122.02,5.804,12.19,19.1,2504.0,85.0,41120.0,1.57,1
V6205,91.62,0.326,11.89,38.2,2316.0,,933.0,1.28,0
V6206,100.51,4.921,9.85,51.9,1625.0,87.5,22315.0,1.94,1
V6207,80.95,3.789,13.33,67.8,2072.0,72.6,16708.0,12.9,0
V6208,76.79,0.767,12.64,10.1,1351.0,42.6,89707.0,5.79,0
V6209,85.5,3.328,12.76,74.0,2673.0,56.6,67377.0,0.9,0
V6210,98.07,5.516,11.77,74.1,2360.0,94.3,25262.0,5.59,1
V6211,76.37,,11.95,50.0,2570.0,54.7,44806.0,5.81,0
V6212,98.02,9.086,11.55,40.9,2845.0,85.5,2198.0,11.99,1
V6213,,4.469,11.73,85.8,2022.0,59.7,45632.0,8.87,1
V6214,104.65,1.824,12.63,80.6,1829.0,58.2,4602.0,0.4,1
V6215,89.03,0.636,12.45,98.5,2147.0,100.0,56332.0,2.42,0
V6216,105.87,5.95,11.54,43.5,2834.0,100.0,38382.0,4.86,1
V6217,101.25,6.093,11.85,91.6,1417.0,77.4,16082.0,14.5,1
V6218,80.89,2.123,12.32,17.9,2210.0,67.7,20852.0,0.36,0
V6219,75.41,2.45,12.62,47.0,2602.0,90.5,4249.0,1.84,0
V6220,113.36,4.275,12.26,51.9,2354.0,51.3,17540.0,2.71,1
V6221,85.11,1.198,13.47,49.7,2737.0,93.2,153292.0,2.13,0
V6222,83.2,2.176,12.69,66.3,1432.0,100.0,29965.0,2.43,0
V6223,77.57,0.473,13.21,25.3,2744.0,83.7,28931.0,1.84,0
V6224,122.11,3.152,10.89,88.0,1888.0,57.6,44648.0,14.11,1
V6225,76.41,3.049,,59.7,1152.0,97.9,29813.0,6.5,0
V6226,93.54,2.447,10.61,91.4,2037.0,79.7,19768.0,5.34,1
V6227,88.33,1.675,13.56,10.2,1781.0,72.9,6762.0,2.12,0
V6228,89.8,2.291,13.28,66.7,2118.0,60.5,44780.0,8.53,0
V6229,92.66,6.449,12.59,47.1,1440.0,57.9,62190.0,0.39,0
V6230,112.51,4.782,10.81,55.5,2138.0,92.3,115438.0,0.62,1
V6231,89.05,0.454,12.98,76.9,1913.0,73.9,500.0,12.32,0
V6232,76.55,7.495,12.9,30.4,3194.0,73.7,3104.0,3.35,0
V6233,82.94,5.162,12.83,28.4,2287.0,76.9,103350.0,0.69,0
V6234,87.46,2.403,12.79,73.3,2314.0,45.7,44882.0,11.92,0
V6235,105.06,5.331,12.62,56.9,2086.0,74.7,142558.0,14.73,1
V6236,73.82,1.082,12.73,31.0,2824.0,74.9,25362.0,8.53,0
V6237,94.62,1.993,13.18,53.6,2443.0,97.4,24256.0,1.09,0
V6238,86.44,1.025,14.45,51.4,2957.0,87.4,18990.0,1.31,0
V6239,91.7,3.182,12.49,72.2,2727.0,56.8,6935.0,2.09,0
V6240,98.0,12.349,11.75,10.2,2007.0,69.1,21412.0,3.46,1
V6241,78.26,1.494,13.15,62.8,2565.0,90.7,664.0,19.41,0
V6242,91.01,1.831,12.99,64.5,2607.0,55.5,32038.0,12.51,0
V6243,102.37,6.006,12.12,77.1,2672.0,100.0,84541.0,10.16,1
V6244,97.34,5.009,11.15,90.0,2401.0,74.4,17434.0,0.37,1
V6245,84.89,3.054,13.22,49.6,1528.0,83.0,4474.0,5.66,0
V6246,80.2,4.342,11.9,40.8,2185.0,68.4,163823.0,8.38,0
V6247,72.53,1.289,14.08,19.2,2256.0,68.2,6214.0,1.62,0
V6248,102.81,5.837,12.1,40.3,2235.0,61.2,33851.0,0.99,1
V6249,88.39,3.345,12.8,16.2,2774.0,98.1,74540.0,5.52,0
V6250,77.27,0.945,13.63,82.3,1878.0,83.9,13087.0,0.38,0
V6251,80.69,0.682,12.82,82.6,2268.0,60.5,82887.0,11.31,0
V6252,81.27,1.268,13.01,47.6,2165.0,85.6,36641.0,0.68,0
V6253,73.14,3.465,12.59,33.4,2542.0,89.1,18152.0,2.45,0
V6254,78.46,0.902,13.49,20.6,3105.0,91.2,90342.0,16.25,0
V6255,87.5,2.195,10.65,86.6,2511.0,79.2,43779.0,17.77,1
V6256,81.7,2.041,13.47,89.0,2478.0,77.6,42998.0,5.98,0
V6257,79.09,2.306,12.97,34.0,1690.0,61.0,31554.0,7.31,0
V6258,80.03,7.221,11.87,66.0,1428.0,95.0,14455.0,13.67,1
V6259,101.18,2.076,12.11,33.3,2328.0,85.0,16364.0,10.49,0
V6260,95.02,0.518,13.04,30.3,2107.0,89.8,4149.0,3.89,0
V6261,97.35,4.474,10.42,11.9,2430.0,46.8,12571.0,5.31,1
V6262,87.18,3.65,13.04,61.9,1894.0,89.3,14647.0,3.6,0
V6263,88.34,1.143,14.16,23.5,2901.0,75.4,2722.0,2.82,0
V6264,101.76,3.358,10.39,11.1,1602.0,87.4,5260.0,8.51,1
V6265,78.45,2.186,12.91,19.4,2102.0,57.0,14178.0,5.36,0
V6266,153.74,3.393,12.62,38.2,2004.0,100.0,50890.0,7.86,0
V6267,80.62,3.745,12.38,70.2,2749.0,65.2,9163.0,0.4,0
V6268,74.31,4.479,12.53,28.2,2084.0,92.3,33202.0,3.44,0
V6269,90.79,5.422,13.88,89.9,1911.0,71.9,31909.0,1.6,0
V6270,95.33,0.913,14.04,36.0,2240.0,100.0,80820.0,2.88,0
V6271,105.7,0.245,12.37,39.8,1806.0,79.5,42276.0,3.8,0
V6272,75.4,1.499,13.24,29.6,2189.0,100.0,112001.0,7.48,0
V6273,90.59,0.852,12.45,32.8,2135.0,73.9,44511.0,0.13,0
V6274,86.57,4.837,10.91,16.7,3645.0,58.3,1163.0,0.72,1
V6275,,4.386,10.03,36.5,1969.0,79.4,21620.0,10.18,1
V6276,73.24,4.3,14.28,87.4,2155.0,73.0,54036.0,13.68,0
V6277,74.9,2.401,13.66,72.0,2309.0,65.9,29007.0,0.23,0
V6278,78.79,1.185,12.61,88.8,2337.0,93.6,24466.0,1.61,0
V6279,85.63,37.35,13.17,19.4,2722.0,54.7,50101.0,0.1,0
V6280,79.87,3.476,12.76,51.0,3161.0,100.0,15142.0,5.67,0
V6281,102.01,3.888,11.96,30.6,1799.0,72.2,107849.0,4.58,1
V6282,93.22,1.587,12.8,74.9,2419.0,54.6,23984.0,3.33,0
V6283,97.17,4.257,10.81,97.3,2118.0,80.8,44890.0,4.71,1
V6284,97.95,1.794,12.6,83.4,2365.0,77.7,181623.0,3.09,0
V6285,88.33,0.965,13.36,13.2,2755.0,72.7,69271.0,1.09,0
V6286,75.26,2.534,14.33,38.5,3014.0,65.6,34132.0,5.62,0
V6287,95.91,2.712,12.83,12.6,2637.0,94.7,88279.0,6.12,0
V6288,89.89,2.305,10.83,13.6,2358.0,83.1,36989.0,7.7,1
V6289,101.09,7.245,11.86,17.2,2713.0,67.7,26225.0,12.32,1
V6290,111.04,3.319,12.39,34.9,1779.0,81.0,93021.0,5.51,1
V6291,88.65,1.148,12.82,37.4,1837.0,63.3,1239.0,0.22,0
V6292,73.03,0.64,12.76,46.0,2284.0,89.7,23551.0,0.1,0
V6293,77.65,0.548,13.05,46.4,2782.0,100.0,18903.0,5.39,0
V6294,102.03,4.477,10.38,79.4,2052.0,91.6,56343.0,0.23,1
V6295,83.65,1.146,12.67,22.7,2105.0,65.1,570.0,1.52,0
V6296,85.64,3.761,11.8,24.2,1209.0,60.6,48659.0,0.59,0
V6297,91.07,0.976,12.7,66.4,3394.0,76.5,19134.0,13.88,0
V6298,90.57,1.158,12.43,61.5,2085.0,50.9,4636.0,1.52,0
V6299,87.23,3.42,13.38,23.9,829.0,88.7,176792.0,0.23,0
V6300,83.33,0.775,12.56,86.7,2284.0,85.0,10735.0,11.95,0
V6301,82.5,1.385,12.78,39.6,2436.0,72.7,19325.0,3.75,0
V6302,91.86,4.964,11.71,43.0,2085.0,70.6,10440.0,0.15,0
V6303,89.43,0.11,13.61,47.8,1745.0,73.3,48811.0,7.17,0
V6304,82.94,0.523,12.35,39.0,2649.0,98.4,68653.0,0.66,0
V6305,106.74,8.672,11.49,60.2,2592.0,68.9,88682.0,6.49,1
V6306,96.13,5.177,12.81,45.0,2463.0,57.1,16763.0,3.69,1
V6307,78.19,2.526,13.47,33.3,1818.0,63.3,33458.0,0.78,0
V6308,78.93,0.524,12.33,91.4,1896.0,89.8,48980.0,5.59,0
V6309,87.04,3.539,11.75,37.8,2025.0,60.6,44683.0,2.42,1
V6310,90.1,2.25,10.41,72.9,1993.0,93.0,56649.0,4.07,1
V6311,109.09,7.247,12.0,41.3,2513.0,72.0,66082.0,8.15,1
V6312,78.56,3.958,12.53,49.2,2003.0,48.1,4615.0,1.21,0
V6313,86.51,1.253,12.39,31.2,1725.0,86.2,8293.0,1.82,0
V6314,82.28,4.827,10.96,77.7,2412.0,70.9,59646.0,20.0,1
V6315,93.48,4.254,11.2,76.3,3388.0,80.6,29140.0,2.84,1
V6316,72.92,1.818,14.21,12.0,1807.0,65.7,25062.0,3.27,0
V6317,83.24,0.942,12.63,15.4,1845.0,93.5,27350.0,1.34,0
V6318,83.45,1.391,12.28,93.0,2139.0,81.7,20937.0,2.15,0
V6319,104.89,7.406,11.14,90.0,2578.0,100.0,40239.0,2.79,1
V6320,86.79,5.015,12.99,55.5,2483.0,85.7,17575.0,1.2,0
V6321,75.41,1.498,13.07,54.4,2141.0,71.5,45578.0,1.09,0
V6322,93.67,5.368,13.19,83.1,1982.0,62.0,10190.0,3.67,0
V6323,86.68,2.751,13.55,22.5,3250.0,53.7,63789.0,0.81,0
V6324,95.12,4.532,9.73,68.8,2772.0,73.1,68464.0,3.22,1
V6325,96.58,5.286,12.1,52.8,3068.0,73.7,38879.0,4.9,1
V6326,80.86,0.995,12.45,76.9,2551.0,98.9,20743.0,0.88,0
V6327,100.71,5.475,11.98,12.7,2153.0,68.8,653.0,5.48,1
V6328,88.8,5.998,14.03,63.3,2399.0,90.2,5831.0,1.78,0
V6329,71.02,1.807,12.52,60.1,3103.0,73.4,3737.0,19.57,0
V6330,92.92,4.47,10.69,85.7,2457.0,100.0,500.0,15.47,1
V6331,82.96,3.419,12.39,70.9,1341.0,51.5,57642.0,6.41,0
V6332,100.89,3.095,11.23,89.2,2901.0,95.3,140629.0,1.68,1
V6333,94.55,0.983,13.76,89.9,2948.0,67.5,505.0,11.07,0
V6334,78.83,0.498,12.33,46.7,2819.0,88.4,5380.0,20.0,0
V6335,89.97,,11.61,22.4,1529.0,98.6,88693.0,2.48,1
V6336,95.86,6.862,12.49,66.7,2393.0,69.7,52486.0,3.81,1
V6337,78.59,0.66,13.37,88.6,2713.0,58.6,23342.0,0.1,0
V6338,87.02,3.983,11.19,16.7,2208.0,57.1,221994.0,0.18,1
V6339,110.19,4.84,10.39,60.2,2390.0,62.2,38359.0,2.78,1
V6340,76.57,1.046,13.55,20.3,2480.0,38.6,49835.0,3.76,0
V6341,102.21,7.728,12.42,12.4,1787.0,71.6,47652.0,1.5,1
V6342,71.38,0.474,14.02,71.2,2435.0,84.7,11337.0,0.42,0
V6343,80.51,2.771,13.83,71.4,1707.0,78.7,30135.0,6.1,0
V6344,92.59,5.799,10.84,64.1,2149.0,69.3,10974.0,2.17,1
V6345,103.09,4.68,12.25,87.3,1912.0,61.7,32052.0,4.19,1
V6346,82.8,0.824,12.56,17.3,2638.0,66.4,1407.0,4.2,0
V6347,67.39,1.2,12.01,19.5,2534.0,79.3,21654.0,3.17,0
V6348,69.01,0.308,13.07,87.8,2484.0,87.4,20950.0,0.79,0
V6349,85.27,1.286,13.89,55.3,2341.0,52.6,15516.0,3.83,0
V6350,89.91,1.439,13.4,34.6,2418.0,77.4,3714.0,1.55,0
V6351,102.44,10.066,12.32,76.4,3204.0,79.0,66325.0,6.84,1
V6352,86.34,0.373,13.17,90.5,2862.0,60.8,24548.0,0.86,0
V6353,94.3,1.795,13.32,72.1,1719.0,83.2,75684.0,1.38,0
V6354,86.89,6.085,11.56,81.3,1933.0,89.0,81280.0,2.32,1
V6355,105.13,9.272,11.05,35.4,2096.0,66.4,10813.0,5.39,1
V6356,71.94,0.427,12.56,36.0,2079.0,62.0,24616.0,5.1,0
V6357,77.76,6.71,13.07,87.8,1787.0,100.0,57440.0,1.64,0
V6358,70.54,1.559,12.93,65.3,2493.0,87.0,31146.0,2.86,0
V6359,82.8,1.57,13.0,31.1,2169.0,77.7,86917.0,1.07,0
V6360,84.63,0.674,13.63,57.2,2309.0,64.9,38143.0,5.89,0
V6361,85.91,2.112,12.85,71.7,1345.0,63.4,44690.0,0.88,0
V6362,89.24,7.672,10.87,29.7,1414.0,83.6,69596.0,6.84,1
V6363,92.47,,10.9,68.9,1929.0,62.7,5866.0,11.05,1
V6364,97.82,4.657,13.59,13.8,2504.0,62.0,39495.0,19.13,1
V6365,73.02,1.133,12.34,37.3,2439.0,73.0,4019.0,7.78,0
V6366,114.68,2.421,11.64,70.7,2704.0,84.6,13583.0,1.0,1
V6367,89.55,7.542,10.4,23.4,1850.0,100.0,10754.0,2.15,1
V6368,81.09,6.396,12.96,30.0,2543.0,78.6,37674.0,0.37,0
V6369,106.74,3.828,10.21,89.1,2965.0,62.7,83577.0,0.72,1
V6370,75.06,0.726,14.13,70.7,2663.0,71.0,6412.0,0.2,0
V6371,76.0,0.813,13.13,54.9,1554.0,94.6,65823.0,4.1,0
V6372,76.23,1.244,13.4,29.0,2754.0,93.0,6948.0,3.05,0
V6373,84.46,7.236,12.1,40.7,2363.0,93.7,9464.0,9.96,0
V6374,101.94,8.497,10.61,61.7,2427.0,90.2,111969.0,2.49,1
V6375,90.92,1.99,13.25,24.0,3448.0,100.0,500.0,4.11,0
V6376,120.08,2.72,11.12,53.4,2323.0,78.1,9881.0,2.05,1
V6377,67.0,0.223,13.27,46.8,2516.0,86.3,10925.0,7.08,0
V6378,89.87,2.337,14.26,52.9,2247.0,,14900.0,10.44,0
V6379,80.54,2.141,,19.5,2078.0,78.5,20323.0,2.26,0
V6380,80.31,0.648,12.73,19.6,2382.0,79.1,4900.0,0.35,0
V6381,80.04,2.707,12.61,96.8,1981.0,86.8,28438.0,0.71,0
V6382,77.73,3.88,12.54,98.1,2273.0,65.6,22938.0,5.1,0
V6383,105.64,,11.01,48.4,2049.0,51.5,44129.0,1.57,1
V6384,102.45,4.411,10.92,81.0,1161.0,66.3,90959.0,6.16,1
V6385,100.26,7.632,13.33,69.0,1954.0,90.9,15904.0,5.54,1
V6386,95.81,1.079,13.32,20.5,2678.0,71.8,35583.0,4.74,0
V6387,86.25,3.099,11.63,36.7,2460.0,82.0,20890.0,6.73,1
V6388,74.35,1.33,13.08,38.2,2083.0,66.0,1849.0,5.65,0
V6389,67.58,2.801,13.12,63.6,2249.0,90.6,77436.0,4.01,0
V6390,89.51,6.478,12.42,62.2,1797.0,73.4,45257.0,0.1,1
V6391,96.56,7.542,10.37,93.1,1851.0,73.2,500.0,2.9,1
V6392,85.82,4.051,12.98,81.1,2203.0,94.9,12920.0,3.62,0
V6393,96.88,3.356,11.15,87.1,2092.0,98.6,16632.0,12.94,1
V6394,73.71,3.169,12.77,90.2,1823.0,95.2,75097.0,4.2,0
V6395,105.43,4.171,10.97,82.1,2167.0,70.1,64354.0,3.43,1
V6396,,10.234,10.56,40.0,1644.0,66.1,22699.0,3.12,1
V6397,90.86,0.987,12.29,29.4,2987.0,61.3,7704.0,0.44,0
V6398,69.86,2.999,12.19,61.5,2648.0,52.7,21952.0,2.23,0
V6399,87.49,2.229,13.07,72.1,1114.0,61.0,74768.0,0.58,0
V6400,75.5,0.533,13.43,44.8,2619.0,62.3,27099.0,0.22,0
V6401,81.82,0.992,12.54,86.4,2014.0,56.1,5542.0,1.6,0
V6402,105.29,6.389,10.61,96.5,1927.0,52.2,1769.0,4.15,1
V6403,99.01,5.028,11.48,61.2,2577.0,55.4,18246.0,8.06,1
V6404,91.12,2.841,11.41,51.1,2128.0,74.2,7227.0,6.65,1
V6405,99.75,4.681,12.16,85.9,2006.0,81.6,61499.0,1.4,1
V6406,72.75,0.844,12.39,12.2,1536.0,80.3,14705.0,0.19,0
V6407,94.2,1.246,12.64,21.6,2658.0,67.2,94467.0,2.06,0
V6408,83.36,0.41,12.33,86.1,2718.0,69.8,43228.0,1.51,0
V6409,93.95,1.973,12.56,75.9,2281.0,80.5,22514.0,1.86,0
V6410,80.79,2.213,12.53,47.5,1617.0,77.9,42379.0,3.28,0
V6411,80.81,1.263,12.69,90.0,2351.0,83.4,15741.0,0.12,0
V6412,78.89,4.446,12.85,41.6,2521.0,60.6,6856.0,1.85,0
V6413,92.01,1.327,13.07,67.0,2187.0,100.0,149813.0,3.27,0
V6414,91.52,4.667,10.16,67.1,2641.0,84.5,37269.0,2.26,1
V6415,90.16,1.197,12.92,26.6,2285.0,86.1,500.0,4.4,0
V6416,90.04,5.965,11.09,35.6,2352.0,59.1,16718.0,0.82,1
V6417,69.19,3.267,11.95,92.4,2940.0,58.7,7821.0,0.67,0
V6418,88.88,4.023,12.1,26.5,1954.0,64.5,13439.0,1.47,1
V6419,75.57,2.688,12.6,25.6,1416.0,86.1,2580.0,0.43,0
V6420,98.69,4.254,10.22,53.2,2115.0,57.6,12652.0,1.08,1
V6421,75.48,0.643,13.34,18.3,1918.0,81.7,51701.0,0.36,0
V6422,92.41,1.477,12.85,90.5,1489.0,96.9,77319.0,2.06,0
V6423,84.27,2.977,13.27,19.0,2511.0,,19205.0,4.97,0
V6424,90.1,3.699,12.26,65.5,2200.0,61.0,33260.0,1.35,1
V6425,90.25,0.875,12.34,40.6,1289.0,64.0,1921.0,0.1,0
V6426,92.71,6.483,13.56,82.4,2973.0,72.5,4284.0,3.26,0
V6427,84.84,2.43,11.9,63.1,1836.0,89.3,36126.0,4.71,0
V6428,78.83,2.029,12.76,44.9,1892.0,90.2,82629.0,1.99,0
V6429,70.81,2.913,12.72,98.5,2671.0,87.0,4145.0,1.41,0
V6430,87.99,5.811,11.25,16.0,2414.0,45.8,24400.0,2.7,1
V6431,80.06,1.312,13.74,62.0,2746.0,72.2,158437.0,0.43,0
V6432,90.06,4.849,11.27,99.1,1110.0,61.8,60410.0,4.13,1
V6433,93.13,2.078,10.53,72.2,2057.0,81.1,9907.0,5.29,1
V6434,90.5,3.043,12.24,76.6,2267.0,88.5,15107.0,4.88,0
V6435,80.1,1.384,14.29,12.9,2851.0,67.5,132971.0,1.59,0
V6436,84.54,4.544,12.71,11.9,1778.0,100.0,11238.0,7.4,0
V6437,104.95,4.07,11.49,13.2,2030.0,61.4,26165.0,11.74,1
V6438,87.73,3.984,13.69,99.3,2270.0,83.0,19775.0,1.41,0
V6439,84.52,,11.93,98.2,2581.0,100.0,30304.0,1.22,0
V6440,80.18,3.487,13.83,40.1,1645.0,88.8,12148.0,4.87,0
V6441,94.3,4.277,11.61,36.2,2606.0,83.9,49665.0,4.93,1
V6442,78.2,0.35,13.31,23.1,1905.0,72.4,12031.0,2.86,0
V6443,80.67,4.317,12.71,39.6,2388.0,84.2,41470.0,10.27,0
V6444,101.08,5.424,9.87,43.3,2103.0,66.7,19926.0,0.63,1
V6445,90.83,2.665,11.7,77.3,2337.0,91.9,13034.0,2.6,1
V6446,74.2,1.106,13.57,88.0,2306.0,64.1,53435.0,0.14,0
V6447,108.43,4.986,10.05,77.2,2839.0,71.3,151168.0,0.22,1
V6448,87.56,2.456,12.31,68.2,2082.0,62.4,91594.0,0.22,0
V6449,73.74,1.73,13.74,78.9,2049.0,69.8,4088.0,2.71,0
V6450,81.47,2.809,13.24,76.5,2734.0,68.1,27265.0,3.56,0
V6451,85.89,1.493,13.28,52.8,2900.0,44.8,53403.0,0.1,0
V6452,111.82,8.252,12.2,40.2,2002.0,75.5,37212.0,4.0,1
V6453,76.14,1.593,13.28,35.5,2546.0,67.7,58317.0,2.69,0
V6454,92.81,3.695,13.09,71.1,1773.0,55.4,166216.0,1.01,0
V6455,96.2,2.062,13.67,96.3,2549.0,64.7,18853.0,0.1,0
V6456,79.97,2.58,12.77,62.3,2660.0,80.4,66307.0,0.68,0
V6457,82.78,6.347,12.99,92.1,2062.0,48.4,4446.0,3.67,0
V6458,76.71,1.34,13.5,11.3,2755.0,72.6,91723.0,4.3,0
V6459,83.37,3.524,12.54,81.5,2069.0,92.2,67816.0,4.17,0
V6460,84.71,5.386,13.85,86.8,2212.0,68.5,33119.0,0.66,0
V6461,90.28,3.433,13.17,66.8,2396.0,96.9,77425.0,9.69,0
V6462,99.22,7.605,10.95,94.1,1720.0,,49432.0,2.12,1
V6463,79.02,2.228,12.88,63.1,1521.0,80.5,36156.0,5.84,0
V6464,69.26,3.3,12.17,31.6,2340.0,74.6,131345.0,0.73,0
V6465,84.83,3.97,13.05,29.4,1829.0,75.1,6281.0,2.54,0
V6466,100.85,3.501,10.79,60.0,1590.0,82.3,223076.0,2.95,1
V6467,87.0,0.984,12.48,91.6,2584.0,100.0,7549.0,5.88,0
V6468,95.6,2.502,,16.5,2958.0,82.5,29442.0,3.89,1
V6469,97.45,8.203,10.83,64.4,2629.0,97.3,11844.0,2.04,1
V6470,97.12,5.24,12.89,79.3,1608.0,57.6,14280.0,1.33,0
V6471,88.05,1.129,12.78,20.4,2289.0,66.9,44965.0,14.44,0
V6472,82.01,4.644,12.15,20.5,2045.0,75.2,1590.0,1.34,0
V6473,91.82,5.509,,43.0,1774.0,95.2,127167.0,0.55,1
V6474,,2.081,12.41,34.6,2243.0,48.1,14759.0,1.43,0
V6475,98.09,1.097,13.55,27.8,2166.0,100.0,14318.0,1.58,0
V6476,95.48,5.474,12.01,27.9,2084.0,75.0,89635.0,0.55,1
V6477,94.37,3.904,10.69,21.8,2694.0,92.7,65136.0,4.93,1
V6478,81.14,1.62,13.95,65.0,2850.0,74.8,50125.0,3.86,0
V6479,93.79,0.897,12.92,71.9,2038.0,62.8,7121.0,1.52,0
V6480,100.68,0.575,12.22,73.3,2110.0,100.0,66060.0,19.85,0
V6481,88.6,4.724,13.71,57.9,2076.0,72.1,20137.0,4.26,0
V6482,85.66,1.768,13.97,95.8,2457.0,64.1,229392.0,4.86,0
V6483,85.29,2.647,13.6,89.2,2366.0,80.8,50061.0,3.26,0
V6484,65.93,1.283,12.54,96.2,1845.0,83.9,81326.0,3.21,0
V6485,,1.703,12.26,45.0,2136.0,80.0,59555.0,0.1,0
V6486,98.19,3.311,10.8,89.0,1452.0,81.2,40590.0,5.89,1
V6487,96.46,9.376,12.71,78.7,1414.0,80.7,56696.0,9.66,1
V6488,79.31,3.8,12.29,40.6,1610.0,93.5,40951.0,0.52,0
V6489,81.92,1.263,13.49,19.6,2074.0,75.8,2365.0,6.35,0
V6490,81.71,0.868,12.94,71.4,2506.0,65.3,19076.0,3.06,0
V6491,93.17,0.528,13.57,22.3,1809.0,85.8,17118.0,1.34,0
V6492,81.97,2.224,12.24,36.4,2137.0,38.0,56325.0,10.15,0
V6493,101.66,3.474,12.85,55.0,2309.0,,38629.0,0.1,0
V6494,101.11,5.198,10.79,71.2,2968.0,97.6,42429.0,1.28,1
V6495,74.79,1.416,12.5,93.4,2228.0,86.4,84474.0,8.7,0
V6496,83.97,1.692,13.44,63.4,2250.0,51.2,33529.0,2.62,0
V6497,79.79,0.845,12.33,70.4,1897.0,96.6,11081.0,3.65,0
V6498,67.44,0.983,13.17,37.9,3118.0,66.7,563.0,5.54,0
V6499,115.31,5.579,11.26,71.9,2582.0,78.0,7819.0,0.64,1
V6500,103.87,2.3,10.41,49.4,1644.0,94.4,1398.0,0.97,1
V6501,89.27,0.303,12.56,87.1,2949.0,65.7,12176.0,20.0,0
V6502,108.01,3.135,11.89,45.3,2558.0,77.1,45353.0,1.08,1
V6503,81.55,8.385,12.66,52.1,2317.0,55.4,7389.0,3.1,1
V6504,81.13,2.048,13.02,48.9,2530.0,72.2,3846.0,1.42,0
V6505,110.41,10.886,10.69,83.0,2768.0,57.5,159096.0,7.63,1
V6506,76.59,1.541,12.82,95.8,1823.0,82.2,260009.0,13.06,0
V6507,64.75,3.307,12.99,39.5,2005.0,53.2,45604.0,0.61,0
V6508,88.14,5.276,12.12,52.8,2181.0,73.7,5172.0,3.67,1
V6509,97.21,10.292,11.67,73.5,1580.0,66.5,77548.0,6.68,1
V6510,86.08,1.218,12.92,90.6,2565.0,64.3,34867.0,6.93,0
V6511,90.83,2.03,12.35,54.4,2062.0,91.5,9044.0,2.32,0
V6512,,2.033,11.87,19.8,2007.0,58.9,38578.0,1.02,1
V6513,100.44,4.554,10.61,43.2,1879.0,66.9,1808.0,1.96,1
V6514,102.03,8.039,10.44,59.5,2183.0,77.9,161663.0,5.56,1
V6515,72.85,5.43,11.88,47.6,2278.0,84.6,78683.0,20.0,0
V6516,89.04,1.194,12.99,26.8,2698.0,47.9,13597.0,3.23,0
V6517,90.01,,14.24,13.3,2712.0,72.3,24428.0,0.87,0
V6518,92.56,6.148,12.4,71.9,1633.0,86.4,22635.0,0.17,1
V6519,86.04,3.961,12.5,99.3,2430.0,100.0,88958.0,11.51,1
V6520,90.54,4.323,12.65,92.7,2815.0,75.5,19707.0,2.64,1
V6521,79.71,2.027,12.83,71.5,2089.0,54.0,2213.0,5.04,0
V6522,91.03,4.859,12.87,85.7,2115.0,74.8,10875.0,4.32,0
V6523,80.08,4.341,12.16,33.0,2002.0,67.8,10926.0,8.86,0
V6524,85.94,3.936,12.0,66.0,2469.0,80.1,134130.0,1.24,1
V6525,80.11,0.688,13.03,15.5,2344.0,100.0,115998.0,2.33,0
V6526,93.95,0.747,12.49,73.6,2690.0,57.4,16089.0,9.8,0
V6527,96.04,4.687,12.7,97.3,2144.0,91.5,500.0,3.52,1
V6528,83.57,2.865,12.53,87.5,2830.0,88.5,32748.0,0.3,0
V6529,84.12,1.565,14.71,58.1,2499.0,84.8,71808.0,0.87,0
V6530,95.34,0.906,13.24,81.0,2788.0,78.9,14076.0,1.08,0
V6531,94.07,4.994,11.52,95.0,1902.0,100.0,26015.0,20.0,1
V6532,95.52,4.885,14.16,29.4,2984.0,94.4,8536.0,1.02,0
V6533,86.68,1.61,11.63,81.4,1922.0,66.2,17847.0,8.15,0
V6534,83.72,1.23,12.83,34.3,1946.0,,64006.0,0.33,0
V6535,116.98,5.249,11.1,88.9,2003.0,58.7,25160.0,0.8,1
V6536,81.8,5.477,11.81,18.9,1950.0,95.8,26680.0,8.22,1
V6537,82.17,4.372,13.14,26.0,3147.0,75.7,70133.0,9.17,0
V6538,88.73,6.415,12.52,74.9,2461.0,46.1,64781.0,0.78,1
V6539,92.62,1.025,13.84,25.7,2448.0,38.1,9325.0,1.04,0
V6540,118.42,4.889,12.7,24.2,1254.0,66.6,24147.0,3.02,1
V6541,98.36,1.114,13.29,60.0,2843.0,62.4,85029.0,0.22,0
V6542,94.79,1.503,13.28,85.1,1681.0,68.4,27457.0,11.62,0
V6543,83.42,1.893,12.23,34.2,2182.0,71.9,48780.0,1.8,0
V6544,82.08,1.346,13.12,85.7,1848.0,94.4,16435.0,2.69,0
V6545,71.63,5.923,13.14,82.7,2320.0,96.4,2763.0,0.44,0
V6546,101.29,1.223,12.33,62.1,2967.0,100.0,8109.0,0.13,0
V6547,88.75,1.141,13.53,68.2,1719.0,100.0,23116.0,2.52,0
V6548,81.06,1.019,11.78,13.6,1841.0,84.4,19626.0,0.52,0
V6549,112.38,0.69,14.02,43.0,2270.0,54.0,101696.0,3.98,1
V6550,77.22,6.043,12.98,33.7,2985.0,87.0,35497.0,6.33,0
V6551,91.92,3.939,10.38,23.5,1988.0,51.3,44397.0,0.13,1
V6552,83.62,2.89,13.37,45.1,1842.0,80.0,52512.0,3.79,0
V6553,90.11,2.623,13.38,41.9,2282.0,52.7,34132.0,6.76,0
V6554,84.49,1.313,14.23,75.6,2204.0,100.0,66066.0,2.32,0
V6555,90.12,5.383,12.39,63.8,1688.0,80.8,68774.0,12.85,1
V6556,,5.471,10.3,92.2,1997.0,71.9,19481.0,0.47,1
V6557,93.39,0.548,12.84,23.1,1216.0,68.2,3987.0,1.56,0
V6558,94.31,4.434,11.52,15.4,2185.0,74.5,193245.0,1.05,1
V6559,91.2,25.41,13.45,58.1,1577.0,64.1,46303.0,20.0,0
V6560,76.64,1.279,13.85,10.1,3434.0,70.1,55536.0,1.39,0
V6561,84.79,1.259,12.21,80.9,2477.0,44.9,63605.0,1.96,0
V6562,80.0,2.289,12.96,55.5,2327.0,61.2,42716.0,7.53,0
V6563,104.18,6.99,10.78,53.9,2463.0,57.6,28646.0,10.63,1
V6564,95.54,5.213,11.85,42.6,1954.0,82.8,188007.0,11.11,1
V6565,90.52,0.996,13.25,43.7,2129.0,75.5,58531.0,3.27,0
V6566,110.95,12.55,13.13,48.8,2453.0,88.0,84142.0,4.35,1
V6567,110.62,6.686,10.83,11.4,1712.0,68.7,26066.0,1.72,1
V6568,96.38,4.773,10.5,17.5,2542.0,76.7,105819.0,3.74,1
V6569,77.01,5.134,13.24,55.5,3254.0,44.5,59280.0,1.44,0
V6570,100.15,3.786,10.82,23.5,1460.0,88.7,61692.0,5.48,1
V6571,97.6,2.359,12.44,80.1,2466.0,94.0,4092.0,1.47,1
V6572,102.29,6.341,12.51,34.7,1791.0,84.8,43241.0,8.46,1
V6573,82.0,0.996,14.28,18.8,2545.0,61.8,18373.0,0.62,0
V6574,77.16,2.886,12.71,31.2,2369.0,83.3,49754.0,3.39,0
V6575,69.34,2.235,14.29,42.1,3140.0,77.6,37792.0,2.94,0
V6576,88.48,4.835,11.16,13.2,3051.0,45.6,5304.0,1.22,1
V6577,99.57,7.764,11.87,22.8,1476.0,93.6,33975.0,0.11,1
V6578,74.21,1.967,12.7,39.1,2582.0,59.0,27006.0,0.64,0
V6579,85.13,0.699,12.38,37.9,2574.0,83.6,67414.0,13.76,0
V6580,112.67,2.417,11.81,82.0,2794.0,75.4,31430.0,11.34,1
V6581,93.18,0.651,12.97,85.9,2436.0,95.2,29527.0,0.51,0
V6582,98.15,0.466,13.77,27.4,2498.0,62.0,57202.0,1.88,0
V6583,104.66,6.467,10.85,21.2,1684.0,67.4,49698.0,2.5,1
V6584,94.34,2.177,13.25,67.1,2411.0,85.3,216462.0,2.6,0
V6585,97.35,5.77,11.4,82.4,2092.0,66.0,19521.0,1.42,1
V6586,79.85,1.384,13.65,96.7,2542.0,96.3,52465.0,9.77,0
V6587,63.09,3.632,13.56,10.6,2153.0,63.6,8236.0,9.57,0
V6588,112.39,,10.9,47.2,2424.0,83.8,73463.0,0.1,1
V6589,104.04,,12.2,76.1,2508.0,74.9,69413.0,4.2,1
V6590,80.57,2.805,13.9,84.6,2517.0,,58229.0,0.31,0
V6591,82.97,4.1,13.03,15.6,1828.0,94.8,5704.0,3.64,0
V6592,78.97,2.408,12.7,71.3,3409.0,59.2,197352.0,8.07,0
V6593,88.06,51.405,12.63,36.0,2327.0,,128605.0,4.19,0
V6594,94.0,0.691,13.51,16.7,2516.0,37.5,20798.0,2.53,0
V6595,71.06,5.637,12.86,54.0,2230.0,79.8,38751.0,12.67,0
V6596,148.28,3.644,13.22,24.2,1646.0,93.3,98874.0,5.49,0
V6597,82.79,45.18,12.83,76.3,2591.0,72.8,30712.0,1.15,0
V6598,95.09,8.641,12.46,76.7,2334.0,78.2,41139.0,1.96,1
V6599,88.67,1.575,13.09,85.8,2644.0,100.0,41599.0,5.71,0
V6600,83.49,0.819,13.86,44.0,1868.0,90.9,47146.0,0.1,0
V6601,84.17,0.656,13.83,11.2,2034.0,41.6,38558.0,0.26,0
V6602,97.06,3.126,11.64,33.4,2334.0,66.8,23435.0,7.85,1
V6603,109.37,5.979,12.1,52.1,2224.0,70.7,34893.0,0.18,1
V6604,98.03,3.284,11.32,72.5,2057.0,79.7,92312.0,4.54,1
V6605,86.76,5.402,13.16,44.4,2334.0,74.0,89814.0,1.54,0
V6606,74.83,4.661,12.53,58.2,2915.0,67.1,66636.0,6.99,0
V6607,91.14,2.594,11.66,57.2,2429.0,66.2,24058.0,7.52,1
V6608,92.19,3.085,13.18,24.8,2787.0,53.4,69374.0,12.26,0
V6609,85.3,1.118,13.31,66.1,2116.0,59.9,22085.0,0.4,0
V6610,97.76,,10.15,49.5,2227.0,87.6,49088.0,2.2,1
V6611,111.14,4.226,10.23,82.7,2322.0,59.3,37710.0,3.41,1
V6612,93.31,0.794,12.32,72.2,1978.0,63.0,16052.0,9.91,0
V6613,85.75,1.836,13.3,20.0,2326.0,53.1,27139.0,1.24,0
V6614,80.91,4.062,13.4,54.0,2984.0,80.8,79834.0,0.3,0
V6615,64.57,1.745,13.68,73.2,3072.0,89.4,109755.0,0.9,0
V6616,83.65,1.064,12.76,17.8,2888.0,92.4,10340.0,2.74,0
V6617,82.39,1.746,13.13,81.3,2353.0,69.2,27414.0,4.57,0
V6618,88.12,2.276,12.58,30.0,1840.0,74.0,25573.0,4.69,0
V6619,83.77,1.337,13.82,55.3,3423.0,75.4,30214.0,0.31,0
V6620,82.44,1.848,12.57,94.7,1943.0,68.7,169025.0,5.73,0
V6621,70.76,9.904,13.71,61.4,2962.0,79.9,32911.0,4.32,0
V6622,137.48000000000002,0.544,12.85,48.2,2383.0,92.0,79758.0,2.09,0
V6623,88.81,0.227,13.95,10.6,1684.0,89.9,49071.0,3.39,0
V6624,111.08,5.091,11.09,22.0,1459.0,72.5,5102.0,5.84,1
V6625,96.01,5.496,11.91,62.1,2895.0,67.0,53532.0,1.22,1
V6626,95.46,2.85,10.54,54.4,1913.0,57.7,46865.0,11.26,1
V6627,92.62,0.86,14.3,42.7,1570.0,48.9,63934.0,0.59,0
V6628,78.51,5.337,13.59,93.1,2066.0,83.2,3481.0,9.3,0
V6629,87.93,2.059,13.31,39.9,2197.0,75.0,12427.0,5.4,0
V6630,79.08,2.232,13.14,58.3,2385.0,75.1,65996.0,4.32,0
V6631,102.13,6.406,10.66,61.2,2360.0,100.0,20836.0,0.35,1
V6632,86.21,1.719,13.4,57.5,1834.0,98.8,108769.0,10.05,0
V6633,97.21,2.289,11.53,53.0,2201.0,75.6,32811.0,1.4,1
V6634,78.74,5.337,13.03,40.3,3059.0,,500.0,5.48,0
V6635,90.66,0.389,13.53,91.8,1674.0,58.4,54005.0,8.64,0
V6636,101.68,2.582,13.17,50.6,2435.0,84.7,32420.0,1.12,0
V6637,76.94,2.416,13.01,57.6,1673.0,78.4,17163.0,9.84,0
V6638,82.28,1.421,13.86,69.1,1994.0,61.8,929.0,3.79,0
V6639,86.85,1.779,12.51,16.1,2766.0,78.7,9971.0,4.3,0
V6640,91.29,5.024,12.01,80.3,1183.0,90.6,7931.0,9.84,0
V6641,80.52,0.993,12.52,56.1,3249.0,100.0,39344.0,2.99,0
V6642,62.34,3.421,13.09,69.1,1553.0,52.3,66048.0,2.32,0
V6643,95.87,2.011,13.42,79.5,1195.0,57.8,12031.0,4.01,0
V6644,91.08,3.168,12.55,88.7,2210.0,73.5,53839.0,3.23,0
V6645,86.14,4.94,,45.3,1985.0,78.5,103537.0,0.25,1
V6646,80.14,0.211,13.11,83.0,1891.0,100.0,43729.0,0.8,0
V6647,97.55,0.972,13.09,33.3,2521.0,93.4,67254.0,0.1,0
V6648,96.58,1.109,12.23,69.4,1737.0,43.9,10280.0,0.46,0
V6649,108.47,2.557,10.01,19.2,2485.0,68.7,3505.0,5.24,1
V6650,83.59,1.235,11.93,11.8,2614.0,52.2,20463.0,0.1,0
V6651,98.36,7.628,12.18,18.6,1514.0,55.4,55551.0,1.45,1
V6652,99.57,7.057,11.45,38.7,2713.0,83.8,52140.0,2.39,1
V6653,94.03,0.62,13.0,12.8,2587.0,77.1,139628.0,11.11,0
V6654,81.17,3.378,9.96,66.7,2976.0,99.9,44739.0,1.58,1
V6655,92.21,4.358,11.19,38.5,2203.0,53.9,23842.0,6.11,1
V6656,93.08,4.342,13.85,76.3,1783.0,74.6,71784.0,2.1,0
V6657,84.65,5.751,12.7,14.1,2827.0,66.9,7476.0,0.41,0
V6658,107.09,5.285,11.65,29.5,2224.0,98.6,75454.0,0.42,1
V6659,79.63,0.87,12.77,46.7,3111.0,61.5,20502.0,2.27,0
V6660,84.56,2.606,12.82,44.4,2555.0,78.2,7526.0,0.24,0
V6661,77.62,0.908,13.44,21.8,2187.0,54.1,7961.0,3.39,0
V6662,100.35,5.526,11.38,99.5,1759.0,96.7,184964.0,2.72,1
V6663,88.67,4.063,11.24,35.6,2148.0,100.0,43925.0,4.85,1
V6664,81.1,2.914,12.58,74.9,2669.0,64.5,8617.0,0.82,0
V6665,73.51,1.128,12.68,29.8,1446.0,62.7,14073.0,3.6,0
V6666,108.47,8.428,11.62,89.0,1997.0,79.0,20940.0,0.77,1
V6667,106.73,4.018,11.32,44.9,1393.0,62.7,2589.0,5.12,1
V6668,71.16,0.435,13.11,91.1,1679.0,92.2,5164.0,1.47,0
V6669,98.03,7.108,12.04,40.8,1894.0,81.8,64550.0,3.81,1
V6670,119.53,5.511,10.81,10.8,2065.0,94.0,69564.0,8.57,1
V6671,85.37,3.075,13.42,56.5,2377.0,58.8,199917.0,2.68,0
V6672,87.93,6.732,12.0,57.2,2551.0,54.4,3150.0,0.85,1
V6673,122.16,4.129,11.37,20.8,2892.0,80.5,98995.0,8.69,1
V6674,74.45,0.581,12.47,31.1,3002.0,100.0,17171.0,1.78,0
V6675,99.01,6.018,11.4,80.5,2793.0,61.0,17877.0,5.24,1
V6676,86.44,4.916,12.29,13.3,2010.0,81.9,6126.0,1.54,0
V6677,95.76,1.856,13.22,54.1,2317.0,65.1,193067.0,1.42,0
V6678,87.88,2.723,12.59,57.7,1919.0,90.9,178324.0,4.11,0
V6679,81.01,1.0,11.97,72.0,2325.0,61.7,90055.0,0.68,0
V6680,77.39,0.485,12.66,13.4,2120.0,79.1,4283.0,8.07,0
V6681,82.27,1.76,12.93,62.7,1629.0,91.8,82933.0,1.96,0
V6682,76.94,2.054,13.83,10.3,2926.0,54.8,45306.0,0.1,0
V6683,85.38,4.281,14.09,33.9,3054.0,84.0,6203.0,1.46,0
V6684,80.49,2.156,12.92,55.0,1821.0,69.6,13657.0,6.15,0
V6685,73.05,4.055,12.17,92.0,2460.0,87.7,52591.0,7.85,0
V6686,95.04,1.403,12.22,21.4,1843.0,80.5,73206.0,3.36,0
V6687,81.02,0.565,13.46,25.2,2160.0,68.7,84800.0,1.39,0
V6688,74.85,2.835,13.42,70.2,1934.0,73.6,35320.0,3.0,0
V6689,98.19,8.934,10.16,43.7,1886.0,47.4,34421.0,7.24,1
V6690,85.55,1.246,12.3,66.1,2295.0,88.1,51870.0,1.52,0
V6691,79.72,4.674,12.37,99.8,1292.0,100.0,67672.0,1.95,1
V6692,87.65,3.225,12.26,98.8,1939.0,66.8,8417.0,3.1,0
V6693,76.62,1.7,12.73,41.8,4208.0,74.4,60590.0,8.73,0
V6694,98.69,3.327,13.28,55.4,1429.0,98.6,18813.0,3.49,0
V6695,99.03,4.561,10.43,91.4,2010.0,48.1,21785.0,0.93,1
V6696,81.8,3.329,13.57,18.3,2344.0,82.6,3640.0,0.37,0
V6697,79.04,2.947,14.43,50.7,2110.0,100.0,39949.0,0.4,0
V6698,93.6,4.852,,44.0,1818.0,,4413.0,12.0,1
V6699,101.29,3.35,11.54,36.5,2684.0,66.9,109953.0,6.91,1
V6700,104.62,7.25,11.56,99.5,2275.0,94.9,43656.0,5.81,1
V6701,95.11,4.739,11.45,76.0,1888.0,58.6,208519.0,2.74,1
V6702,85.47,1.109,12.56,45.0,2629.0,87.9,12686.0,4.47,0
V6703,80.17,1.722,12.33,84.6,1936.0,80.6,51218.0,0.54,0
V6704,155.55,5.029,11.77,54.1,1763.0,92.0,150131.0,3.88,1
V6705,68.31,4.023,13.09,88.6,2494.0,73.1,15959.0,6.66,0
V6706,92.79,0.479,12.4,34.0,1546.0,98.0,4558.0,0.26,0
V6707,95.2,3.36,10.19,30.1,3079.0,69.2,45228.0,1.4,1
V6708,87.22,6.561,11.44,32.3,2958.0,52.9,20514.0,0.47,1
V6709,100.19,0.99,12.2,58.5,2473.0,51.9,14351.0,1.21,0
V6710,94.18,3.344,11.94,36.2,1909.0,58.6,227229.0,5.92,1
V6711,85.61,3.404,8.81,23.2,1666.0,85.1,63129.0,1.61,1
V6712,91.85,0.442,12.3,99.5,914.0,63.7,29896.0,4.68,0
V6713,88.18,6.234,13.85,91.0,3008.0,74.7,2308.0,5.94,0
V6714,95.19,4.47,11.1,67.2,1715.0,76.4,9572.0,6.79,1
V6715,88.19,3.424,12.35,90.2,2377.0,63.4,15972.0,8.27,1
V6716,102.44,5.806,10.89,94.2,2299.0,77.3,30054.0,3.64,1
V6717,82.91,8.602,12.62,70.8,1364.0,89.1,30945.0,1.32,0
V6718,89.45,1.88,13.66,56.7,1898.0,75.5,1127.0,0.65,0
V6719,69.76,0.473,12.66,89.4,1633.0,88.8,129194.0,2.8,0
V6720,102.4,5.295,11.11,61.1,2597.0,69.3,35219.0,0.44,1
V6721,110.85,3.378,11.59,21.4,2619.0,79.0,897.0,9.66,1
V6722,78.86,0.721,11.84,43.0,2078.0,76.5,54380.0,2.34,0
V6723,80.17,1.349,12.83,50.1,1779.0,91.1,3331.0,8.25,0
V6724,81.42,1.852,12.69,94.2,2294.0,81.4,57472.0,4.94,0
V6725,75.28,4.455,12.82,69.3,2754.0,65.4,54403.0,7.79,0
V6726,67.33,6.343,12.71,88.8,1459.0,82.3,188757.0,8.62,0
V6727,96.84,4.043,11.56,78.2,3256.0,60.7,18837.0,0.22,1
V6728,101.16,1.142,10.59,37.9,2078.0,81.1,7014.0,5.17,1
V6729,84.58,3.034,13.28,74.7,2141.0,74.5,4337.0,1.03,0
V6730,94.03,5.619,11.36,27.6,3001.0,77.2,3349.0,18.15,1
V6731,85.34,0.9,13.38,46.7,2172.0,74.4,74812.0,6.03,0
V6732,93.18,3.821,13.45,82.5,2147.0,65.9,57051.0,0.1,0
V6733,97.51,4.193,11.7,65.1,1743.0,64.0,167678.0,10.49,1
V6734,80.41,0.868,13.63,84.3,1911.0,91.2,16645.0,1.38,0
V6735,89.46,5.649,9.75,32.9,1847.0,100.0,73128.0,2.16,1
V6736,101.64,6.587,11.63,77.5,1317.0,79.1,4393.0,3.79,1
V6737,96.3,2.52,13.18,28.2,1160.0,75.5,105397.0,9.92,0
V6738,88.83,5.26,11.04,59.1,2084.0,56.6,2395.0,10.49,1
V6739,90.43,1.987,11.51,49.0,1509.0,48.6,69778.0,3.32,1
V6740,98.17,4.913,12.15,60.1,2526.0,50.9,16526.0,1.52,1
V6741,77.06,1.684,12.87,22.2,2090.0,83.0,8996.0,1.31,0
V6742,85.16,3.005,13.39,42.5,1402.0,48.4,54861.0,1.81,0
V6743,73.27,2.128,13.61,70.0,2962.0,84.9,101799.0,0.8,0
V6744,81.09,9.338,12.43,60.3,1987.0,58.5,65001.0,4.43,1
V6745,87.93,2.596,13.7,59.4,2458.0,77.4,16900.0,3.0,0
V6746,81.93,1.687,13.82,56.0,3022.0,68.9,19633.0,5.94,0
V6747,101.87,3.764,10.51,94.9,2183.0,59.1,9444.0,0.4,1
V6748,96.86,4.157,,94.1,2207.0,54.2,78193.0,2.04,1
V6749,77.19,2.676,11.52,42.4,2919.0,49.2,5097.0,1.1,0
V6750,93.41,4.147,10.67,41.7,2053.0,58.8,105086.0,3.06,1
V6751,75.14,2.304,13.73,59.9,2737.0,,41361.0,2.53,0
V6752,101.76,8.53,11.52,18.6,2163.0,94.6,39996.0,2.39,1
V6753,74.15,0.675,13.24,37.3,2285.0,77.7,81858.0,1.52,0
V6754,83.43,1.776,,30.8,2278.0,69.5,49555.0,5.19,0
V6755,76.66,0.494,13.74,30.1,2015.0,66.2,16324.0,2.63,0
V6756,89.56,2.371,11.79,67.5,1933.0,76.6,19352.0,0.9,0
V6757,82.35,0.552,13.21,44.6,1874.0,66.4,8551.0,3.17,0
V6758,80.85,0.66,,25.4,1552.0,66.3,28068.0,3.63,0
V6759,104.36,7.559,11.67,89.9,1977.0,82.3,5252.0,0.1,1
V6760,85.24,1.184,13.58,88.7,2067.0,59.9,47634.0,0.91,0
V6761,89.13,0.866,12.16,87.6,2404.0,37.8,8343.0,1.11,0
V6762,77.15,4.694,13.64,45.2,2154.0,66.2,89757.0,1.14,0
V6763,73.76,0.86,11.71,15.1,2739.0,96.8,54248.0,1.09,0
V6764,85.86,2.565,12.46,19.6,2716.0,50.6,99950.0,1.27,0
V6765,,2.62,12.92,34.8,2873.0,56.4,4097.0,1.22,0
V6766,90.01,3.649,13.13,29.8,2099.0,65.5,72091.0,8.62,0
V6767,93.73,2.756,10.12,88.7,1944.0,51.0,95715.0,1.54,1
V6768,96.14,5.153,13.15,98.8,1516.0,97.6,2052.0,1.72,1
V6769,72.01,1.196,13.45,83.5,2854.0,76.5,300000.0,1.24,0
V6770,100.11,1.026,14.14,75.7,1623.0,48.3,16092.0,13.72,0
V6771,95.5,5.512,11.47,63.0,1749.0,73.1,10706.0,3.07,1
V6772,101.12,2.616,11.31,79.3,2313.0,74.4,24119.0,3.77,1
V6773,93.07,5.095,10.66,95.2,2046.0,71.4,500.0,5.32,1
V6774,87.46,0.467,12.75,64.1,2924.0,72.5,97683.0,1.62,0
V6775,74.58,2.326,14.31,23.9,1816.0,73.1,14069.0,13.87,0
V6776,88.62,5.208,13.03,24.7,2215.0,79.6,33178.0,0.66,0
V6777,101.97,10.785,11.66,62.5,1274.0,80.6,43965.0,2.45,1
V6778,85.23,1.369,13.83,40.0,2816.0,52.5,70464.0,0.63,0
V6779,104.51,8.171,11.16,91.9,1362.0,75.9,12958.0,6.25,1
V6780,75.14,1.008,13.32,65.0,3444.0,77.7,56827.0,0.45,0
V6781,79.52,0.486,13.31,70.9,2141.0,65.8,5633.0,3.23,0
V6782,101.02,2.798,11.41,10.5,2056.0,100.0,54819.0,0.44,1
V6783,112.59,6.736,12.06,54.9,2184.0,73.8,113263.0,2.41,1
V6784,100.76,4.762,11.57,48.8,1663.0,82.6,3999.0,1.32,1
V6785,100.19,3.725,11.51,73.5,2529.0,68.3,5584.0,9.34,1
V6786,84.14,3.397,12.66,44.4,1996.0,70.4,36661.0,0.22,0
V6787,106.29,3.195,11.48,97.9,2044.0,80.1,2138.0,4.2,1
V6788,71.02,2.827,14.11,70.3,2843.0,54.2,9338.0,4.75,0
V6789,85.76,1.683,12.27,69.4,1340.0,86.2,9493.0,8.79,0
V6790,72.0,7.103,12.23,92.7,2102.0,56.5,29535.0,8.41,0
V6791,80.02,3.802,10.88,99.6,2145.0,88.2,12855.0,15.1,1
V6792,90.69,4.725,11.62,27.8,2269.0,,29041.0,1.17,1
V6793,86.12,0.511,13.57,82.9,1922.0,100.0,33139.0,1.29,0
V6794,82.72,7.831,13.79,24.6,2040.0,89.7,59028.0,2.03,0
V6795,84.15,,11.75,51.1,3125.0,,131338.0,3.09,0
V6796,127.44,8.405,11.16,19.0,2450.0,77.2,31530.0,1.83,1
V6797,93.43,3.768,10.7,66.1,1810.0,90.1,19733.0,5.39,1
V6798,104.83,4.443,10.87,52.2,2526.0,86.4,13471.0,0.1,1
V6799,94.62,9.945,12.23,66.6,2223.0,45.9,45311.0,0.1,1
V6800,87.36,1.187,12.76,71.0,2571.0,61.9,128846.0,5.04,0
V6801,83.09,2.338,13.31,65.7,2098.0,61.0,65102.0,8.59,0
V6802,81.72,72.765,11.84,36.5,1796.0,63.3,10386.0,5.99,0
V6803,116.27,5.305,10.2,85.3,1366.0,71.1,100700.0,0.5,1
V6804,94.42,0.494,13.82,59.7,2776.0,82.7,59848.0,10.93,0
V6805,86.09,1.341,13.84,54.1,2542.0,92.6,6161.0,2.95,0
V6806,66.57,2.483,,98.8,2378.0,84.1,56141.0,5.42,0
V6807,82.11,,13.24,35.5,2524.0,93.6,15371.0,0.9,0
V6808,106.62,3.267,12.61,57.5,2818.0,59.2,30424.0,3.18,0
V6809,83.15,0.969,13.1,71.4,1358.0,67.4,16065.0,1.6,0
V6810,106.0,9.118,12.64,21.3,2242.0,71.1,3951.0,14.72,1
V6811,104.18,4.327,10.65,41.9,1295.0,65.0,65859.0,2.57,1
V6812,92.51,6.493,12.56,82.2,2003.0,58.2,79391.0,5.64,1
V6813,89.79,,10.07,31.3,2365.0,80.9,11877.0,3.7,1
V6814,65.52,2.373,13.34,54.4,2024.0,64.5,12328.0,0.4,0
V6815,90.47,0.742,13.39,66.8,3081.0,87.1,25292.0,3.13,0
V6816,78.48,4.93,13.22,70.4,2054.0,56.7,75082.0,3.11,0
V6817,86.41,1.288,13.26,75.5,1815.0,88.0,3619.0,5.03,0
V6818,75.0,2.717,13.31,87.9,2216.0,78.2,74429.0,1.55,0
V6819,82.88,2.322,13.34,45.4,1682.0,78.2,115216.0,7.88,0
V6820,85.27,2.314,12.8,73.6,1762.0,78.7,37098.0,3.9,0
V6821,87.15,0.45,,75.9,2668.0,73.8,2803.0,0.16,0
V6822,76.08,1.198,12.18,37.0,2695.0,74.0,14134.0,4.91,0
V6823,94.58,2.698,13.44,97.1,2279.0,70.9,5314.0,9.5,0
V6824,80.22,0.477,13.78,87.9,2505.0,79.5,13506.0,4.6,0
V6825,71.6,1.677,14.05,36.1,3244.0,83.3,75157.0,1.91,0
V6826,91.04,4.822,10.62,70.8,2171.0,68.2,2577.0,3.57,1
V6827,85.28,3.154,11.97,74.6,1767.0,95.8,15022.0,0.75,0
V6828,86.28,2.135,13.23,48.8,2468.0,69.5,32744.0,3.68,0
V6829,108.24,5.276,11.0,87.7,2618.0,64.5,93231.0,2.78,1
V6830,83.11,2.404,13.34,72.1,2667.0,72.7,12945.0,0.11,0
V6831,95.05,2.977,10.15,69.2,2772.0,63.5,67795.0,1.55,1
V6832,94.11,4.086,12.24,29.9,2697.0,82.0,39422.0,0.85,1
V6833,91.56,1.329,13.09,46.7,2460.0,72.9,50767.0,1.98,0
V6834,86.47,2.673,11.85,49.1,2518.0,86.0,89047.0,1.11,0
V6835,81.64,1.733,13.18,76.0,2405.0,74.1,1205.0,7.19,0
V6836,73.0,10.111,11.47,65.7,1405.0,73.6,33951.0,4.79,1
V6837,96.56,0.711,13.31,17.7,1341.0,68.9,61885.0,5.39,0
V6838,75.18,2.613,13.48,37.7,1673.0,87.4,97172.0,1.79,0
V6839,80.27,2.92,11.55,52.6,2610.0,71.4,6406.0,0.1,0
V6840,87.87,2.097,12.72,76.3,1981.0,79.0,18797.0,0.99,0
V6841,75.43,1.554,12.95,76.9,2268.0,90.7,3682.0,5.63,0
V6842,73.05,1.966,12.82,54.1,2982.0,73.7,81063.0,3.69,0
V6843,68.01,1.976,12.79,20.5,2742.0,73.5,87636.0,3.09,0
V6844,90.77,5.594,13.63,36.4,1114.0,71.5,29738.0,1.32,0
V6845,80.64,0.327,11.96,32.9,2565.0,77.9,946.0,0.32,0
V6846,108.42,0.918,12.83,80.3,2228.0,87.1,4851.0,6.15,0
V6847,91.14,5.298,10.88,26.2,1872.0,86.7,44060.0,0.16,1
V6848,77.63,4.11,12.93,51.8,2036.0,82.4,182357.0,0.24,0
V6849,80.48,,12.41,70.4,2043.0,93.1,82148.0,1.4,0
V6850,86.95,0.757,14.29,96.8,1544.0,76.2,71960.0,3.4,0
V6851,81.24,1.788,13.59,99.9,2322.0,96.1,24355.0,19.43,0
V6852,89.9,0.924,14.33,95.8,3288.0,90.7,189628.0,0.38,0
V6853,77.17,1.798,13.38,74.6,2708.0,65.2,78427.0,2.56,0
V6854,73.95,0.94,13.46,77.2,1187.0,86.8,18403.0,3.68,0
V6855,70.61,3.19,13.0,78.3,2346.0,47.2,62112.0,6.93,0
V6856,67.21,0.964,13.94,87.6,2346.0,93.0,25495.0,4.68,0
V6857,80.86,0.399,13.34,95.7,1703.0,73.9,48607.0,6.6,0
V6858,82.59,3.198,12.89,50.1,1595.0,63.3,157876.0,2.96,0
V6859,79.95,1.998,14.11,47.5,2649.0,48.8,12733.0,2.28,0
V6860,109.93,2.959,9.99,51.4,2252.0,73.0,71314.0,3.86,1
V6861,104.07,5.093,11.45,69.4,1961.0,93.2,40163.0,9.25,1
V6862,82.32,2.173,14.69,79.8,2501.0,78.6,134782.0,3.2,0
V6863,81.46,5.288,11.24,88.3,3259.0,,6498.0,3.72,1
V6864,80.47,0.552,11.42,51.1,2329.0,72.2,57237.0,1.65,0
V6865,80.2,0.962,13.61,42.7,2346.0,94.9,1704.0,3.63,0
V6866,79.74,1.559,12.39,98.5,2189.0,85.5,12739.0,3.95,0
V6867,79.42,0.894,12.66,30.9,2004.0,74.4,17411.0,5.6,0
V6868,79.77,5.572,14.53,30.0,2610.0,89.0,25474.0,3.4,0
V6869,81.91,0.962,13.99,74.4,2104.0,86.9,151246.0,0.88,0
V6870,79.92,2.057,14.2,26.2,2450.0,61.7,3150.0,3.49,0
V6871,86.67,2.796,12.64,45.9,2950.0,69.8,8330.0,1.41,0
V6872,87.88,4.47,12.83,36.3,2572.0,96.3,10213.0,0.37,0
V6873,77.71,6.158,13.13,25.2,1563.0,,24824.0,6.98,0
V6874,95.17,7.754,13.52,62.2,1534.0,100.0,2818.0,0.27,0
V6875,77.16,4.324,12.79,43.6,2827.0,84.0,151401.0,4.0,0
V6876,72.06,3.878,14.13,51.6,2144.0,64.4,36929.0,17.86,0
V6877,88.05,0.807,13.29,27.6,2330.0,74.7,75518.0,0.37,0
V6878,78.46,2.914,13.89,79.1,1804.0,86.8,66627.0,0.99,0
V6879,97.49,3.558,10.78,38.3,2508.0,74.9,48656.0,5.72,1
V6880,65.77,1.642,12.75,40.8,3144.0,75.9,105646.0,0.41,0
V6881,96.14,1.429,,32.7,2276.0,100.0,104702.0,7.15,0
V6882,101.17,3.815,10.36,49.1,2524.0,71.4,6152.0,0.1,1
V6883,,1.246,13.63,51.7,2823.0,79.8,104493.0,8.83,0
V6884,73.17,0.918,13.64,57.7,3040.0,78.9,33395.0,0.28,0
V6885,98.38,0.327,12.86,97.1,1860.0,88.7,14043.0,10.2,0
V6886,100.17,7.34,12.86,91.4,2407.0,78.9,42200.0,8.0,1
V6887,90.59,4.286,13.33,64.8,2838.0,76.9,14839.0,3.1,1
V6888,66.87,2.088,13.63,13.5,2977.0,100.0,29341.0,6.02,0
V6889,82.19,1.886,13.39,65.1,1988.0,73.5,76284.0,0.31,0
V6890,83.18,4.094,13.78,18.1,1865.0,86.0,1473.0,0.58,0
V6891,90.72,2.235,14.01,73.9,2123.0,55.7,9100.0,1.84,0
V6892,,5.045,13.91,45.1,2040.0,75.0,141160.0,3.08,0
V6893,91.19,7.468,11.85,85.4,2061.0,73.6,26503.0,8.11,1
V6894,101.57,5.852,11.69,94.8,2406.0,73.9,16265.0,3.13,1
V6895,93.05,4.541,12.82,47.5,1930.0,49.2,115541.0,4.38,0
V6896,72.43,2.537,12.97,51.4,2980.0,69.7,108969.0,4.56,0
V6897,107.24,4.033,11.32,63.1,1998.0,62.0,2036.0,8.4,1
V6898,85.3,3.774,12.13,27.7,1899.0,91.3,20257.0,6.0,0
V6899,93.73,2.042,13.22,93.5,1615.0,62.0,109791.0,15.09,0
V6900,84.44,3.316,12.59,49.0,2829.0,84.4,8918.0,0.1,0
V6901,81.67,3.897,10.68,25.0,1553.0,85.1,38847.0,0.93,1
V6902,88.75,4.481,12.0,78.6,2429.0,66.1,17406.0,10.66,1
V6903,93.48,1.135,12.84,29.7,2547.0,62.2,60028.0,6.29,0
V6904,77.85,7.578,13.13,22.9,742.0,70.8,7753.0,1.24,0
V6905,92.54,6.524,11.36,60.7,1546.0,69.0,40791.0,14.64,1
V6906,97.47,3.002,10.83,70.4,2011.0,60.3,500.0,8.16,1
V6907,61.8,4.519,13.07,61.3,3147.0,70.6,13100.0,0.27,0
V6908,113.37,3.186,10.89,69.1,2011.0,79.7,7962.0,6.67,1
V6909,92.55,4.204,11.97,20.4,1948.0,57.1,10598.0,6.14,1
V6910,89.05,0.256,14.19,52.8,1825.0,72.1,88612.0,1.0,0
V6911,84.31,3.198,12.28,42.1,1817.0,67.1,110822.0,4.43,0
V6912,107.16,3.362,11.28,97.6,1882.0,76.4,63298.0,14.06,1
V6913,88.25,1.264,14.25,14.5,1864.0,100.0,40134.0,4.51,0
V6914,83.12,0.659,12.53,36.8,1843.0,52.3,11811.0,6.72,0
V6915,77.85,4.026,13.2,94.8,1842.0,73.4,14454.0,0.42,0
V6916,91.38,7.098,,98.5,2009.0,79.2,16691.0,5.2,0
V6917,70.01,3.562,12.13,84.2,2675.0,67.4,67527.0,0.92,0
V6918,108.97,7.079,11.6,16.8,1639.0,80.5,13119.0,0.3,1
V6919,76.21,2.355,13.25,60.5,1877.0,53.1,163190.0,3.21,0
V6920,95.02,2.205,12.66,46.0,1940.0,69.7,71636.0,5.55,0
V6921,86.29,0.983,12.32,82.6,2200.0,35.0,300000.0,3.17,0
V6922,97.48,2.355,11.05,15.0,1819.0,71.4,27660.0,10.73,1
V6923,85.66,2.171,13.53,27.7,3238.0,56.5,40048.0,4.76,0
V6924,70.98,2.562,13.54,54.0,2492.0,79.7,14808.0,0.5,0
V6925,78.11,2.55,13.39,24.2,2687.0,96.2,41656.0,10.9,0
V6926,90.38,2.822,12.77,72.3,2319.0,79.1,164062.0,0.66,0
V6927,106.83,5.776,,83.9,2902.0,73.9,1388.0,5.68,1
V6928,94.45,2.101,13.79,73.4,1628.0,67.2,15367.0,0.64,0
V6929,96.18,2.66,,49.6,1921.0,70.8,14864.0,20.0,1
V6930,94.09,5.01,12.44,89.1,1792.0,71.0,181717.0,1.61,1
V6931,78.63,3.222,12.9,22.4,2114.0,75.2,6404.0,2.74,0
V6932,85.82,1.58,12.12,33.4,2992.0,82.2,75295.0,2.52,0
V6933,66.49,3.23,13.32,54.1,3300.0,63.5,14444.0,0.43,0
V6934,98.39,2.188,,15.5,2677.0,92.2,88669.0,2.72,0
V6935,88.53,0.783,13.57,18.6,2151.0,71.8,30102.0,0.65,0
V6936,94.82,8.698,14.33,45.8,2760.0,75.2,12484.0,6.48,0
V6937,72.36,1.517,12.77,94.9,2942.0,94.3,55663.0,12.71,0
V6938,94.96,,12.22,91.8,2788.0,43.1,82913.0,6.6,0
V6939,102.85,1.125,13.9,51.9,2133.0,36.8,28581.0,2.26,0
V6940,74.43,0.153,13.1,22.8,2146.0,80.8,56328.0,0.1,0
V6941,91.17,1.618,12.46,26.0,1871.0,75.1,9017.0,0.15,0
V6942,85.01,4.98,14.12,44.0,2077.0,97.3,124847.0,2.73,0
V6943,72.64,2.328,12.64,28.9,1800.0,58.1,4564.0,4.55,0
V6944,101.77,,10.07,17.5,2168.0,82.3,11293.0,6.85,1
V6945,91.67,1.933,13.36,70.6,2188.0,69.6,15308.0,3.66,0
V6946,87.16,4.682,11.03,62.3,1768.0,89.2,7459.0,15.32,1
V6947,94.33,1.55,13.61,36.2,3543.0,42.2,23491.0,2.72,0
V6948,71.67,3.854,12.31,80.1,2348.0,71.0,27540.0,3.67,0
V6949,73.04,2.584,13.15,79.8,2846.0,85.9,32897.0,1.05,0
V6950,86.09,0.876,13.19,54.2,2800.0,63.1,1874.0,1.66,0
V6951,85.2,3.78,13.16,18.7,3171.0,74.2,11129.0,4.6,0
V6952,79.27,4.667,,92.7,1746.0,75.7,74206.0,3.68,0
V6953,91.48,2.644,12.88,70.2,1927.0,80.0,74876.0,1.85,0
V6954,89.25,1.679,13.82,32.2,1293.0,58.7,18022.0,0.48,0
V6955,98.88,3.086,12.06,64.9,1391.0,67.7,27826.0,1.68,1
V6956,98.93,6.928,10.72,46.5,1695.0,82.4,9120.0,0.18,1
V6957,,4.07,11.62,67.2,2124.0,86.2,77704.0,3.48,1
V6958,81.43,2.15,12.25,52.6,2153.0,77.6,141265.0,1.56,0
V6959,101.43,0.709,,53.7,3788.0,69.9,15498.0,1.91,0
V6960,78.5,,12.89,76.2,2452.0,76.4,68534.0,3.42,0
V6961,101.84,0.533,13.06,65.2,2685.0,87.6,19551.0,3.48,0
V6962,101.36,4.925,11.49,17.2,2271.0,78.0,500.0,3.55,1
V6963,74.0,1.275,13.28,15.9,1544.0,57.3,41202.0,2.71,0
V6964,108.92,3.926,12.37,37.5,2348.0,58.1,23774.0,2.68,1
V6965,86.01,4.27,12.98,48.7,1393.0,75.5,63928.0,6.89,0
V6966,91.81,3.243,14.28,34.8,2110.0,50.1,62161.0,2.52,0
V6967,94.79,3.699,12.5,68.6,2524.0,86.9,131371.0,3.07,0
V6968,96.46,8.199,11.35,27.6,1906.0,61.1,25917.0,17.77,1
V6969,89.2,4.494,12.27,73.4,2296.0,57.7,29645.0,0.8,1
V6970,92.81,1.453,12.77,79.6,1899.0,100.0,23018.0,5.18,0
V6971,99.83,4.289,10.71,21.2,1647.0,67.3,15854.0,2.56,1
V6972,90.49,3.361,13.24,68.6,2444.0,79.3,45705.0,7.1,0
V6973,67.77,0.687,13.7,96.5,2722.0,84.0,79221.0,2.07,0
V6974,88.58,5.139,13.09,27.4,2721.0,96.8,7729.0,1.44,0
V6975,79.89,1.409,12.47,91.8,2079.0,66.1,180382.0,0.93,0
V6976,98.23,0.734,12.75,64.5,1112.0,77.7,51813.0,8.23,0
V6977,89.98,1.457,13.32,63.2,2244.0,73.2,68158.0,5.07,0
V6978,86.92,1.537,,14.7,2835.0,100.0,300000.0,0.32,0
V6979,102.79,4.875,11.58,77.3,1543.0,44.7,31556.0,5.0,1
V6980,77.01,1.778,12.44,53.0,3090.0,72.6,3328.0,0.14,0
V6981,97.99,4.172,13.72,74.9,1171.0,74.7,70292.0,0.8,0
V6982,116.83,5.488,10.99,82.8,2399.0,73.3,92076.0,3.59,1
V6983,88.14,0.725,12.93,57.1,2615.0,53.3,7975.0,2.49,0
V6984,113.46,4.241,11.46,33.7,2934.0,47.2,1100.0,7.34,1
V6985,80.45,1.261,12.18,22.7,2430.0,51.9,6569.0,3.74,0
V6986,99.41,4.687,10.73,24.4,2037.0,87.9,17618.0,13.41,1
V6987,85.33,1.867,13.9,88.0,2284.0,74.7,116133.0,7.73,0
V6988,88.48,93.165,12.96,21.1,1859.0,48.6,500.0,1.66,0
V6989,97.59,,11.75,44.6,1205.0,96.5,73287.0,7.19,1
V6990,103.65,6.166,11.69,40.1,2079.0,100.0,86851.0,8.16,1
V6991,87.45,0.231,13.64,87.9,2446.0,79.5,74983.0,13.99,0
V6992,90.89,5.764,11.09,53.0,2713.0,81.4,3861.0,0.1,1
V6993,103.8,3.229,12.63,99.7,1957.0,76.3,51161.0,8.31,1
V6994,91.91,1.36,13.14,76.3,2939.0,65.6,138466.0,0.29,0
V6995,86.37,1.507,12.74,86.6,2116.0,47.5,5771.0,3.0,0
V6996,107.06,8.642,12.97,18.9,2439.0,58.8,1449.0,2.14,1
V6997,75.26,0.846,12.87,32.8,2573.0,74.2,93095.0,10.1,0
V6998,88.74,1.721,12.64,22.2,2227.0,83.6,46595.0,2.08,0
V6999,75.64,0.578,12.29,51.7,2155.0,71.5,46786.0,3.63,0
